temperature,humidity,soil_moisture,rainfall,soil_type_enc,crop_type_enc,irrigate,litres_eau
36.2,58.84,44.43,49.628460876827404,1,4,0,5.3
29.39,53.28,40.12,17.05948915983274,2,7,0,25.3
31.09,53.5,30.38,41.23282161964517,3,5,1,16.9
31.74,56.28,31.1,38.8409089041904,3,8,1,19.3
30.96,71.01,55.69,19.35043702407414,3,5,0,14.1
31.35,68.81,41.39,49.28900092057232,0,5,0,5.0
30.47,54.41,29.6,22.157976988286386,0,10,1,28.1
23.83,52.78,20.0,5.755005022248944,0,7,1,38.7
31.64,51.55,63.79,19.860616171545303,2,9,0,10.6
33.91,63.82,41.45,34.2156470330767,0,10,0,10.3
28.75,56.3,63.61,11.40391664367018,4,4,0,13.7
28.56,43.97,24.88,21.376618803001545,2,9,1,29.6
23.65,42.79,40.9,28.366578098674104,1,5,0,17.2
36.82,59.9,37.21,16.840847059465062,0,6,1,30.2
28.71,45.53,37.59,46.86629294036516,1,0,1,5.1
32.56,72.74,47.31,19.509296084047655,2,2,0,19.3
37.97,62.65,56.53,45.58544047319583,3,2,0,5.0
34.72,67.85,69.81,6.6013860392873935,2,0,0,15.3
36.46,63.12,40.28,31.957784321230175,0,7,0,14.7
33.44,59.53,70.0,32.12552764856705,1,1,0,5.0
25.05,57.08,55.46,17.829888778099868,1,9,0,14.1
28.63,44.44,45.65,22.3529040540163,4,10,1,18.4
29.35,67.05,31.67,4.595253046771991,0,1,1,35.7
26.91,53.87,31.06,32.31865001245733,2,2,0,16.9
37.14,69.78,61.72,34.691215785814784,4,2,0,5.0
28.54,55.75,38.08,46.77340593909649,1,8,1,5.7
31.58,72.67,27.01,17.515100790910466,1,3,1,28.3
31.55,43.6,51.07,19.410232968885495,3,1,1,18.4
28.65,55.95,65.2,24.976253712880748,2,10,0,5.0
35.86,73.75,44.57,45.052977688806095,2,2,0,5.0
29.47,59.72,59.54,48.69196482317521,3,10,0,5.0
26.3,56.35,38.58,38.43964408782655,2,8,1,11.6
26.35,63.69,58.47,10.315246194341665,2,9,1,16.1
35.55,67.27,37.82,3.2138381403985674,4,7,1,34.4
33.13,59.46,51.97,36.050759057586404,4,2,0,5.0
23.72,61.19,42.73,21.559185731715942,3,7,0,18.0
28.33,61.2,58.57,25.03551414486277,3,10,0,10.5
23.92,57.89,54.22,40.26785920943081,2,7,0,5.0
21.47,45.29,43.45,9.635705654263283,3,7,0,19.8
26.51,50.69,57.11,44.3789053727173,4,8,0,5.0
29.9,41.0,54.27,35.36109416283239,3,5,0,8.5
36.89,66.29,60.84,47.279507019624525,3,2,0,5.0
33.2,73.6,53.85,26.187948357707697,4,8,1,11.5
32.94,58.34,26.77,40.50647194092266,4,9,1,15.5
30.61,69.73,64.16,19.3882994499675,2,6,1,12.3
23.59,48.13,28.61,23.703887312629345,4,8,1,20.6
21.95,50.68,43.79,6.13448529270681,2,9,0,29.3
25.43,54.6,33.36,20.577703733114227,1,6,1,27.1
37.39,69.61,67.14,17.002579484309216,3,4,0,12.3
26.79,61.62,45.64,49.41367487127132,4,2,0,5.0
30.38,63.18,56.23,27.444108432998494,2,9,0,7.6
26.32,61.03,28.0,49.66835321680734,0,5,0,9.6
28.21,57.07,40.54,21.453696044534205,4,6,1,18.0
27.52,62.28,31.71,10.79915368938289,4,7,1,32.2
29.32,47.61,44.18,45.02422713390912,2,10,0,5.0
30.62,46.34,61.19,41.3331735147565,0,0,0,5.0
26.6,59.53,54.76,48.528821090059324,0,3,0,5.0
34.58,67.63,40.3,38.116870663659476,3,2,0,13.1
28.0,54.0,47.0,23.754560475432392,4,0,0,14.4
35.94,62.93,28.98,4.2038406956718735,3,0,1,40.0
32.98,67.67,45.92,21.276621640920396,2,0,0,18.6
29.99,45.6,70.0,1.1676389533910037,1,0,0,15.6
38.17,66.45,68.55,8.835357876896444,2,1,1,15.9
30.33,55.01,27.78,38.72716416593858,2,9,0,15.8
21.55,59.81,42.69,17.474094530598478,1,10,0,20.1
24.21,66.11,50.17,9.316374807311817,0,2,0,21.7
34.2,73.24,20.0,27.345149852106722,1,3,1,27.6
27.0,52.82,49.08,15.561122046513814,2,6,1,17.6
29.0,67.64,61.06,24.585193026051954,0,8,0,7.4
28.43,58.72,43.9,39.08836558008553,4,8,0,8.7
37.66,74.6,28.6,47.993749011491396,0,4,1,8.9
40.0,65.06,37.28,12.689748502003928,3,8,1,28.4
29.8,52.93,39.95,47.212118579126866,0,8,1,7.7
33.97,73.31,26.07,23.684418295894545,4,10,1,30.0
26.86,60.39,30.72,13.782447997021974,1,3,1,29.0
22.88,46.03,22.86,4.401451357199115,0,5,1,38.2
26.11,59.94,70.0,45.559385011707036,2,5,0,5.0
35.19,65.14,22.12,26.81007631644868,0,2,1,32.5
28.11,45.22,66.38,38.93117876193479,3,3,0,5.0
23.64,54.21,33.68,35.135142834534165,1,0,0,13.1
27.05,50.17,43.61,37.49392679970095,2,4,0,8.7
24.07,54.47,28.69,42.922462598889,2,7,0,13.3
35.49,70.58,34.23,10.963474630943715,1,3,1,31.4
29.68,55.95,57.79,1.4191195296384407,3,1,1,17.5
31.56,58.38,47.62,32.472080946338814,3,3,0,8.0
23.69,44.73,48.52,3.3005316455731903,3,7,1,28.6
38.09,65.45,47.28,41.296493080924634,2,0,0,5.0
38.27,60.33,37.69,17.557089920174597,4,1,1,26.9
32.08,71.52,31.79,19.171228212076937,0,3,1,25.4
39.5,68.84,59.07,12.235436215994538,4,5,1,20.5
31.38,57.13,37.26,29.792232426206137,0,2,1,15.3
28.39,51.88,59.74,19.93887040654563,2,5,0,8.0
26.86,50.54,67.65,48.89100532441394,2,7,0,5.0
26.0,52.0,39.0,49.25113314420143,1,7,1,5.0
27.6,56.81,32.67,12.5074228892193,4,7,1,28.0
33.21,64.79,31.54,42.0784985204226,1,8,1,13.1
30.63,63.88,38.71,42.9411974766974,2,6,1,5.0
25.29,59.98,64.0,42.76307300378471,3,6,0,5.0
26.81,58.78,49.15,43.09611063573514,1,5,0,5.0
30.2,64.88,52.82,46.86662693698586,1,5,0,5.0
25.38,51.53,63.5,7.095191069667262,4,2,0,11.8
30.21,53.36,54.28,47.38662318921275,1,5,0,5.0
21.4,45.95,67.15,21.515378043978263,2,1,0,5.0
26.69,61.8,55.35,23.720701076087458,4,6,1,11.5
21.82,52.68,30.79,38.127611199841475,3,5,0,14.9
34.71,54.08,46.09,22.75658996177138,2,4,0,19.3
26.03,60.45,46.4,41.39517043520964,0,0,0,5.0
36.19,77.04,57.3,18.323660121073164,0,2,1,18.0
26.57,57.0,70.0,10.001473301251673,0,5,0,7.5
23.15,45.26,35.54,2.2648817984643577,3,7,1,33.4
31.04,66.34,43.48,14.93924782910293,3,7,1,22.8
35.76,52.2,41.09,20.623435752275427,4,3,1,21.1
28.71,56.73,35.54,12.395850271265896,1,9,1,25.1
30.4,55.73,55.43,31.185975078150165,4,8,0,5.9
24.37,53.17,55.48,1.123499464324823,3,10,0,24.0
33.56,69.13,30.78,4.805948204261274,1,5,1,34.9
27.52,52.42,36.15,18.792340962713705,3,3,1,30.0
37.57,63.17,70.0,39.81585328806663,2,3,0,5.0
22.39,59.45,42.31,20.927315630345056,3,7,0,18.0
32.38,55.82,40.91,31.354635666531205,4,5,0,13.8
38.87,66.29,56.82,48.06232237674028,0,4,0,5.0
35.12,62.3,40.87,15.634116893709638,0,9,0,25.1
30.94,49.05,21.4,32.538486295945596,0,6,1,25.8
33.73,55.28,55.87,22.3611297965956,4,10,1,16.2
37.8,71.38,52.18,1.4064501605061952,3,5,1,30.1
21.48,45.7,31.28,44.40603577195653,0,9,0,6.8
25.4,51.85,40.41,4.9349966814811905,1,0,0,27.5
33.48,65.81,38.6,11.367414219687088,0,3,1,30.8
37.17,73.45,62.33,48.874483299438296,0,4,0,5.0
34.52,54.84,20.39,8.621174455614971,3,4,1,42.3
38.05,68.85,57.68,16.19858485533629,0,10,1,15.1
26.4,59.16,66.66,23.142488660332894,1,10,0,5.0
25.41,49.09,44.03,29.599162857164472,4,0,1,10.0
24.97,47.28,41.8,17.878471050416746,0,7,0,22.1
33.37,66.5,35.42,28.505451302270945,0,7,1,14.4
30.35,73.19,41.73,48.29459443412255,4,2,0,6.0
36.91,57.36,46.79,37.27901746379479,0,0,0,8.6
31.08,59.06,47.05,11.338291573903398,4,9,1,21.5
25.87,58.43,64.21,23.797570140549844,2,0,0,9.5
21.33,49.11,41.38,40.325630436861374,1,9,0,5.0
38.64,57.63,62.51,17.103774897244516,4,4,1,13.2
28.78,45.77,50.49,40.395476061713026,2,2,0,6.8
27.7,62.14,37.45,30.176662961177254,4,10,1,16.5
27.05,69.98,52.83,40.589591152639834,2,1,0,5.0
24.68,58.73,43.06,28.59517051334091,4,4,0,12.3
24.0,59.32,44.9,27.09443300596126,3,10,0,12.6
30.41,66.28,57.05,37.49945895410855,0,4,0,5.0
33.25,55.48,47.7,49.91140628772129,4,4,0,5.0
27.4,42.62,64.2,38.712264853628305,3,2,0,5.0
30.0,60.0,40.0,32.90326023810909,4,4,0,14.3
31.78,59.11,44.18,31.864308892706468,0,7,0,12.2
29.74,63.49,44.31,31.32770676087569,4,10,0,11.2
35.88,65.43,51.08,48.32523826840198,1,5,0,5.3
33.83,56.14,43.31,32.52812789348373,3,6,0,10.9
26.7,56.64,48.14,4.932954701992198,0,0,0,23.1
20.28,44.28,64.04,33.96350865335636,0,3,0,5.0
25.75,44.84,61.62,41.424595673883566,0,3,0,5.0
21.82,45.06,32.09,9.243140342550316,3,1,1,28.3
23.56,43.25,20.0,16.68748193411017,0,1,1,31.1
30.73,58.57,39.43,28.884226659318664,3,6,1,16.0
27.82,57.43,30.84,22.555868233757685,2,1,1,22.3
23.88,54.05,34.53,18.135689380784676,4,8,1,22.6
25.84,57.48,40.97,0.2050737570737704,3,7,1,32.5
32.35,60.72,43.59,36.533139745353765,3,4,0,12.7
20.53,53.88,68.8,10.12052970594366,3,9,0,8.9
30.76,67.49,42.88,0.8522330250468502,4,2,1,29.4
26.85,50.76,39.26,7.3327016658466695,2,4,1,31.9
29.67,60.0,70.0,49.363137001567544,3,9,0,5.0
21.52,61.31,30.52,30.69591161626964,2,2,0,16.9
28.82,61.83,41.27,12.603176054406779,3,9,1,25.3
33.32,78.29,41.09,1.7456304204787054,4,8,1,32.6
31.93,53.26,30.3,46.21229349691338,1,10,1,14.7
26.54,45.74,70.0,15.249447466945176,3,9,0,6.0
39.29,62.84,52.03,35.463104316811425,3,4,0,8.8
25.51,63.32,68.32,18.210373694339122,1,3,0,8.6
29.07,58.16,32.93,12.886688875782887,1,8,1,31.4
27.88,56.24,25.31,33.48110023384303,0,9,1,23.1
24.01,50.76,23.95,13.533319317781483,1,8,1,30.9
32.61,50.77,63.48,34.444832819650614,3,2,0,5.0
28.74,45.6,40.97,17.04094952131771,0,3,1,21.3
35.77,67.17,42.53,8.774998958727242,0,3,0,29.2
27.64,45.49,55.3,28.474364940349954,4,2,1,5.6
25.21,46.78,31.12,49.86962715670327,1,5,1,6.5
22.69,51.37,61.27,26.547795401640673,4,5,0,5.0
26.17,50.41,34.14,32.891175766115595,1,9,1,13.8
35.46,68.5,33.83,38.66517009791737,3,6,1,16.8
29.8,59.73,35.64,34.120144612921074,3,0,0,17.7
26.79,43.38,41.56,46.96676483679549,1,5,0,6.1
30.45,47.88,24.31,2.012891636552905,3,4,1,43.0
34.46,67.55,53.28,20.11618471320316,0,3,0,13.7
36.02,69.03,54.45,2.9072337578867846,4,0,1,26.2
26.5,61.3,48.77,3.530560310135039,2,8,1,26.8
32.52,57.58,57.94,6.342817600613909,1,3,1,23.2
25.94,50.12,26.04,39.43311195628836,2,8,1,16.3
35.36,64.36,36.49,30.964542526931588,2,10,1,18.8
37.12,73.59,58.49,29.58536290224638,3,0,1,7.1
32.06,61.93,57.19,21.52117179856666,1,4,0,12.4
21.84,58.1,32.37,40.457312729650546,2,10,0,8.9
25.84,58.46,68.74,33.35799376273677,2,9,0,5.0
23.99,48.68,20.0,39.04973527565044,1,5,0,22.0
30.74,66.87,53.32,37.586256780081115,4,10,1,5.0
32.69,69.21,22.19,13.191879405742208,0,8,1,35.8
29.36,64.39,20.0,24.96617640779465,3,9,1,30.2
24.48,64.2,53.94,30.74357804169422,3,7,0,8.2
29.99,62.52,49.88,42.186448309163595,0,7,0,5.0
30.07,53.75,28.21,33.324603067873326,4,7,1,19.3
22.08,55.41,30.32,49.79087287721807,3,9,0,7.0
32.94,51.34,51.7,28.371594042627642,1,3,0,15.4
35.29,66.87,60.63,14.635822939164417,4,10,0,17.3
27.46,63.46,32.44,11.996677081242362,4,5,1,27.5
35.51,53.67,32.47,40.70465723937418,1,7,1,16.4
27.83,53.18,51.26,0.2337366856772216,1,3,1,29.0
26.62,54.93,36.24,22.531057310787244,2,8,1,24.0
27.44,55.75,27.49,40.253098101046156,3,7,1,13.0
28.35,58.1,36.8,0.9032228572653789,2,2,1,36.5
28.67,61.38,48.54,5.81391235872239,0,3,0,28.3
27.24,70.93,28.75,23.601976635918387,1,3,1,25.6
38.91,64.93,39.42,31.643825381210128,4,7,1,20.7
28.09,61.48,39.32,45.21300232835475,0,9,0,5.0
34.51,77.0,52.89,46.999360287631916,0,6,1,5.0
30.34,70.27,32.51,16.18543353002515,2,2,1,25.6
35.39,55.43,61.72,21.688839486776253,3,5,0,11.5
31.62,53.17,41.08,19.325569598902675,1,3,0,22.8
34.28,70.67,55.22,31.03614065480548,4,9,0,9.4
38.97,61.93,48.53,23.11073533280277,0,9,0,19.3
39.48,79.62,45.0,11.893132261582018,3,3,1,26.8
31.54,65.06,37.86,30.052016724710484,2,10,1,16.3
28.65,59.24,40.45,35.48531669810025,1,0,0,10.1
29.73,58.45,60.67,25.712793191630645,2,1,0,6.1
30.73,64.04,58.01,14.058625483913445,0,1,1,15.0
27.11,57.8,49.87,16.01595756391706,1,7,0,18.4
28.72,60.25,48.31,27.262596300491147,0,10,0,11.4
34.33,62.47,37.74,40.97655095015774,3,9,1,10.1
30.58,56.52,48.44,21.73786269188835,4,9,1,19.6
31.58,72.23,37.14,29.705587911094362,2,2,1,18.7
31.1,59.38,64.58,26.80527440952244,0,4,0,5.0
32.36,54.03,43.93,24.386494287030285,3,3,0,20.2
27.98,42.2,60.29,15.568106894706995,1,7,0,16.9
34.81,60.62,53.89,39.53439561999843,1,0,0,5.4
28.91,60.07,39.93,13.289457985845354,0,0,1,26.8
30.84,47.62,28.08,33.889818217082976,3,4,1,20.9
32.82,51.28,43.6,16.26746169842072,2,5,0,23.3
27.17,66.27,40.8,3.116288757603003,4,3,1,30.4
28.7,59.26,46.42,12.101566257827978,0,7,1,24.7
26.32,57.24,34.69,11.929443030689779,3,2,1,27.7
32.59,67.68,50.11,0.9287982479173951,4,5,1,28.0
29.68,74.89,47.11,45.15918189025711,4,0,0,5.0
26.43,46.63,42.08,14.913353274124697,4,3,1,22.3
32.54,58.92,43.95,47.848777334461914,0,8,0,5.0
30.78,59.71,47.46,38.15618515920409,0,10,0,7.5
30.78,58.79,47.7,22.26420270062625,1,8,1,15.5
28.71,64.1,44.78,15.91142195434525,2,3,0,20.5
29.26,45.19,22.33,41.85903680627008,3,5,1,14.6
32.28,51.98,66.27,38.683464519760136,3,0,0,5.0
35.37,75.72,32.49,42.40757587837641,3,5,1,11.9
22.17,47.78,43.03,27.418670602109597,1,6,0,12.0
28.72,45.24,39.24,38.217854697936254,0,10,1,9.8
23.57,58.87,21.5,11.43110094427649,1,9,1,35.5
31.72,71.9,41.1,12.400127193145627,1,5,1,26.4
27.23,57.59,62.86,28.018116419334383,2,6,0,5.3
23.13,55.8,33.99,8.664008978224997,2,8,1,28.7
27.23,45.13,46.5,24.989938066699953,3,4,1,12.5
30.31,61.48,37.51,26.646771726975548,0,3,1,17.5
35.37,57.59,60.56,4.525823515023436,2,1,1,22.9
27.16,55.4,35.51,16.27572019151983,2,5,1,27.1
27.44,54.73,62.9,25.11939893039325,1,3,0,6.7
40.0,68.47,49.84,35.242880565819455,3,3,0,11.1
27.4,63.02,52.99,31.35050611352882,0,8,0,5.0
29.85,70.42,53.9,27.287240242530842,2,4,0,8.7
32.11,68.19,40.77,13.12678821161768,1,6,1,25.9
29.23,57.13,41.46,43.2509392594121,3,3,0,5.0
28.58,71.66,46.04,24.120011673971625,3,5,0,14.1
26.09,69.65,41.82,41.5956251007791,2,1,0,6.0
24.97,59.24,47.46,37.949096671199534,4,6,0,5.0
25.55,63.42,27.81,44.4528178572924,2,6,1,11.4
32.74,64.14,68.56,43.50277589142178,3,4,0,5.0
31.65,48.98,39.39,44.68157739694539,3,10,1,11.1
22.28,40.57,65.74,24.569629609834447,0,3,0,5.0
32.32,58.02,68.23,19.038437391891904,4,8,1,7.8
26.11,44.04,20.63,21.950711120783524,0,3,1,29.8
36.87,61.5,54.95,19.971832726773396,2,9,0,18.9
20.26,41.18,47.6,40.14326269316071,3,4,0,5.0
40.0,70.96,32.81,3.503112056384272,3,10,1,39.2
21.15,56.41,40.51,14.957325921426923,3,4,0,20.5
29.31,62.5,47.47,41.3299625517024,3,2,0,6.4
28.75,56.3,63.61,11.40391664367018,4,4,0,15.3
31.64,57.41,46.37,49.48253191768456,3,5,0,5.0
36.61,58.99,45.91,30.61408625556331,3,6,1,13.5
28.75,65.49,48.78,46.72201234342923,0,4,0,5.0
29.54,54.73,69.41,22.136295069409446,2,7,0,6.9
31.64,58.28,29.1,47.44653357227555,4,3,1,14.4
34.02,52.63,26.43,36.199678939725146,1,5,1,20.4
33.71,58.93,43.88,12.488340568712614,2,0,1,22.0
29.83,58.93,43.95,48.09615320454563,3,9,0,5.0
39.6,57.34,40.13,43.98046813194104,4,6,1,8.8
30.71,67.85,56.82,32.370091354472436,0,5,0,5.2
29.9,51.27,49.74,8.17801276578925,1,5,0,26.1
29.23,57.13,41.46,43.2509392594121,3,3,0,5.5
34.43,59.77,62.97,31.31238723388442,3,1,0,5.0
35.77,58.62,25.35,47.89532555914661,4,5,1,13.5
30.47,57.1,59.57,40.542835714488646,4,10,0,5.0
31.93,46.41,31.12,10.755865201348808,4,5,1,32.8
33.57,60.78,51.96,35.68023301176852,3,6,0,6.6
31.91,46.26,41.51,32.796387726163665,0,7,0,17.1
31.81,62.69,55.11,32.9962951444152,4,0,0,8.3
37.97,62.65,56.53,45.58544047319583,3,2,0,5.0
28.32,57.04,36.82,8.930998895557362,0,7,1,29.3
33.32,78.29,41.09,1.7456304204787054,4,8,1,35.0
40.0,75.03,42.43,31.736432710141223,0,7,0,15.9
20.03,52.64,70.0,35.41292026327561,4,8,0,5.0
26.88,58.54,70.0,24.959351900063737,3,7,0,5.0
36.52,53.74,43.45,47.33502564261322,1,2,0,5.0
24.76,56.88,20.0,42.48412496156348,1,5,0,13.5
35.21,73.16,48.0,30.71668272867527,0,8,0,8.8
22.88,50.27,31.25,9.14677998735619,4,3,1,30.6
25.27,52.33,20.33,31.22251481987349,2,9,0,21.5
30.14,74.53,67.61,35.64398436428239,0,6,0,5.0
33.02,48.8,52.02,41.49553785311925,1,2,1,5.0
28.32,59.01,41.83,48.456460796391156,2,2,0,6.3
34.91,57.74,67.05,36.87219949662853,1,3,0,5.0
30.16,60.67,37.22,13.510242518778343,2,0,1,25.2
30.17,53.45,51.01,11.826381798935637,0,3,1,21.7
30.31,61.48,37.51,26.646771726975548,0,3,1,21.1
25.28,48.9,53.75,42.098604238562615,2,4,0,5.0
37.71,79.73,38.27,4.167407106936894,0,6,1,31.3
31.17,67.47,56.61,15.063801625079265,2,9,0,11.8
32.0,44.93,39.49,29.907416764096016,1,2,1,15.6
30.78,58.79,47.7,22.26420270062625,1,8,1,16.5
24.53,55.6,43.85,45.55777740148391,0,0,0,5.0
37.21,61.02,41.51,4.070704415145227,0,4,1,29.7
22.68,61.46,42.62,18.406295840985493,2,7,0,21.3
21.92,53.0,33.57,32.79842732428633,0,0,0,15.0
32.25,63.55,56.37,25.88852402077561,2,5,0,16.2
26.81,68.51,57.27,33.076983960730246,4,4,0,5.0
29.73,55.37,43.18,27.280094565852504,3,3,0,13.3
20.03,52.64,70.0,35.41292026327561,4,8,0,5.0
30.17,53.45,51.01,11.826381798935637,0,3,1,19.7
26.49,56.63,42.97,41.08295953874651,0,5,0,12.3
24.12,53.65,35.22,44.508144562101016,4,2,0,10.4
33.19,72.33,65.98,30.866297327577307,3,3,0,6.0
23.74,62.35,31.53,27.45217797250003,4,2,1,21.6
38.4,67.88,62.06,17.357055477848547,1,3,0,11.3
28.21,59.97,54.67,24.412208549795167,3,9,0,12.6
28.1,47.62,47.44,16.591327763711906,4,7,1,17.1
34.75,70.91,33.64,9.410055843203285,1,3,1,31.9
26.95,62.85,63.53,11.307573807071696,1,5,0,13.8
31.88,54.26,51.83,41.92412634351192,4,4,0,5.0
28.25,54.74,70.0,3.7629981736205242,3,3,0,16.8
27.39,50.86,56.33,9.488888223289399,1,2,0,18.2
33.16,51.42,47.39,37.561009434598205,2,1,0,8.4
28.0,41.61,30.62,39.82960537987365,3,5,1,11.8
26.89,51.17,70.0,46.57927514803878,1,8,0,5.0
29.37,46.93,59.62,16.163399006004703,4,1,1,17.2
35.25,55.27,39.3,37.86512098767575,2,1,1,14.8
30.5,52.65,63.66,23.928259058621887,3,3,0,6.3
21.84,58.1,32.37,40.457312729650546,2,10,0,9.7
32.76,51.56,45.73,26.28246535196156,4,2,1,15.8
25.71,43.52,40.7,16.380679799137027,2,5,0,21.8
25.62,51.09,40.66,34.32578276636241,1,7,0,9.7
37.77,55.25,50.88,24.976416951047675,4,4,1,13.5
23.99,48.68,20.0,39.04973527565044,1,5,0,17.5
29.77,63.41,50.3,40.14783988361248,0,4,0,5.2
33.49,63.84,32.92,2.0632724276499204,1,2,1,40.8
38.34,57.32,38.09,16.583193111522064,1,8,1,28.2
33.03,57.67,46.12,21.46764388058791,1,9,0,22.9
28.27,69.62,65.41,19.85134496827552,4,1,0,7.7
28.0,54.0,43.0,35.72949594499648,1,6,0,11.8
27.56,69.63,55.59,20.151984661958217,0,0,0,14.0
31.97,56.88,44.52,30.489238948323305,4,2,1,14.9
23.37,45.91,67.84,32.428436285627946,4,8,0,5.0
37.57,64.34,38.29,13.887536397878508,0,3,1,30.6
30.28,50.57,45.48,16.104985119956687,1,9,0,17.3
23.54,56.34,60.76,13.163368295995937,3,4,0,11.7
33.79,70.29,36.68,24.49233907137388,0,10,1,21.5
32.98,62.02,33.12,14.09471531359493,3,10,1,32.1
25.7,67.81,42.7,2.1043746603271405,2,9,0,30.4
27.91,58.99,64.03,26.985938822682858,0,5,0,5.0
29.8,59.73,35.64,34.120144612921074,3,0,0,15.3
29.62,60.67,58.93,28.228899072831688,1,1,0,10.8
22.07,51.67,51.97,47.79159416166037,1,9,0,5.0
28.44,56.96,55.12,38.89890176698895,0,6,0,5.0
29.07,44.79,38.69,20.411393527126787,0,6,1,23.5
24.38,63.53,45.36,41.98633952923288,4,4,0,5.0
27.4,56.16,45.88,7.58403605487899,4,0,1,24.0
30.28,66.13,41.03,48.50878967179892,3,5,0,5.0
21.75,59.66,26.34,41.57242824572825,1,10,0,10.7
23.89,51.43,32.44,5.218935102573219,1,2,1,29.9
30.39,67.13,49.2,49.139593559782355,4,0,0,5.0
28.54,55.75,38.08,46.77340593909649,1,8,1,5.1
34.33,62.47,37.74,40.97655095015774,3,9,1,11.3
37.5,65.89,45.19,48.020448572763684,2,6,1,6.9
31.34,52.86,27.31,44.62356434737892,3,7,1,14.3
27.18,54.31,58.77,13.027553750250343,0,5,1,17.6
29.22,57.29,29.75,28.138051673138165,1,10,1,22.7
27.54,61.58,33.57,19.648739576652552,4,10,1,26.2
37.48,61.89,62.39,28.785914868016548,4,1,1,5.0
24.84,58.91,43.15,34.06451120960221,3,1,0,6.2
22.34,53.62,38.61,12.996536455081332,3,10,1,19.5
27.4,54.83,69.04,39.841807611173444,2,1,0,5.0
32.29,56.56,63.14,15.672409599892696,2,0,0,12.8
24.78,56.42,25.51,2.2181914828206084,1,8,1,38.6
37.68,64.53,62.03,32.29237382768349,1,4,0,6.2
30.0,60.0,47.0,3.599651117419639,4,0,1,28.6
36.4,55.11,26.14,42.40639576965768,3,10,1,16.9
28.46,54.38,40.69,35.00746302334058,2,1,0,11.1
28.18,56.88,55.26,36.4260919921925,3,1,0,5.0
32.24,49.43,40.27,12.932512574116089,0,1,1,25.7
33.3,61.33,50.98,47.83722758585127,0,7,0,5.0
32.0,44.93,39.49,29.907416764096016,1,2,1,16.9
26.49,68.8,49.84,31.386469872304225,1,4,0,11.3
25.41,56.57,63.78,13.865853644054916,4,6,1,9.2
28.7,53.21,40.31,10.145120970099587,4,2,1,29.4
33.8,58.8,28.44,9.853288578343754,4,2,1,34.6
26.94,56.72,39.94,20.231325440616644,4,9,1,21.6
25.0,43.01,70.0,41.204017752293545,4,3,0,5.0
22.61,51.15,40.5,25.57488348364031,4,0,0,16.4
30.87,65.28,46.28,8.78169563955738,1,5,1,26.1
26.45,51.02,41.39,19.87711634279567,2,0,0,22.1
30.12,64.91,33.26,18.92361515652274,4,4,1,23.5
27.09,52.83,49.64,37.25761592491574,1,0,0,7.5
33.0,54.95,39.38,36.17180570997543,2,4,1,14.6
25.14,46.88,28.19,6.2778071725847875,2,1,1,34.2
28.76,47.19,42.6,1.9876065392592346,2,1,1,31.6
35.43,75.29,47.09,4.521340457999945,1,0,1,30.3
31.63,63.91,42.19,26.230405420686033,3,10,0,17.9
37.92,63.52,57.65,19.56256394765215,4,0,1,14.7
30.87,65.28,46.28,8.78169563955738,1,5,1,24.0
31.65,58.98,60.38,22.894416007410413,2,10,0,12.2
28.97,59.7,23.81,43.26046235801472,2,5,1,18.1
38.58,73.91,42.11,30.99569018099225,1,10,0,21.4
22.95,47.88,36.75,3.715468872614042,0,7,1,33.6
22.06,52.67,39.56,38.98656022421506,1,3,0,8.1
28.43,66.03,44.05,44.476814258128734,0,4,0,5.3
27.38,62.54,70.0,0.6650753949182742,0,2,0,15.8
28.24,40.02,40.05,48.80990197630204,3,7,0,5.0
24.55,59.45,47.37,43.10009946415664,3,0,0,5.0
30.25,72.59,57.4,10.98017827475221,0,7,1,16.3
25.55,62.37,41.64,35.21958253487744,2,1,0,12.4
24.24,45.83,31.62,12.269038086107559,1,6,1,26.3
27.83,51.16,44.2,6.741887658944207,1,9,0,27.9
34.24,66.72,42.15,4.765938691389887,1,4,1,31.6
32.1,50.44,47.36,47.60676884405031,3,7,0,5.0
32.26,63.7,54.1,14.94016683937916,2,5,1,19.8
30.08,54.89,41.18,0.7913358280962957,0,4,1,34.4
22.92,58.85,40.66,39.15183045701211,4,10,0,5.0
33.91,65.24,30.22,41.71131806435216,1,1,1,17.2
27.39,50.86,56.33,9.488888223289399,1,2,0,15.9
36.39,62.67,51.48,21.70011680038908,3,9,1,17.7
28.04,63.25,67.45,0.596132784169312,0,3,0,19.3
28.21,59.37,42.81,39.36460925681816,3,6,0,10.3
30.53,52.17,41.92,17.96753196626653,0,5,1,26.4
26.13,55.16,61.36,11.821405246736678,0,7,0,15.6
33.98,50.38,53.63,17.818688352250806,4,3,1,20.0
36.31,72.79,46.6,10.754184204260358,4,0,1,23.3
36.1,60.94,59.0,2.020365473386332,1,2,1,24.2
39.87,60.83,56.01,40.98812509099267,1,0,0,11.0
32.01,56.9,39.16,3.5492448490573256,3,8,1,34.7
26.17,55.85,65.64,28.531937492809035,2,3,0,5.0
28.93,59.75,28.26,22.727366898499906,4,6,1,28.9
30.47,67.64,60.18,23.301405592427756,3,1,1,12.2
24.62,48.57,46.69,38.9191719528599,3,9,0,10.5
27.94,56.62,29.68,20.329597287222356,2,10,1,26.9
27.89,53.82,40.72,15.71566228169295,0,9,0,23.3
34.51,64.96,68.56,23.254539769383943,2,1,1,6.2
29.6,56.7,21.18,40.33514329416805,2,6,1,18.2
24.33,66.27,70.0,8.135244509412265,0,2,0,12.3
25.06,58.7,42.9,26.205146373055992,4,2,0,8.2
29.92,60.54,26.63,42.753815896461894,0,9,1,13.6
25.71,55.35,40.7,34.32152329416344,1,4,0,9.2
24.6,42.57,45.33,5.458679997776544,1,6,1,24.3
30.49,58.83,54.73,15.891440979123006,2,6,1,17.4
38.39,69.51,65.09,25.419858213379154,1,5,0,6.7
33.8,58.8,28.44,9.853288578343754,4,2,1,34.8
31.28,68.41,27.47,11.873533471586,0,5,1,33.6
27.52,61.83,53.46,30.68516412454961,3,6,0,5.6
38.27,60.33,37.69,17.557089920174597,4,1,1,26.6
32.72,58.96,60.48,26.680877213659354,0,7,0,8.1
31.16,56.43,43.16,2.392742254679564,2,0,1,33.4
38.22,70.16,57.22,26.09486396502369,1,3,0,10.9
25.41,57.63,63.48,15.41980356831067,3,6,0,14.6
35.3,65.91,61.45,35.62125667590049,0,7,0,5.0
32.94,65.59,37.37,38.340987841620404,1,3,1,11.6
28.75,60.69,32.81,29.497533112849876,0,0,1,17.5
30.08,65.89,54.29,7.553316965105061,2,8,1,17.6
25.59,65.45,43.71,46.976243964017115,1,8,0,5.0
33.7,54.88,33.13,39.404460525713546,2,6,1,14.1
38.79,66.25,48.58,33.163855359879626,0,1,0,14.0
31.14,61.27,45.36,26.00878029356528,0,0,0,18.0
35.13,56.04,35.97,7.838618079979426,4,6,1,33.8
28.67,58.79,59.0,27.371907600617206,4,7,0,6.6
29.6,58.17,40.56,47.177917547714294,3,4,0,5.0
35.51,70.33,59.14,15.696171407637511,2,6,1,12.9
29.65,57.73,44.42,41.03437311440455,2,1,0,6.3
27.99,52.83,35.74,41.906762403494795,2,2,0,10.5
29.39,52.92,44.26,36.72444994781767,3,8,0,7.8
22.12,53.06,40.13,13.761578922781265,2,7,0,19.9
30.53,52.17,41.92,17.96753196626653,0,5,1,20.7
29.42,68.0,27.65,3.2087590129399937,4,8,1,37.9
36.38,71.89,48.76,8.324414314487028,3,2,1,26.0
26.1,56.4,70.0,22.28265334298151,3,3,0,5.0
27.02,45.11,48.36,32.76838185995159,0,9,0,8.6
26.69,61.8,55.35,23.720701076087458,4,6,1,6.0
26.35,57.93,25.04,47.45020655920992,2,7,0,10.8
35.82,67.5,35.88,34.330793058258266,3,7,1,16.1
27.06,59.18,59.42,24.064231331048287,0,9,0,6.8
27.09,45.13,20.39,48.43304482013882,3,10,1,17.1
24.26,61.26,47.06,9.78716559183328,3,3,1,23.9
29.26,50.69,34.13,46.87174035548027,2,2,0,7.9
38.37,71.47,41.35,7.616561695572916,3,6,1,35.6
39.15,68.25,46.6,43.279730018457315,2,8,0,6.0
26.65,56.41,66.61,48.02779005954053,2,10,0,5.0
26.74,57.16,20.0,3.0463774530792795,1,4,1,40.3
33.29,71.48,55.06,28.515380763869384,2,10,0,9.1
24.75,45.31,49.7,48.54214784594498,1,1,0,5.0
23.78,50.25,44.26,37.02669190465515,4,8,0,10.1
26.21,55.82,40.52,14.784656707406214,0,4,0,24.7
22.61,52.77,41.72,16.403092756626243,0,6,0,20.3
28.84,56.24,54.54,29.32647188453665,2,3,0,9.9
25.81,54.02,45.2,3.9469392077603693,0,2,0,27.5
25.75,61.91,33.57,32.805987441176036,1,10,0,17.2
29.6,51.91,43.03,49.62305120938848,4,8,0,5.0
28.19,64.77,65.2,38.45803923154817,4,4,0,5.0
30.12,52.36,33.8,49.774703164808955,4,0,1,5.7
28.72,60.25,48.31,27.262596300491147,0,10,0,11.1
29.73,65.86,46.73,7.993365209273434,1,2,0,26.5
33.78,63.37,63.85,6.451463399329932,1,5,1,16.9
25.08,45.08,31.07,35.555224767604535,1,8,1,14.0
24.34,54.43,66.95,9.59905003120552,3,8,0,10.4
24.32,56.99,61.02,39.24211966577806,3,5,0,5.0
34.28,52.14,44.07,45.35804789465294,0,9,0,5.0
27.41,53.99,29.32,2.876422319582972,4,6,1,30.4
32.15,57.42,26.8,47.74191881779648,3,10,1,12.6
32.44,75.96,56.23,10.751081453622884,4,9,1,19.5
28.09,53.58,27.41,39.72060641623107,2,2,0,17.9
26.33,58.16,43.91,46.46804397880617,3,0,0,5.0
29.28,54.61,62.26,30.332267210183783,3,0,0,5.0
29.28,59.31,63.34,39.98493946984848,3,4,0,5.0
31.81,66.62,69.44,41.23338085424062,4,7,0,5.0
26.57,52.98,56.7,18.828459700756056,4,9,1,10.6
30.4,44.22,31.39,7.7135179440190775,2,3,1,35.7
40.0,68.24,47.7,49.43676200448866,0,4,0,5.0
33.62,58.44,32.87,33.06188270001068,1,1,1,18.8
25.71,51.75,70.0,29.335290848020612,0,10,0,5.0
32.33,67.75,59.96,17.621656911961768,2,4,0,14.4
28.87,57.65,56.9,36.10498387193793,0,0,0,5.0
35.22,68.71,29.33,28.831605526554384,0,4,1,24.2
34.47,55.91,64.25,16.691828158314014,2,6,0,13.5
28.74,51.47,58.63,48.06661404262451,1,3,0,5.0
25.65,55.02,37.37,26.579174300534397,3,9,1,16.5
32.59,59.67,42.91,39.691490160517766,3,6,0,8.7
27.14,52.85,56.68,46.27430633293686,4,9,0,5.0
39.12,61.14,51.1,41.624253682402674,3,4,0,11.0
24.61,49.42,45.94,29.53144985329145,0,4,0,7.0
24.84,52.43,64.91,41.10112600446502,3,6,0,5.0
35.0,71.76,41.14,15.063944250689193,1,9,1,23.6
26.13,55.16,61.36,11.821405246736678,0,7,0,15.7
34.68,50.94,55.43,13.85954280433373,0,5,1,18.4
30.0,60.0,47.0,3.599651117419639,4,0,1,27.6
25.79,48.09,58.09,34.424669845419224,4,7,0,5.0
32.02,50.79,61.39,2.1451059111703086,4,5,1,22.1
26.79,61.62,45.64,49.41367487127132,4,2,0,5.0
38.39,72.48,62.16,28.49633223472771,0,9,0,6.5
28.03,51.46,40.88,36.86247445520676,4,9,0,9.4
25.12,46.17,43.74,28.160777437932726,3,5,0,12.7
38.82,63.69,51.13,5.817219500784809,4,10,1,27.8
29.04,71.09,21.12,22.607497933976063,4,3,1,30.6
28.21,59.97,54.67,24.412208549795167,3,9,0,8.4
29.93,59.13,61.65,35.81611329690256,2,3,0,5.0
30.57,64.68,51.73,7.0998888395293,1,10,1,26.6
33.42,58.66,41.67,26.629532984591954,1,9,1,18.4
24.69,55.52,22.39,11.755752194243541,1,2,1,33.4
33.32,69.38,35.87,34.91168569686777,1,6,1,20.6
34.75,73.8,64.76,46.956360691748834,1,7,0,5.0
25.29,59.98,64.0,42.76307300378471,3,6,0,5.0
35.64,78.63,32.96,6.3402594197776825,2,2,1,35.6
33.05,61.26,28.59,44.962580535986525,0,4,1,10.8
21.54,44.06,29.56,21.32215085899694,2,3,1,22.6
30.55,64.61,50.52,11.534760724733678,4,7,1,21.1
28.67,61.38,48.54,5.81391235872239,0,3,0,21.4
28.68,67.29,22.56,25.45889736415246,4,1,1,30.0
26.1,59.75,42.28,6.309530933651613,1,6,0,29.2
35.43,73.21,53.28,28.705690595210697,2,10,0,10.6
26.58,70.19,43.73,28.949892469816312,4,2,0,14.7
37.68,67.03,20.0,22.862442087806713,3,9,1,29.5
36.02,70.21,46.72,45.09548307505881,3,10,1,5.0
37.76,62.35,32.1,27.662915299542057,2,1,1,24.6
25.87,69.73,28.7,28.676241519851786,1,10,1,20.3
26.2,59.39,38.04,44.22787047737912,4,2,1,5.0
29.82,57.59,58.76,11.531658701772468,1,10,1,15.7
30.39,67.13,49.2,49.139593559782355,4,0,0,5.0
37.83,68.34,49.42,7.58876733702532,0,4,1,26.3
28.29,57.0,48.81,30.70616629527057,4,5,0,8.5
26.98,68.44,39.49,37.990178031811205,2,7,1,9.6
37.98,68.23,38.81,0.6761208636636318,1,7,1,39.4
30.09,68.74,68.71,35.31678405199964,3,6,0,5.0
36.94,59.73,52.98,40.80142725111832,1,6,1,5.0
31.87,49.23,49.23,30.51003692939923,4,10,1,7.3
22.05,46.19,28.77,16.21199424277621,1,2,1,28.8
27.11,49.05,43.91,4.588749434523015,0,5,1,28.3
34.72,65.09,62.52,30.653739089050852,1,4,0,5.1
26.83,56.77,54.59,11.717066554736894,2,7,0,12.8
35.48,77.07,59.6,43.339164907743196,3,4,0,5.0
25.43,50.72,42.78,3.915172776328707,1,8,1,26.4
34.79,58.37,48.33,35.77398752905258,1,5,0,7.2
30.42,60.17,36.66,3.525751386361514,1,1,1,35.4
34.7,67.73,39.02,45.006735222650775,2,10,1,6.8
25.5,62.18,34.93,41.56019259080163,0,5,1,7.6
32.86,62.77,31.22,13.618355493599433,3,5,1,33.3
28.7,53.21,40.31,10.145120970099587,4,2,1,27.1
31.17,67.47,56.61,15.063801625079265,2,9,0,12.0
33.06,62.0,55.12,48.590611124141404,2,2,0,5.0
22.49,53.29,40.75,24.745860752709824,2,2,0,13.0
35.22,76.59,24.21,36.3686569027848,2,5,0,22.4
28.69,43.52,47.72,40.6444245518825,0,6,0,7.9
31.23,47.26,33.63,23.4732499749674,4,10,1,20.4
28.07,61.55,53.65,41.13161251106201,3,4,0,5.0
25.47,48.38,36.0,17.526741317765033,0,4,1,25.1
24.25,58.48,37.87,45.560645749879804,0,8,0,5.0
38.71,69.52,49.63,29.251495785133468,0,9,1,13.5
28.48,54.42,23.99,31.148441874087997,3,3,1,22.8
30.37,74.96,45.96,3.0200088708070782,4,3,1,32.8
26.37,46.29,20.0,42.53745776150411,0,1,1,15.0
34.2,66.08,42.67,11.864000287838527,2,3,1,28.8
24.63,56.02,63.95,33.97498366626304,3,3,0,5.0
27.74,59.78,39.31,41.48996016497451,0,7,0,7.5
31.58,72.67,27.01,17.515100790910466,1,3,1,30.9
27.43,53.4,34.5,48.015952888901076,3,2,0,7.9
37.46,67.14,36.94,0.28890043364583895,4,9,1,35.3
26.79,49.37,43.82,47.969516875046196,3,7,0,5.0
34.31,75.92,40.55,46.28233259284619,1,1,0,6.0
40.0,77.35,41.55,26.155122782379326,4,2,1,17.3
30.2,51.16,32.5,12.094442452164056,3,0,1,30.5
32.66,59.5,27.0,36.498934999477314,0,7,1,20.4
28.71,64.1,44.78,15.91142195434525,2,3,0,22.9
23.21,54.01,47.49,37.63927605227797,2,10,0,6.2
27.86,44.14,58.37,32.222772699317076,0,0,0,5.0
29.37,46.93,59.62,16.163399006004703,4,1,1,11.2
38.48,80.0,59.16,21.882515433731037,3,5,0,14.1
25.64,56.54,49.67,42.84989378849103,3,3,0,5.0
26.79,49.37,43.82,47.969516875046196,3,7,0,5.0
29.34,65.43,70.0,44.585292038338956,4,2,0,5.0
24.93,67.58,47.18,5.597264451009592,3,4,0,22.8
39.37,73.58,47.49,21.569064478941346,4,0,1,21.8
34.08,55.54,59.21,12.095114135112977,0,4,1,18.7
31.55,50.78,32.59,9.175668615345673,2,6,1,30.4
28.93,43.63,41.64,24.194496093899815,4,1,1,21.1
24.68,58.73,43.06,28.59517051334091,4,4,0,11.1
24.22,59.75,30.07,32.6501390907442,0,2,0,15.8
22.02,60.75,52.93,42.458257659626994,0,0,0,5.0
37.05,66.11,38.47,16.546500947888443,0,7,1,25.7
34.64,71.11,52.82,49.23872329710698,0,9,0,5.0
40.0,80.0,55.43,9.533822558205596,1,6,1,23.1
33.44,64.06,51.91,40.03923728457831,2,7,0,5.0
32.79,45.26,26.63,43.45774633079792,2,10,1,15.8
23.33,59.29,45.53,1.0988201654110574,2,9,0,29.7
31.15,52.04,47.36,42.213916695878304,2,6,1,9.1
27.26,64.73,20.0,26.417575505629397,2,10,1,25.0
32.82,59.79,46.25,46.061818168462665,3,10,0,5.0
31.74,53.09,66.97,33.39810868741333,4,1,1,5.0
31.55,56.81,69.3,23.271145135071396,3,8,0,5.0
36.65,73.12,32.65,33.332399307102165,4,4,1,17.7
26.05,51.23,34.11,46.18342080218794,2,3,0,7.7
21.45,47.54,35.03,22.52023743813315,3,9,0,16.6
33.42,55.21,54.88,31.046788947471697,1,5,0,11.0
25.45,59.9,50.43,39.011566200283795,0,3,0,5.0
24.49,51.98,67.62,45.974858750340196,1,8,0,5.0
36.47,68.69,55.78,12.420837607258829,1,6,1,21.4
35.24,70.01,41.45,10.990410093333164,2,9,1,28.1
27.52,67.88,39.25,11.672794472199943,0,9,1,24.7
28.06,49.09,36.0,2.632030518165629,1,2,1,29.9
23.05,52.61,60.11,2.643157011700498,0,9,0,21.9
24.78,50.29,39.4,18.70102691593058,0,4,1,18.3
29.12,44.13,29.35,18.788123899535876,3,7,1,28.9
35.16,73.41,48.63,42.01225291733287,1,6,0,5.0
26.9,53.02,26.55,30.64128318611732,4,6,1,19.0
32.0,72.09,42.61,40.6427237490603,2,4,0,7.2
35.44,68.66,47.39,32.08989165319894,2,10,0,13.9
33.46,62.58,24.01,13.685043698333166,1,5,1,35.0
31.71,52.75,30.13,48.21844248853226,1,5,1,8.1
35.0,75.25,35.02,23.477582628018634,2,8,1,24.7
25.62,54.23,41.6,13.159027740085055,3,8,1,18.2
26.35,57.93,25.04,47.45020655920992,2,7,0,10.5
23.77,54.99,41.64,8.549473839574285,1,3,0,27.6
21.47,45.29,43.45,9.635705654263283,3,7,0,24.9
31.52,57.93,68.2,1.8315006872896944,1,3,1,18.3
36.75,74.17,53.07,41.89416047605085,0,4,0,5.0
32.44,64.0,39.76,12.819188513154922,4,9,1,28.9
25.29,61.48,27.71,40.26017069063048,3,6,1,16.2
26.2,53.65,56.71,39.55858881212116,4,3,0,5.0
40.0,75.03,42.43,31.736432710141223,0,7,0,18.3
25.76,66.16,25.05,28.05200981503222,0,6,1,22.5
27.61,69.47,34.64,13.70093274300077,0,3,1,29.0
25.65,62.92,28.49,13.50140292662898,4,0,1,28.8
35.14,58.65,43.04,2.7513674711180935,4,7,1,32.1
33.41,67.81,41.34,8.456510490542712,2,2,1,27.3
37.5,70.28,65.23,49.07915613773479,0,10,0,5.0
22.19,49.39,34.73,14.438008992880553,3,1,1,23.6
27.69,58.19,70.0,31.90903076336895,4,5,0,5.0
26.1,56.4,70.0,22.28265334298151,3,3,0,6.6
32.95,64.98,33.74,27.008669093987294,1,3,1,21.8
34.17,58.77,44.38,12.146838415437673,4,8,1,28.7
28.86,54.81,57.96,35.139566357408434,2,4,0,5.0
26.25,48.11,47.36,33.945884601069494,1,5,0,5.8
33.95,61.0,45.29,30.346577708404,1,3,0,12.6
29.3,51.86,65.79,26.08375500712498,4,8,1,5.0
36.67,66.99,57.65,28.325514424044478,1,7,0,7.6
38.47,62.47,48.62,10.566521269168955,0,2,1,27.1
28.32,58.66,47.07,33.06777420655013,1,9,0,9.3
26.09,69.65,41.82,41.5956251007791,2,1,0,5.3
39.78,72.13,29.77,20.077144124121123,1,3,1,28.8
32.86,69.27,40.03,48.272810083173184,1,1,0,5.0
27.41,57.31,54.62,30.056310826015288,2,9,0,8.2
29.68,46.23,66.65,21.159344463629527,2,6,0,5.0
29.35,61.82,63.95,7.744125397669604,4,7,0,13.5
28.02,48.84,51.42,24.130797509405717,4,10,1,12.1
22.26,51.36,48.36,48.10945089504205,2,9,0,5.0
30.96,67.1,48.43,46.14513605863402,2,1,0,5.0
27.99,52.83,35.74,41.906762403494795,2,2,0,9.1
21.36,56.53,34.78,49.45785480309807,0,3,0,5.0
40.0,63.63,40.65,34.2815731018306,1,4,0,14.9
26.25,53.05,28.22,31.738605965748807,4,8,1,18.6
31.9,69.5,42.17,28.00281832907273,1,4,0,15.7
32.03,51.88,48.24,29.93396917294283,2,2,1,11.2
26.37,62.64,41.83,26.055429106959338,1,2,0,16.2
27.25,63.62,40.35,12.333859577417105,0,10,1,25.1
37.57,63.17,70.0,39.81585328806663,2,3,0,5.0
38.04,64.69,48.58,22.365444861186056,1,7,1,21.2
25.98,46.81,32.02,43.661023114562816,2,0,1,10.0
35.85,52.79,54.13,12.312721620316003,1,1,1,19.3
27.63,45.29,45.88,13.749166442880906,4,3,1,23.7
34.53,67.09,29.68,1.2347334607258509,3,7,1,38.5
27.99,45.61,37.12,24.184756666196943,3,3,1,20.6
38.47,55.14,50.1,17.329627654959438,3,2,0,22.6
30.86,66.38,42.56,7.492700790083457,1,8,1,26.7
24.04,54.47,46.62,48.24882426104118,0,0,0,5.0
31.91,46.26,41.51,32.796387726163665,0,7,0,17.8
32.86,56.84,32.25,43.60814541431085,1,8,1,9.4
29.49,67.11,63.28,33.57201166859564,0,5,0,5.0
34.12,72.45,52.22,40.52840468762357,0,2,0,5.0
29.04,70.01,36.9,40.51138656229916,0,0,1,6.2
28.63,50.27,50.74,48.92728977562422,3,10,0,5.0
31.75,46.07,32.2,40.561676721465204,3,7,1,13.2
25.03,57.3,62.78,28.26554962591435,3,6,0,5.0
25.42,52.97,21.71,2.564112509015554,3,6,1,41.1
29.72,71.91,52.5,22.971796495403368,3,9,0,13.7
33.09,65.12,37.71,10.254795509806769,3,7,1,29.5
26.83,55.99,70.0,12.87647898065481,0,2,0,9.1
31.61,64.2,32.23,30.305947737687784,2,9,1,18.8
40.0,63.42,58.35,30.569643824862204,1,3,0,10.7
24.78,59.94,49.61,34.05173052866073,1,8,0,7.5
30.54,67.81,51.69,26.548917336904452,1,3,0,12.1
33.73,61.45,61.26,42.56126216720017,3,3,0,5.0
35.87,58.52,45.11,17.105825544141535,2,1,1,22.9
36.75,66.48,55.62,15.77304356541216,3,9,0,17.4
30.32,57.25,49.76,0.9918392523379893,3,4,1,25.1
24.11,43.34,38.58,33.35353509415697,2,3,0,9.1
34.06,63.07,24.49,24.68946944356551,1,10,1,25.8
37.72,53.18,50.18,20.536571115117297,3,4,0,19.8
27.05,67.65,49.4,7.411324893593779,1,7,0,23.4
24.39,43.91,36.11,8.032813139091143,3,1,1,31.1
27.86,60.04,35.19,21.874913681386936,2,2,1,25.2
33.89,55.98,45.78,31.021153853236065,4,4,0,12.0
28.25,54.74,70.0,3.7629981736205242,3,3,0,12.2
26.08,46.32,70.0,23.142138571285347,4,6,1,5.0
37.13,53.26,35.49,16.683828189458964,0,1,1,26.3
24.32,46.37,64.36,9.219670522957335,4,2,0,15.7
38.04,62.28,44.38,28.897260418411,1,7,0,16.4
34.0,66.54,55.39,32.27490386291957,3,2,0,5.1
23.36,50.24,34.4,15.102729516139163,4,8,1,24.2
34.72,65.09,62.52,30.653739089050852,1,4,0,8.2
36.38,71.89,48.76,8.324414314487028,3,2,1,24.1
33.42,55.21,54.88,31.046788947471697,1,5,0,5.6
30.74,62.79,50.57,17.977396853101133,4,9,1,19.9
31.94,61.2,41.82,33.233019589342206,2,2,0,14.5
27.6,56.81,32.67,12.5074228892193,4,7,1,27.4
33.38,53.41,50.46,24.710197648842495,1,5,1,19.4
32.56,71.98,46.27,10.46093432212134,2,10,1,22.8
35.73,71.25,45.65,16.166809742410855,1,4,1,22.4
35.62,59.35,43.06,28.134609669480138,0,6,1,20.4
23.5,46.98,44.43,1.8291194491731055,4,8,1,32.1
27.65,58.09,69.07,4.49469244433815,1,5,0,17.9
25.85,55.63,47.46,27.724670397263058,1,5,0,15.5
28.09,62.05,41.9,40.578553745573124,3,10,0,5.2
25.96,57.58,55.01,8.061820763384747,0,6,1,19.8
21.09,58.26,53.18,25.673488400050555,4,7,0,8.3
29.39,53.28,40.12,17.05948915983274,2,7,0,17.9
30.15,60.77,42.93,32.07442697653103,1,1,0,12.6
29.16,61.51,34.35,33.60534593725464,0,8,1,19.0
34.18,74.74,50.05,49.569573554489146,3,3,0,5.0
25.5,56.26,56.35,39.88679588605868,4,0,0,5.0
24.06,65.98,28.05,7.465170178419362,0,2,1,31.1
33.09,48.02,24.74,0.0049649772217608135,1,10,1,41.6
25.99,48.98,52.04,43.426403811133106,1,2,0,5.0
23.99,48.68,20.0,39.04973527565044,1,5,0,21.6
31.61,72.2,23.07,19.196983422422694,3,7,1,29.8
27.17,66.27,40.8,3.116288757603003,4,3,1,34.7
29.03,53.03,27.5,23.677475010307486,0,7,1,27.7
26.52,57.57,36.45,29.463782249330823,1,9,1,15.1
38.18,64.4,34.15,43.86321746719636,0,5,1,11.9
32.67,66.98,67.27,9.035791956343825,2,1,1,14.3
38.68,77.89,35.76,18.68882577141118,2,3,1,28.8
35.39,65.38,54.92,22.444297596559338,4,6,1,12.0
30.41,67.24,65.58,24.76872986989892,2,1,1,5.4
27.29,57.56,53.09,2.9478026899000085,0,7,0,21.7
34.77,69.36,44.88,34.08676840136529,1,2,0,10.3
40.0,72.25,45.19,35.78885794862421,1,4,0,11.6
28.63,44.44,45.65,22.3529040540163,4,10,1,17.2
24.08,63.58,64.23,29.64270162894839,4,0,0,5.0
29.26,70.35,57.68,0.3731603181798271,2,9,1,29.1
34.98,76.76,43.81,42.59010941651995,2,0,0,6.7
32.64,77.53,39.18,36.026376191910714,1,3,1,12.9
33.83,56.31,25.41,29.250815098469452,4,3,1,27.2
36.76,71.34,50.85,40.92195540653273,4,10,0,6.8
28.27,53.31,44.56,5.515309827007764,1,3,0,21.8
30.13,57.87,62.23,20.37198906597455,0,5,0,10.5
29.85,48.35,49.94,23.32147947607444,3,9,1,12.2
28.29,57.33,52.55,28.552750205352783,1,1,0,7.3
24.5,55.97,58.19,44.56503175752175,2,8,0,5.0
33.41,51.2,45.61,37.82869127784018,3,3,0,9.4
38.07,59.39,38.63,45.51284196037367,2,0,1,8.9
26.16,45.71,32.82,46.944974382441664,1,7,1,6.3
23.46,51.39,66.66,4.606891798863034,2,3,0,12.3
31.5,66.45,61.75,3.121053525957179,4,6,1,20.2
28.29,57.33,52.55,28.552750205352783,1,1,0,10.9
28.06,60.94,51.32,44.64489584653417,1,1,0,5.0
30.09,45.72,35.36,33.188830327134696,4,5,1,17.3
29.13,44.19,38.55,12.128378359073416,4,4,1,26.7
24.62,60.53,49.03,45.43009616031212,1,10,0,5.0
30.88,62.0,46.07,44.85712955589117,3,7,0,5.0
25.29,46.46,44.88,21.585301685504156,0,4,0,16.6
32.69,67.2,30.23,37.44625723348743,1,0,1,19.2
31.06,58.28,27.05,38.204096755052305,3,7,1,14.4
24.51,62.55,65.83,34.39297635360406,2,7,0,5.0
33.79,68.09,43.83,6.344831121144207,4,3,1,28.4
32.29,67.95,50.47,46.370958222020235,0,2,0,5.0
22.04,60.41,51.67,40.129708106484586,4,6,0,5.0
34.26,72.48,43.81,16.01138242793953,1,2,1,24.9
28.79,73.96,35.13,45.170255518088624,1,10,0,11.3
32.45,50.4,49.3,44.04582015995227,3,7,0,5.0
34.53,50.56,59.52,4.937788709800267,3,4,1,22.0
35.56,74.88,52.16,39.56486596020542,1,1,1,5.0
23.98,55.05,31.37,14.047721755963044,1,2,1,27.2
27.27,42.2,47.49,21.14159485975265,2,10,1,19.6
30.93,51.93,59.3,2.2515758556028387,1,4,1,24.2
25.4,49.86,56.53,19.278110503614542,0,3,1,10.0
30.4,55.73,55.43,31.185975078150165,4,8,0,6.9
28.6,45.82,36.28,49.38963773754809,2,5,1,6.2
31.04,66.34,43.48,14.93924782910293,3,7,1,22.4
31.88,48.43,27.23,12.899702056071478,1,8,1,32.7
26.71,55.89,69.87,26.520649161354836,2,6,0,5.0
34.81,64.86,33.36,8.683943545755213,0,5,1,31.5
29.48,42.68,55.33,21.32920237924204,1,9,0,15.3
29.62,47.21,39.21,44.50609898971204,0,1,1,6.9
25.63,57.48,54.3,15.632413136499151,3,10,0,13.8
29.6,58.3,44.4,24.269889843703556,1,10,0,14.0
29.75,58.55,65.87,15.190642300089912,1,0,0,13.4
37.86,61.26,47.91,47.16869353873341,2,0,0,5.0
31.18,49.61,28.76,9.679311743372526,4,10,1,32.2
27.22,49.1,27.15,35.70934461081952,1,5,1,16.0
24.87,66.48,38.24,40.98247689024574,0,0,0,7.1
27.98,46.24,47.68,25.533314062371947,2,3,0,17.0
27.35,67.26,42.1,14.443541276430011,4,5,1,22.7
23.69,44.73,48.52,3.3005316455731903,3,7,1,22.2
33.23,61.09,39.74,47.838964090604456,2,5,1,6.7
34.62,70.94,56.04,35.27588250393482,4,7,1,6.5
29.56,70.11,44.74,9.287892048857227,4,10,1,22.4
22.87,44.91,24.78,47.91147912441181,2,0,0,9.7
35.14,69.23,39.79,8.702181355245042,4,2,1,33.5
32.89,53.28,63.35,43.07822100740564,0,4,0,5.0
31.31,48.85,25.68,1.613965823216923,0,8,1,42.3
28.25,55.18,45.6,32.71872288381977,0,2,0,7.4
24.33,66.27,70.0,8.135244509412265,0,2,0,8.5
29.45,60.16,56.75,23.990582869939516,0,4,0,8.3
34.03,53.39,46.23,46.225258187846016,0,2,0,5.0
26.12,63.44,63.43,44.633275282896044,2,4,0,5.0
29.43,72.23,62.55,42.033522662567854,4,8,0,5.0
28.21,50.33,47.6,9.699480467708653,0,1,1,25.6
30.77,56.66,41.53,38.482569325624574,3,10,0,9.0
28.08,52.69,32.35,37.97896832559789,1,2,1,15.8
22.24,53.86,57.32,42.77610574817737,3,2,0,5.0
29.35,59.63,48.74,37.849123207461076,1,9,0,5.0
36.4,55.65,42.68,46.83652247811137,1,10,0,6.5
24.22,59.75,30.07,32.6501390907442,0,2,0,15.2
29.67,63.41,36.42,9.157667792307622,3,4,1,33.0
30.61,57.26,56.71,17.835539712591885,1,5,0,15.4
33.25,71.64,34.87,46.180809795477536,1,10,1,6.8
28.47,63.69,51.32,31.314728296659272,0,1,0,9.3
35.24,56.8,37.98,43.213007047247146,3,2,1,9.6
26.41,53.31,47.82,25.200560061331544,3,2,0,12.8
26.97,44.41,51.42,49.64327013195736,2,4,0,5.0
35.47,65.11,44.62,0.2507777827682911,4,5,1,33.5
30.26,50.57,43.21,24.241105508677236,0,7,1,17.8
27.77,42.89,59.1,25.554578350434205,3,0,0,7.7
33.97,59.11,56.95,21.884888364552797,0,6,1,12.5
35.68,61.52,55.89,12.382410074015088,1,7,1,18.3
32.81,69.92,24.3,32.831768197510705,1,7,1,20.9
25.4,56.88,53.51,20.61185096971342,2,4,0,13.6
34.1,59.07,37.26,5.932735390152411,3,6,1,33.9
27.71,53.42,37.98,7.929380449509177,0,3,1,28.2
30.88,47.99,36.9,1.9441760108837969,4,2,1,34.0
30.89,66.92,30.15,26.423389224875603,0,5,1,21.2
37.68,67.03,20.0,22.862442087806713,3,9,1,30.8
36.27,74.55,57.03,12.161342853374425,4,1,1,18.3
28.09,63.65,22.19,47.84404330357731,4,4,1,12.5
27.18,59.42,53.2,43.97881302618807,1,7,0,5.0
34.69,78.28,43.78,14.620601013288148,0,7,1,27.7
39.89,76.0,32.46,6.594635973796414,3,2,1,37.7
29.83,63.99,61.91,46.17930760927103,1,6,0,5.0
29.55,47.75,32.77,15.109794035277375,4,6,1,24.8
31.98,60.7,35.91,25.482096637606933,2,7,1,19.0
31.38,68.77,66.23,34.99831626961137,2,10,0,5.0
29.81,63.42,20.0,28.371142460041572,2,4,1,23.9
29.13,53.38,49.08,38.45862043870625,3,8,0,8.7
20.3,51.89,24.85,4.510302382531672,0,4,1,33.2
37.44,60.97,52.15,9.229098696987064,3,10,1,26.0
29.0,58.0,42.0,31.88767157219888,1,6,0,14.1
21.2,56.27,68.64,12.982986936455355,4,5,0,6.9
27.7,66.58,42.63,14.484233531373436,1,1,1,20.4
36.75,61.32,50.32,22.167398305546758,1,2,1,21.4
24.01,56.49,43.18,23.032266015583502,3,6,0,16.0
24.68,49.97,70.0,46.97919558891776,2,0,0,5.0
21.36,54.65,26.45,18.380163010692552,4,9,1,24.6
24.25,54.71,65.01,9.583064739937713,3,8,0,10.8
24.18,61.7,52.14,24.717060692181487,4,0,0,9.8
23.2,46.23,65.9,15.193696667541634,3,10,0,7.4
33.11,71.83,57.15,25.26343558547093,2,6,1,11.8
23.42,53.65,69.68,9.4081842979362,4,0,0,11.6
35.69,58.61,58.14,20.22739699566741,3,3,0,10.8
24.42,48.89,41.63,32.099656969805785,0,7,0,10.3
33.28,65.51,47.53,29.437737315970587,1,9,0,12.1
30.06,56.63,49.63,18.441956424995887,1,2,1,18.6
34.19,63.19,35.94,43.594139008793405,0,9,1,12.8
24.75,49.42,45.06,19.986339852403585,1,1,1,17.7
29.87,54.64,41.07,11.98467063133305,0,2,0,26.4
24.97,59.67,27.05,17.12006070891029,3,6,1,28.3
32.12,77.32,23.3,22.587459119192815,0,4,1,34.7
22.92,51.28,23.58,38.134960829434625,1,4,0,17.8
33.3,61.13,64.91,42.425756281537055,0,5,0,5.0
27.77,54.61,46.77,25.204540288692783,2,10,0,14.5
37.26,67.14,45.88,47.61735694575335,4,5,0,5.0
29.88,64.22,20.0,46.755316474444456,1,5,0,17.6
35.39,65.38,54.92,22.444297596559338,4,6,1,14.9
35.27,69.93,44.23,38.03796690737589,4,2,1,12.4
27.86,44.14,58.37,32.222772699317076,0,0,0,8.9
22.46,48.46,43.17,0.13380477456213513,1,9,1,29.6
23.85,54.74,31.15,22.962398402145844,0,3,1,22.1
33.02,49.45,31.28,19.055231756064828,0,0,1,27.5
22.92,58.85,40.66,39.15183045701211,4,10,0,6.7
36.38,70.01,60.43,5.5230049349947965,2,3,0,25.6
30.17,61.17,53.11,48.80318232856278,0,3,1,5.0
25.37,51.4,67.69,28.284610833419706,3,2,0,5.0
28.53,56.5,53.26,9.732942446692434,2,9,0,20.3
28.58,59.41,34.2,37.1046312979148,0,8,1,15.2
30.74,62.79,50.57,17.977396853101133,4,9,1,17.6
36.17,61.99,40.86,2.4085593868613198,1,7,1,36.2
27.45,66.38,50.14,35.67434922952695,0,4,0,5.0
20.05,52.7,59.86,0.7318987192211635,0,5,0,19.9
26.47,52.11,39.99,12.329418448187152,0,8,1,22.2
34.62,70.94,56.04,35.27588250393482,4,7,1,5.0
34.72,67.85,69.81,6.6013860392873935,2,0,0,14.1
27.02,69.59,26.75,16.550871204846462,4,10,1,29.9
29.41,52.87,50.35,49.14798068373973,0,1,0,5.0
35.16,53.95,31.14,40.190136571729425,2,3,1,14.8
37.5,78.9,55.18,41.43023376051851,2,4,0,5.0
23.8,61.91,42.75,47.09561888420747,2,2,0,5.0
33.8,58.42,63.96,22.935530743186405,1,8,0,8.9
32.83,55.5,42.51,49.454520459335974,0,10,0,5.0
21.92,52.16,29.78,40.53823211100759,3,10,1,7.2
29.04,45.29,36.71,16.49048686292399,1,1,1,24.0
24.76,58.45,38.36,12.369584239712195,4,10,1,22.9
35.78,56.41,50.19,31.2183357785628,3,5,0,15.3
34.77,57.87,70.0,35.04953673901993,3,2,0,5.0
28.88,60.85,28.57,3.7662866702836526,1,0,1,35.1
27.74,58.79,39.22,12.364882493319923,0,10,1,27.0
33.56,69.13,30.78,4.805948204261274,1,5,1,36.6
26.33,58.16,43.91,46.46804397880617,3,0,0,5.7
25.92,43.31,64.77,10.311746380921754,0,7,0,13.0
39.55,77.65,32.25,19.05021052074366,4,6,1,31.0
23.01,46.97,52.66,38.41526225549373,4,3,0,5.3
34.03,55.38,49.19,44.192973003196876,4,1,1,5.0
23.85,54.74,31.15,22.962398402145844,0,3,1,22.8
24.89,41.79,54.45,14.797881637128285,0,2,0,14.2
35.85,70.43,52.65,37.81254718185244,0,10,0,6.3
26.1,50.4,41.08,0.6747003610865443,0,5,1,33.2
34.31,59.99,45.08,3.679876823350847,3,1,1,29.0
25.99,51.27,38.05,45.007349622843904,2,3,1,7.3
31.83,61.48,51.62,39.369220501331455,1,0,0,5.0
23.7,41.13,58.8,30.46167073758232,4,2,0,5.8
27.54,61.58,33.57,19.648739576652552,4,10,1,23.0
27.69,55.55,27.9,34.72936835338321,3,8,1,16.9
32.1,63.87,62.18,46.36218786917985,2,6,0,5.0
35.08,66.89,59.2,31.679662533576014,2,3,0,6.7
28.77,46.44,53.68,34.760520923111706,4,3,1,5.0
25.28,48.89,31.22,6.9249645273486315,3,6,1,32.6
33.65,56.09,54.8,41.08674623875575,3,2,0,5.0
28.01,50.4,61.19,14.535825823046961,3,4,0,10.6
31.53,62.71,63.53,16.78853876544227,3,2,0,6.9
30.06,53.68,70.0,7.049365041377103,4,3,1,19.6
36.97,72.6,43.87,31.770662727291448,4,2,0,12.9
22.48,53.68,29.96,16.029976941254056,1,4,0,27.6
26.97,51.24,63.49,18.878846339505927,2,1,0,10.8
38.72,58.9,38.91,45.43553055039437,0,0,1,10.5
34.51,54.23,48.09,3.6009037563111965,2,8,1,31.2
22.97,45.2,30.14,13.723367532212293,3,10,1,28.6
29.59,69.84,47.02,33.71124609290265,4,2,0,11.1
37.28,60.14,55.66,13.373629559425865,0,5,1,21.4
36.38,71.89,48.76,8.324414314487028,3,2,1,25.6
25.85,59.28,48.78,39.40275361067035,3,0,0,5.0
29.18,67.41,29.21,2.637309256797149,3,6,1,36.4
24.07,66.32,34.51,29.274059623692782,1,3,1,17.7
30.91,62.52,32.61,29.6923220443477,0,8,1,16.1
25.96,58.08,31.11,15.016624140860912,3,8,1,29.7
22.6,60.21,36.97,35.347061156424985,4,10,0,8.8
32.67,66.98,67.27,9.035791956343825,2,1,1,17.3
38.77,68.24,57.2,8.394457294668706,4,10,1,20.9
29.37,74.97,35.82,5.657087865061894,3,7,1,32.8
24.58,43.05,67.17,18.920884245998725,1,4,0,8.6
27.38,50.06,24.55,18.077738692236743,0,7,1,28.5
35.64,52.08,40.4,3.6958736595807617,0,10,1,33.4
28.76,53.09,41.85,1.0002214112328045,4,1,1,31.2
29.19,57.91,29.68,6.98690234455685,0,3,1,35.4
32.69,55.16,54.36,34.66614468979203,3,6,1,5.0
29.26,71.92,44.23,24.995338469801702,1,7,0,14.7
39.13,73.24,41.33,48.6605219393507,2,3,0,5.0
28.43,60.42,24.64,7.491366081256507,3,9,1,39.0
26.45,51.02,41.39,19.87711634279567,2,0,0,17.6
27.39,44.22,57.71,18.50539385204732,1,5,1,11.7
28.74,54.8,58.08,27.68299555357419,0,4,0,6.8
30.58,56.52,48.44,21.73786269188835,4,9,1,18.6
34.34,64.59,64.54,40.10564607500087,4,3,0,5.0
28.56,63.57,40.1,20.3944659938374,0,5,0,19.5
27.6,58.3,56.77,28.95983669716361,2,2,0,12.2
30.94,55.52,28.18,26.198349659106857,1,6,1,24.1
38.56,74.3,55.08,24.54706356469168,0,5,0,12.7
30.6,60.9,57.87,32.41453725634581,3,10,0,5.0
34.62,64.2,39.87,27.069963244892058,4,4,1,17.0
29.14,61.8,44.63,22.146279760371655,2,9,0,16.6
30.73,70.83,42.3,44.256256243697514,1,10,0,7.1
24.29,67.06,44.48,17.358456675411542,2,10,0,19.5
32.93,69.74,37.19,30.686874715978302,4,3,1,17.5
22.65,53.88,25.63,35.120750039315894,0,5,0,18.3
27.78,63.49,36.53,39.8921737023397,3,3,1,11.6
26.9,57.31,68.61,38.70443999685534,0,1,0,5.0
32.8,65.87,49.94,40.17572095280153,1,0,1,8.9
30.59,51.1,29.61,21.784589846621316,1,9,1,22.8
38.92,57.75,34.28,2.723264260615621,1,9,1,40.5
28.0,54.0,47.0,23.754560475432392,4,0,0,12.1
37.61,59.21,38.16,0.4031268305367597,4,10,1,34.5
22.1,58.03,39.29,30.01907317164239,0,7,0,13.7
25.08,66.46,20.54,7.592530959045823,1,4,1,33.6
30.3,65.41,62.34,21.82873442324044,2,4,0,9.4
30.66,66.4,52.44,38.17636635694288,2,7,0,5.0
40.0,74.58,50.59,41.20090955668355,0,5,0,5.9
36.24,66.36,48.77,11.33170595798535,2,5,1,24.4
27.22,49.1,27.15,35.70934461081952,1,5,1,17.2
32.16,62.99,54.53,25.41202786557633,0,9,0,10.1
30.02,68.96,35.81,38.00361949607258,3,8,1,11.0
27.8,66.49,56.09,36.65849980485399,2,2,0,5.0
28.94,44.59,41.6,37.256906215635546,3,5,0,9.4
27.14,62.52,23.61,11.799407353353446,2,6,1,32.3
37.75,55.56,50.84,24.166956163364922,3,9,0,19.9
32.73,70.57,49.45,25.993973742563874,4,6,1,11.3
29.26,43.57,38.57,18.648751475098667,4,10,1,19.6
21.17,57.9,50.89,5.735617726951431,0,1,0,20.9
23.11,53.38,41.79,44.56910192200097,0,4,0,5.9
28.83,56.35,43.69,21.08567153592894,1,0,0,18.3
32.84,62.04,32.05,23.495045710581298,4,8,1,26.0
35.9,62.63,37.99,45.0611007745348,2,7,1,9.6
26.97,51.74,34.74,30.581629260674838,3,3,0,17.6
38.66,61.44,26.03,3.1264014272338048,0,7,1,43.9
27.41,54.55,26.1,10.983794750538578,2,1,1,31.0
32.55,64.64,43.51,9.02092099195253,2,7,1,28.8
22.61,60.89,53.36,4.200711036728066,0,2,0,20.1
21.28,54.65,57.82,48.057120302277326,1,1,0,5.0
28.21,57.45,20.0,42.94748424593381,4,7,1,17.8
30.49,50.57,60.72,35.036905401463244,2,7,0,5.0
29.05,54.64,49.53,16.00910368448396,1,6,1,20.5
24.82,49.2,36.28,35.80153507969686,1,6,1,12.2
24.95,57.77,34.91,48.61788390487174,3,3,0,6.4
27.98,60.54,46.23,46.67908739612946,4,3,0,5.0
27.34,64.09,45.24,47.2132545594837,4,6,0,5.0
27.03,62.23,28.65,1.1328975109802908,1,3,1,33.7
24.66,51.66,45.41,32.58072644888049,0,10,0,9.0
31.0,66.62,40.41,15.237198185084399,0,3,0,25.6
24.02,52.18,41.72,1.1299225180422812,3,6,0,27.2
24.06,52.41,28.87,35.58663216166505,0,9,0,18.7
39.78,72.13,29.77,20.077144124121123,1,3,1,32.9
24.58,66.09,47.42,24.166433894709805,1,4,0,11.2
24.72,49.17,70.0,4.079895900782537,2,0,0,12.5
28.93,58.65,20.0,27.32502307234352,2,8,1,26.7
33.65,65.32,70.0,33.576789753603705,1,4,0,5.0
24.98,52.39,50.79,14.892914788656514,4,10,0,22.3
33.73,55.28,55.87,22.3611297965956,4,10,1,14.7
25.75,50.81,43.31,5.307944582763952,1,0,1,24.0
30.01,67.64,26.5,39.780471266356884,3,10,1,16.6
26.41,56.89,37.25,0.16975730861277238,2,5,1,34.5
34.48,80.0,52.95,38.120104074748994,3,9,0,10.6
40.0,71.51,47.58,49.13818272447503,1,1,1,5.0
31.36,66.66,46.26,9.512993904198186,1,2,1,24.3
38.05,68.85,57.68,16.19858485533629,0,10,1,15.2
29.29,58.57,34.06,43.50998216327904,1,2,0,10.0
35.89,69.26,56.39,48.82596404939882,4,9,0,5.0
33.69,68.75,64.77,28.491344770782106,4,1,1,5.0
25.54,65.98,69.67,35.91758169335669,0,8,0,5.0
33.57,54.09,68.48,43.57926643394009,0,8,0,5.0
28.55,43.74,27.1,39.747788026400556,1,0,1,14.1
31.7,56.56,58.11,0.39998233433643504,3,0,1,27.5
30.66,48.43,53.73,41.16986622915067,2,4,0,5.0
29.01,55.34,29.06,43.92020553210748,1,4,1,13.3
26.34,61.87,22.93,35.7846812355861,3,3,1,22.7
35.78,74.8,29.82,31.96049934872366,0,2,1,22.3
32.44,64.0,39.76,12.819188513154922,4,9,1,23.5
32.97,61.72,42.69,15.031914930958013,4,2,1,25.5
31.1,50.28,40.57,39.858727057568096,1,1,1,9.3
22.47,54.03,32.7,3.8752965697733788,1,2,1,33.8
30.79,53.82,68.44,19.355459821529358,2,6,0,5.0
24.61,63.9,70.0,38.13322408734807,2,7,0,5.0
23.98,44.94,20.0,21.05295116568802,4,5,1,31.1
31.47,70.69,49.36,11.52932880109399,0,3,1,23.7
34.72,55.96,37.9,48.34423391036004,4,8,1,7.6
29.61,61.46,58.05,28.3617928608002,1,3,0,5.8
31.02,64.62,47.95,47.23762591182318,3,2,0,5.2
37.21,74.62,54.03,2.914871504462763,3,3,1,28.5
25.11,49.18,41.82,20.446771002053232,3,6,1,19.0
30.57,73.76,66.01,39.82542773510656,2,5,0,5.0
24.71,51.42,45.18,7.331850373431853,3,7,0,27.2
28.43,58.72,43.9,39.08836558008553,4,8,0,9.0
33.71,59.42,29.32,13.230311897720327,0,0,1,33.5
33.15,56.8,52.58,20.76642173573311,0,3,1,17.6
25.99,59.49,20.0,32.01333031138929,3,6,1,24.4
36.92,69.78,32.64,34.92546086519017,1,3,1,21.1
23.18,59.48,46.95,6.008516355945293,4,8,1,22.0
32.34,67.4,31.24,36.06581791050594,3,10,1,17.0
29.28,63.52,20.0,21.674366068723387,4,10,1,28.6
26.4,59.16,66.66,23.142488660332894,1,10,0,5.0
20.13,47.52,24.87,3.8220335977750377,0,7,1,34.0
34.43,72.28,62.22,48.28693483011578,1,2,0,5.0
37.03,73.51,35.21,12.420280055684623,2,9,1,29.4
28.67,55.39,64.88,4.85738897005612,1,5,0,20.5
32.02,55.71,67.83,37.98520966433328,1,3,0,5.0
29.88,57.24,45.44,14.230032441330243,1,4,1,20.8
27.35,62.5,42.01,22.240602050283993,4,2,0,15.1
32.97,79.08,28.62,17.59112049292143,2,4,1,29.8
24.98,62.27,48.83,36.720059465416746,1,3,0,5.7
27.95,67.23,46.01,43.63490851769719,4,1,0,5.0
36.97,75.86,59.72,10.608335535947555,2,3,1,21.7
29.01,58.63,70.0,10.161087998164403,3,9,0,14.3
27.65,58.09,69.07,4.49469244433815,1,5,0,11.0
31.2,50.23,55.54,43.53211793344213,2,7,0,5.0
36.14,74.84,61.48,35.743039760195934,4,9,0,6.8
20.91,53.57,35.19,41.805418640832904,0,5,0,8.5
31.38,57.13,37.26,29.792232426206137,0,2,1,15.5
23.14,53.52,59.52,47.50858026559966,3,0,0,5.0
23.26,52.39,43.65,4.4388550782928355,1,9,0,27.7
33.52,60.5,52.77,4.900758604400473,3,5,1,23.6
27.02,50.44,41.89,6.173564552391964,1,9,0,28.0
35.41,63.84,41.24,48.203949486066364,1,6,0,8.7
22.38,50.14,29.26,15.565746811198677,3,2,0,28.8
25.71,56.23,55.63,5.027094390038705,3,6,1,20.3
30.49,62.68,54.33,7.436961933003916,3,8,1,17.9
40.0,60.17,50.97,25.07370657955813,4,5,1,15.1
28.77,63.48,49.52,46.119813264329785,3,0,0,5.0
26.55,58.11,35.01,0.16571897527396517,3,0,1,33.6
26.75,50.01,47.53,27.913067772650564,2,8,0,13.1
24.94,50.42,55.75,1.496777695265139,3,9,0,21.7
29.85,70.42,53.9,27.287240242530842,2,4,0,6.8
33.94,65.0,36.07,14.449824584351866,3,8,1,25.2
29.93,59.13,61.65,35.81611329690256,2,3,0,5.0
29.54,54.01,70.0,32.93452948819619,2,7,0,5.0
26.55,70.7,64.77,49.70728163212189,2,1,0,5.0
20.88,56.47,35.14,2.699409873009273,2,7,1,31.1
40.0,63.63,40.65,34.2815731018306,1,4,0,14.9
31.84,70.47,33.25,25.560153399778873,4,6,1,23.7
35.2,68.47,37.24,12.779286278699637,4,8,1,30.8
29.51,56.65,41.98,13.228903614048104,2,4,1,25.4
24.63,56.02,63.95,33.97498366626304,3,3,0,5.0
31.35,62.93,34.02,26.78322744661782,1,0,1,18.7
30.84,76.53,34.0,42.75183430303679,2,1,1,10.2
29.39,53.28,40.12,17.05948915983274,2,7,0,23.9
24.84,52.43,64.91,41.10112600446502,3,6,0,5.0
28.46,63.35,51.28,40.33066305039698,4,3,0,8.5
28.63,59.57,61.32,22.153139276856336,2,9,0,6.4
25.09,62.93,34.08,33.09706248179035,0,4,1,16.5
25.33,50.43,55.18,46.990862110359686,4,3,0,5.0
31.78,74.98,58.44,26.934327254863387,4,3,1,7.5
29.91,67.67,41.74,30.022475617099705,4,10,0,13.9
28.27,69.62,65.41,19.85134496827552,4,1,0,5.4
28.48,53.77,70.0,14.6238356307752,3,2,0,8.7
36.7,63.11,43.54,18.270274667071025,2,5,0,17.7
27.73,59.27,54.2,5.970804910586919,3,9,0,20.0
31.76,43.24,56.29,10.002444829988727,1,0,1,19.9
27.76,52.38,36.17,1.013321647106663,2,5,1,33.6
33.4,58.26,40.56,21.323606402601,3,0,0,22.8
25.93,48.16,64.92,34.70359251736584,2,1,0,5.0
22.3,56.51,42.72,24.610979648808996,4,9,1,12.7
26.81,64.56,70.0,29.48143451722186,1,7,0,5.0
32.83,68.78,37.84,13.347592112791434,4,10,1,22.5
33.99,68.26,39.64,15.909208807546065,3,0,1,27.4
30.17,61.17,53.11,48.80318232856278,0,3,1,5.0
32.49,58.66,46.52,27.143801558924814,2,9,0,17.0
28.65,55.95,65.2,24.976253712880748,2,10,0,5.0
36.9,52.23,24.84,8.297937174304831,0,5,1,37.9
28.75,56.3,63.61,11.40391664367018,4,4,0,16.1
34.34,68.17,58.41,39.13687578084356,3,3,0,5.0
33.46,60.18,43.06,25.905071760031817,0,3,1,20.3
30.16,73.4,62.27,5.40730526753973,1,8,1,19.1
39.12,61.14,51.1,41.624253682402674,3,4,0,6.6
24.06,65.98,28.05,7.465170178419362,0,2,1,34.9
31.95,59.95,41.17,11.356642175314462,2,3,1,25.8
30.34,54.73,62.24,22.149214958543983,0,1,0,8.5
26.77,64.03,57.33,24.04086382131353,3,5,0,5.7
25.79,47.25,45.73,46.326767656714544,1,4,0,5.0
28.54,61.73,53.85,40.59872484503994,1,8,0,5.0
27.56,67.78,36.61,4.170444734580653,3,4,1,30.1
35.93,62.74,49.08,43.607295839574974,4,2,0,5.7
34.61,67.18,64.16,41.1337257343388,1,4,0,5.0
31.18,55.84,28.31,15.99131048141365,1,4,1,31.3
26.67,42.74,30.17,7.943439487144083,3,3,1,33.9
28.87,57.72,46.25,24.932214581660766,1,8,0,17.0
35.93,62.65,54.57,18.406643944797356,3,7,1,20.0
34.55,55.64,37.76,39.657382522937404,4,0,1,11.7
32.47,67.69,65.89,21.681352969851876,2,10,0,8.4
27.4,56.16,45.88,7.58403605487899,4,0,1,29.1
29.54,54.73,69.41,22.136295069409446,2,7,0,8.9
33.11,67.57,32.21,40.818085994710586,2,10,1,14.5
31.74,63.18,24.75,19.81126273501552,2,3,1,30.7
25.52,57.37,36.07,47.110812612159975,4,6,1,5.0
24.54,53.73,20.6,31.98615981420557,1,7,0,22.7
38.97,55.72,35.47,41.85576103237562,0,9,1,14.7
25.75,46.01,43.13,5.217884522726357,3,6,1,27.7
32.12,69.24,36.58,28.288366123562774,3,1,1,19.4
29.68,65.45,68.73,42.69080704066795,0,6,0,5.0
37.46,68.41,36.8,33.35015895860639,2,4,1,16.9
27.05,43.07,25.9,49.20228009467112,4,4,1,12.1
27.42,50.44,30.86,17.707050740070297,2,4,1,27.8
30.52,69.57,57.08,11.938827878276365,3,0,1,17.3
23.2,51.15,44.35,19.815290123404676,1,1,0,16.2
31.78,65.4,52.23,49.25416835373552,4,2,0,5.0
25.22,48.85,64.83,36.54676828155273,1,8,0,5.0
30.0,60.0,27.0,45.86336160487166,2,8,1,9.5
26.92,56.83,44.88,47.707741715719244,2,10,0,5.0
35.49,70.58,34.23,10.963474630943715,1,3,1,33.8
31.25,67.15,42.57,21.610862602732546,4,9,1,20.3
28.32,57.91,50.54,47.399596753917216,3,3,0,5.0
24.76,43.52,35.03,19.2999462855423,4,2,1,23.9
28.81,49.93,33.75,15.28132551466655,3,9,1,29.1
24.26,46.73,63.59,28.54970756723384,1,4,0,5.0
22.27,61.81,43.11,34.31875934056062,3,6,0,5.3
30.19,67.0,24.65,49.39993988924433,4,1,1,16.1
31.1,60.84,40.17,5.043636811617713,1,7,1,28.9
24.2,46.04,70.0,36.43035962601743,1,4,0,5.0
40.0,74.03,39.34,11.712580835027653,2,6,1,30.4
26.33,58.16,43.91,46.46804397880617,3,0,0,5.0
28.3,52.68,34.22,48.98743135969895,3,2,0,8.8
29.85,70.42,53.9,27.287240242530842,2,4,0,12.5
30.29,53.7,25.09,20.381722780891522,2,10,1,31.2
20.45,45.71,55.91,37.14555926663186,3,9,0,5.0
24.83,54.28,62.54,22.62460188485797,1,3,0,9.4
36.76,59.74,39.36,32.33559048666909,0,10,1,19.6
40.0,67.48,41.87,8.72999540973839,4,7,1,29.2
34.16,69.55,53.12,12.82366654305404,1,8,1,20.2
28.25,54.87,56.78,35.54356330276551,3,2,0,7.2
31.65,52.45,40.07,22.408033110855513,4,5,1,20.2
31.44,53.24,45.64,32.51989853285478,4,5,1,11.8
21.17,57.9,50.89,5.735617726951431,0,1,0,24.9
36.59,60.09,43.56,5.707049134120945,2,8,1,30.5
26.69,61.8,55.35,23.720701076087458,4,6,1,12.5
32.29,63.71,48.26,3.906633984491231,2,8,1,24.0
28.81,49.93,33.75,15.28132551466655,3,9,1,24.6
30.38,53.03,38.43,29.486162457855613,3,5,1,18.8
31.75,46.07,32.2,40.561676721465204,3,7,1,13.5
33.28,69.6,60.82,47.251985775579634,1,9,0,5.0
28.65,59.53,29.64,0.3305472737484605,4,4,1,38.2
27.8,66.49,56.09,36.65849980485399,2,2,0,5.0
28.42,51.12,27.41,6.530333594749887,2,1,1,35.5
22.58,58.31,38.97,12.418327794794564,4,6,1,23.1
30.93,47.92,53.87,27.059249574196585,4,9,1,7.7
21.07,61.79,38.38,14.222833374032135,1,2,1,21.4
28.6,61.06,46.54,1.005268914843227,0,2,1,29.9
32.9,66.64,37.72,27.946380492941287,0,6,1,21.8
26.03,65.26,38.25,49.85981696163924,1,0,1,5.0
32.93,69.74,37.19,30.686874715978302,4,3,1,16.3
30.5,52.65,63.66,23.928259058621887,3,3,0,10.2
23.8,61.91,42.75,47.09561888420747,2,2,0,5.0
28.79,73.96,35.13,45.170255518088624,1,10,0,8.2
34.98,65.83,33.5,19.721005469244247,3,3,1,27.7
28.5,65.02,37.98,32.79438313216465,0,9,0,13.7
20.91,53.57,35.19,41.805418640832904,0,5,0,6.2
31.04,70.01,59.44,8.65786501418958,4,9,1,18.1
33.22,60.99,43.26,37.22042727432046,3,5,0,10.4
34.18,58.31,46.39,21.51458377928794,4,3,1,20.3
26.76,56.88,39.03,7.228199152443226,4,10,1,30.1
30.34,64.88,34.89,22.381319739096643,4,0,1,19.7
29.69,68.57,47.16,48.774066258949645,2,10,0,5.0
36.87,63.49,43.02,45.8104123847706,0,7,0,6.3
31.43,64.88,54.37,5.273607220977455,4,0,1,21.8
25.06,44.32,54.22,19.707763054006584,0,9,0,12.2
28.28,67.72,55.83,17.58702901902739,3,9,0,15.6
32.83,68.78,37.84,13.347592112791434,4,10,1,25.2
29.59,61.69,42.35,40.90269952911946,4,7,0,7.2
29.06,63.72,47.54,16.190480031204586,2,2,0,20.4
25.5,52.83,32.4,33.87963815741672,0,3,0,18.3
25.52,57.37,36.07,47.110812612159975,4,6,1,5.0
24.41,53.52,66.7,29.787246429729734,0,4,0,5.0
24.12,52.17,38.96,45.137617078848265,2,0,0,9.3
30.21,59.88,47.25,11.473611555304148,2,6,1,20.5
28.95,60.12,46.69,12.73181740618306,3,2,0,20.1
25.21,65.01,49.34,4.931753644886927,1,9,0,24.1
27.56,67.78,36.61,4.170444734580653,3,4,1,31.7
25.41,56.57,63.78,13.865853644054916,4,6,1,13.3
26.43,60.25,35.78,28.615707218275617,4,8,1,18.4
38.05,68.85,57.68,16.19858485533629,0,10,1,18.0
39.6,57.34,40.13,43.98046813194104,4,6,1,9.0
28.53,50.22,28.54,5.3176310241651645,4,8,1,38.1
30.49,55.56,64.02,2.742558691623115,2,10,0,22.2
34.0,59.81,36.57,11.678160685886995,4,10,1,27.6
27.04,53.79,60.68,45.10822189087052,0,4,0,5.0
29.04,61.46,26.78,31.627472080277652,4,9,1,19.7
22.18,48.97,24.49,28.55017889771812,1,3,1,19.1
29.84,55.15,70.0,36.59756552672061,1,5,0,5.0
28.31,43.74,42.46,22.584227878625203,3,2,1,18.0
34.66,61.82,45.18,30.617756415761672,4,9,1,13.4
29.85,48.35,49.94,23.32147947607444,3,9,1,17.6
27.6,61.91,38.15,43.25841716386854,4,5,1,11.6
28.33,61.2,58.57,25.03551414486277,3,10,0,7.6
22.59,45.7,33.13,37.95731915872555,0,3,0,9.6
29.99,52.36,48.22,32.112718945640054,0,7,0,9.8
30.0,42.84,46.81,1.2641156228489714,2,0,1,30.4
28.93,59.75,28.26,22.727366898499906,4,6,1,24.4
25.64,55.98,37.32,49.480592338827535,3,3,1,5.0
31.91,54.59,63.99,13.302634988722167,2,7,0,19.3
31.29,60.71,20.0,19.63411728415048,0,3,1,33.9
32.81,73.39,41.77,41.258203927104354,4,7,0,5.3
24.74,60.57,32.84,40.159967838583626,0,1,0,9.1
27.35,70.98,53.73,37.047106974504715,4,7,0,5.0
36.64,64.68,42.16,7.637292740366841,0,10,1,31.5
23.86,56.94,45.96,2.982181318082422,0,6,1,23.7
38.42,73.97,50.41,34.39234052223194,2,8,1,12.2
37.68,71.36,32.07,4.2907398991134045,1,2,1,37.1
27.04,49.54,35.64,19.049709080533507,2,1,1,23.8
27.05,67.65,49.4,7.411324893593779,1,7,0,21.5
29.67,60.39,41.65,13.129168254948226,0,5,1,24.6
27.43,49.52,64.39,36.64322852736598,3,6,0,5.0
35.35,71.27,70.0,36.74149713131506,2,0,0,5.0
25.09,67.19,40.04,43.66356369825861,2,0,0,7.2
29.51,69.53,46.92,0.5964584555174735,0,2,1,30.6
28.92,59.44,57.18,43.282822112580085,2,0,0,5.0
37.23,70.55,31.71,43.9608882667805,2,1,1,15.3
24.83,54.28,62.54,22.62460188485797,1,3,0,7.4
31.96,60.96,58.97,22.516742195291002,1,9,0,12.6
27.49,55.27,67.27,31.35538026083782,2,0,0,5.0
29.7,47.21,42.8,49.30140791378885,2,4,0,5.0
32.18,62.78,23.55,41.03980161774014,2,7,1,16.9
29.99,69.45,20.0,34.62133437307911,2,7,0,22.2
31.02,64.62,47.95,47.23762591182318,3,2,0,5.0
23.52,53.51,70.0,10.590279224724892,4,6,0,10.6
25.12,64.48,52.92,2.997249296673737,4,10,0,19.7
35.66,64.66,38.16,18.99559257437658,2,7,1,23.1
38.0,61.23,26.32,24.784409050682783,0,10,1,30.3
25.52,48.3,60.18,40.19893069372462,4,10,0,5.0
36.43,71.29,30.73,13.682324553243808,1,5,1,30.2
30.94,55.52,28.18,26.198349659106857,1,6,1,22.2
33.21,50.19,41.78,8.445221642158913,0,2,1,28.3
36.28,57.76,50.83,27.612115361108398,1,7,1,13.5
21.61,58.34,25.13,30.455585184008765,1,3,0,16.1
27.97,47.42,60.83,15.550708515830586,1,3,0,13.6
30.76,66.64,56.32,21.70588475655984,3,2,0,11.1
29.49,66.27,41.53,43.64482504688739,4,4,0,5.3
31.19,49.02,53.05,18.507378847662025,3,5,1,21.0
26.9,56.65,22.83,11.63086108274069,4,8,1,35.4
29.8,60.5,33.18,43.98795308923067,3,2,0,9.3
31.68,50.27,50.06,0.2671122772387624,4,2,1,26.8
29.78,63.87,61.27,7.377711651928603,3,1,0,18.6
30.85,53.02,26.39,37.01976850425473,4,10,1,17.6
39.75,66.91,26.89,17.613461808035087,0,0,1,31.4
32.58,58.58,34.16,8.531461617446945,2,3,1,27.9
31.0,62.0,63.0,17.636856379757344,3,1,0,8.7
27.85,61.62,28.3,44.59220766793701,2,6,1,12.3
37.76,69.09,42.99,30.82657359916642,1,9,0,16.9
37.0,70.38,34.26,10.25281969569733,2,7,1,32.2
36.76,71.56,36.82,10.306754181460958,1,1,1,26.5
30.11,59.1,51.32,19.402834010194553,0,3,1,16.8
22.39,59.45,42.31,20.927315630345056,3,7,0,14.8
30.36,59.8,70.0,38.28428063780991,3,4,0,5.0
33.32,59.59,41.45,44.50124096193264,3,10,0,8.7
31.54,53.53,57.76,41.60745885499003,0,9,0,5.0
27.05,53.34,70.0,45.72863746804174,2,2,0,5.0
30.37,48.11,52.79,17.69511330042016,4,7,1,16.3
26.58,48.73,49.63,24.484228793250036,2,9,1,16.0
31.99,67.57,54.82,22.528077091458666,1,2,0,14.0
34.84,64.32,51.31,19.092167898326462,0,0,0,17.6
29.16,66.79,59.72,28.339165473165405,4,2,0,5.6
36.49,58.68,47.81,46.898318709312974,1,1,1,5.0
34.03,53.39,46.23,46.225258187846016,0,2,0,5.0
29.93,55.77,48.12,42.3826988591817,1,9,0,5.5
29.18,66.16,70.0,25.050730944783894,1,8,0,5.0
29.0,58.0,43.0,48.932886624221055,1,6,0,5.0
33.47,57.91,25.73,45.530003785637035,1,9,1,13.7
35.49,77.62,56.57,32.51661277713618,1,2,0,7.5
33.1,57.5,42.07,19.10913268818733,1,0,0,19.6
35.68,58.08,28.71,41.98833263698247,3,6,1,15.8
23.7,41.13,58.8,30.46167073758232,4,2,0,5.0
30.67,66.76,52.32,25.586183277247866,4,3,1,13.9
37.94,60.1,56.48,28.175333340737296,2,3,0,9.6
25.49,51.92,39.46,46.97406666009988,1,0,0,5.4
34.33,62.47,37.74,40.97655095015774,3,9,1,11.9
28.44,52.45,34.64,3.4034802062917757,3,4,1,33.5
36.15,75.78,34.18,0.4356554126008161,3,2,1,41.5
25.22,62.81,49.09,38.06532762933106,3,6,0,5.0
37.13,61.9,67.27,21.404378224486763,3,5,0,7.2
33.24,69.48,65.48,30.927036428358523,1,1,0,5.0
30.4,60.08,37.04,18.27653460863699,2,2,1,23.7
22.71,50.4,40.46,30.633355446588645,0,7,0,12.1
32.09,72.63,35.16,26.904124459678165,2,2,1,19.8
28.44,52.58,36.69,36.8479497575965,0,0,1,13.0
38.84,59.76,40.13,31.466120812561332,0,4,0,19.9
24.12,50.26,37.62,46.459770603337205,2,10,0,5.0
28.09,62.05,41.9,40.578553745573124,3,10,0,6.6
37.81,64.17,31.59,7.156567171602185,4,6,1,38.1
30.08,52.42,26.72,12.595135343622632,3,2,1,29.0
35.05,70.45,42.95,3.6407047156178765,4,4,1,32.1
35.62,63.55,49.96,1.221703504015409,1,9,1,29.1
22.04,42.62,30.2,22.3573071982265,3,10,1,21.4
30.69,58.35,21.33,20.99449616363159,0,2,1,28.6
25.71,62.35,59.19,22.934784317542483,4,6,1,6.9
28.08,60.76,31.53,13.780121119992733,2,10,1,31.9
32.0,69.46,51.38,43.34074601255402,0,1,0,5.0
28.09,63.83,24.31,40.95877509042097,1,9,0,15.0
33.7,54.88,33.13,39.404460525713546,2,6,1,18.5
25.27,52.33,20.33,31.22251481987349,2,9,0,26.7
30.8,50.26,34.44,13.705948537693063,4,6,1,28.8
23.74,59.52,37.9,14.659210127172933,1,4,1,24.2
25.0,50.0,56.0,1.4003105744890498,2,8,1,24.1
39.42,64.09,20.97,42.52954716931046,3,8,1,17.7
32.19,68.94,67.37,48.40407399129145,4,0,0,5.0
28.07,60.67,37.38,23.28504301567684,1,10,1,17.9
30.5,66.53,58.15,14.839141271310597,4,10,1,15.4
25.37,50.94,25.52,12.177885515279845,0,8,1,31.5
34.15,68.11,46.5,45.1719717205063,1,7,0,5.0
25.47,56.12,37.4,45.31723320130338,4,5,1,5.5
23.54,58.86,47.16,49.099194948111986,4,8,0,5.0
35.63,68.45,20.0,42.306408071141426,0,10,1,19.9
40.0,63.46,40.95,46.89539579217415,3,3,0,8.2
29.22,68.58,68.54,31.55731231907219,1,7,0,5.0
40.0,64.09,46.49,44.96885291933064,4,9,1,5.8
23.42,58.34,36.7,27.105906556631115,1,4,1,16.8
24.59,58.22,64.12,42.90093962577271,4,6,0,5.0
28.29,57.33,52.55,28.552750205352783,1,1,0,7.4
34.09,70.6,61.54,32.39890540011089,2,8,0,5.0
34.19,56.72,63.64,2.567475055469892,1,9,0,20.5
32.0,63.0,26.06,30.62843465592434,4,4,1,23.9
22.92,58.85,40.66,39.15183045701211,4,10,0,10.0
31.07,73.26,40.82,9.921944889321372,4,7,1,27.1
36.24,62.61,31.65,24.83137390955818,1,4,1,24.7
27.21,58.5,64.74,23.452580128934052,0,7,0,5.0
25.29,58.68,47.03,15.417316362775402,1,3,0,18.4
20.45,45.71,55.91,37.14555926663186,3,9,0,5.0
32.76,61.99,68.62,5.750360564739982,0,7,0,12.9
26.2,51.04,51.58,37.860450231258746,3,5,0,5.0
35.68,61.52,55.89,12.382410074015088,1,7,1,21.7
32.25,63.55,56.37,25.88852402077561,2,5,0,12.3
38.54,57.01,49.61,31.083131731407455,0,4,0,15.7
39.68,68.29,34.23,46.98507683961368,2,6,1,14.9
25.0,43.01,70.0,41.204017752293545,4,3,0,5.0
32.06,61.93,57.19,21.52117179856666,1,4,0,11.2
37.34,63.39,25.36,23.96091814693657,3,6,1,26.4
30.31,50.75,39.01,3.571892720383274,0,5,1,31.9
32.18,59.36,26.84,8.40297091862769,1,2,1,36.7
32.31,65.98,51.84,30.626146208408482,3,10,0,9.4
32.18,53.01,45.88,45.39924320146823,4,0,1,5.0
34.84,66.6,26.52,45.00488693215906,3,2,1,15.4
33.9,50.25,20.0,35.146840929042064,3,4,1,25.1
29.54,46.05,47.43,39.092663009989344,1,3,0,8.0
29.61,74.1,58.36,45.70782928236151,1,9,0,5.0
27.99,45.61,37.12,24.184756666196943,3,3,1,19.0
34.41,62.43,33.3,20.22928535075687,2,0,1,24.6
28.35,55.27,47.18,43.124870853477915,2,0,0,5.0
21.94,46.3,27.7,46.75016994075359,2,8,1,5.5
23.55,54.07,32.68,37.36893005022237,2,7,0,14.5
31.15,63.79,67.79,2.358057549507897,2,2,0,19.8
25.05,57.08,55.46,17.829888778099868,1,9,0,18.2
35.94,62.93,28.98,4.2038406956718735,3,0,1,41.6
35.06,67.4,28.28,30.10775494485753,2,2,1,20.6
24.85,59.37,45.95,15.658270191861694,2,5,0,18.2
31.27,66.2,43.52,20.7019649230209,1,1,1,19.9
33.0,64.0,39.0,31.107031420893076,1,6,1,20.6
29.82,71.87,24.39,42.37630388729613,3,10,0,17.0
39.89,63.45,47.15,11.648161924025096,4,0,1,30.2
33.6,59.48,46.26,6.091423449154377,4,8,1,28.8
25.29,58.68,47.03,15.417316362775402,1,3,0,17.6
26.7,63.42,24.65,23.405926857545857,4,1,1,28.1
26.46,63.95,63.21,9.0260636371087,4,3,1,15.5
36.25,61.04,42.94,42.79330346070003,4,7,0,8.6
29.0,56.76,20.0,49.56871995029685,4,1,1,13.9
30.23,51.35,46.67,49.500894956189015,0,3,0,5.0
25.82,61.11,39.24,13.927155480236014,3,0,1,26.1
23.79,63.74,20.0,20.910359342406153,3,10,0,28.1
27.57,60.24,46.64,43.06439738784894,0,2,0,5.0
24.35,44.79,34.94,24.612588397191416,3,5,1,16.4
24.84,54.15,44.72,34.06948102056373,1,3,0,6.7
35.72,60.2,69.54,20.836459526293726,2,5,0,5.3
39.17,74.97,29.8,10.230458669032389,4,7,1,33.7
28.87,57.65,56.9,36.10498387193793,0,0,0,5.2
37.17,73.45,62.33,48.874483299438296,0,4,0,5.0
26.0,53.96,57.52,33.78540302821544,1,1,0,5.0
37.62,69.05,44.74,14.072068000705123,3,7,1,23.6
28.87,57.72,46.25,24.932214581660766,1,8,0,16.6
25.05,44.34,25.92,23.730623383182543,4,3,1,23.8
29.52,56.55,31.92,31.09617820547252,1,1,1,20.2
34.57,63.31,53.18,33.86151696718494,3,4,0,6.8
32.42,69.43,36.08,38.67715977424297,1,7,1,8.5
21.56,46.27,50.02,21.584461160642164,3,0,0,14.3
39.13,73.24,41.33,48.6605219393507,2,3,0,5.0
31.19,57.06,56.73,46.85851189294551,3,10,0,5.0
29.11,41.5,57.5,16.26257177973215,0,9,0,15.7
32.86,59.79,41.11,37.548631817066266,1,8,1,8.2
35.06,71.81,44.59,43.654991518016935,3,6,0,6.4
23.61,40.7,39.71,28.225206338520646,1,6,1,13.6
30.3,50.47,46.43,9.654682884194232,3,1,1,26.2
31.27,51.8,65.63,4.386959981555805,0,7,0,18.4
38.44,55.47,52.25,30.37337113564673,3,3,0,15.2
29.0,58.0,43.0,48.932886624221055,1,6,0,5.0
40.0,73.42,42.79,33.072503776245995,0,9,0,15.0
29.48,62.99,28.37,1.2222380197048355,3,7,1,39.7
31.43,64.88,54.37,5.273607220977455,4,0,1,23.8
32.48,64.01,50.17,31.211610640939387,2,9,0,10.0
20.9,47.22,38.74,1.162028118596714,2,6,1,29.6
26.84,54.27,49.61,3.436094815803592,3,6,1,25.5
29.27,71.38,65.51,16.618467831355755,4,8,0,7.8
32.97,79.08,28.62,17.59112049292143,2,4,1,30.5
30.36,62.15,33.85,33.333036395416265,4,7,1,16.9
21.4,45.95,67.15,21.515378043978263,2,1,0,5.0
38.39,69.51,65.09,25.419858213379154,1,5,0,11.4
28.58,65.43,55.68,49.71370820976675,0,8,0,5.0
28.8,49.98,58.83,30.480252817719016,0,8,0,5.0
33.84,54.6,41.99,9.587723233191248,3,8,1,31.3
35.78,56.41,50.19,31.2183357785628,3,5,0,13.2
23.47,59.67,53.64,49.684878949917085,0,1,0,5.0
26.11,44.04,20.63,21.950711120783524,0,3,1,30.5
29.72,63.99,28.27,39.15096806992262,2,4,0,13.3
26.99,44.73,51.9,28.433493943555593,4,5,1,8.2
30.0,60.0,40.0,32.90326023810909,4,4,0,11.5
34.95,64.93,62.63,48.88550715309102,1,10,0,5.0
30.83,69.5,31.71,41.66777235203951,1,5,1,10.6
38.06,56.01,39.45,7.207882824363016,3,10,1,32.7
25.47,56.12,37.4,45.31723320130338,4,5,1,5.0
26.58,49.05,23.6,3.2012355894220135,2,0,1,39.4
31.36,65.7,21.95,33.34195101963621,2,10,0,25.5
26.59,58.55,40.52,15.022560389615053,1,4,0,21.9
29.07,56.52,53.78,22.366088580776598,1,1,0,9.9
28.87,60.59,53.34,47.160168376295154,1,0,0,5.0
37.26,67.14,45.88,47.61735694575335,4,5,0,5.0
28.13,51.6,58.09,42.821089210483024,1,9,0,5.0
32.44,68.93,49.8,40.019452970853756,0,4,0,5.4
29.54,46.05,47.43,39.092663009989344,1,3,0,7.4
33.01,61.9,32.87,4.561683005252354,4,10,1,34.4
25.12,63.88,55.6,30.044539286183124,3,6,0,5.0
24.57,56.6,34.73,40.31004069527192,1,7,0,13.2
29.81,61.85,63.84,23.541014784012237,1,3,0,5.0
24.32,64.62,26.9,49.28397259934535,4,0,0,6.4
33.72,60.97,44.56,18.070611219084952,4,10,1,18.3
29.77,58.83,57.38,38.6157085500397,0,6,0,5.0
26.78,65.69,55.2,23.17132277262901,4,3,0,6.3
29.03,55.07,21.85,24.489494335211415,0,10,1,26.1
30.02,66.59,44.84,22.14438161612467,2,3,0,15.6
26.83,56.77,54.59,11.717066554736894,2,7,0,18.2
26.23,55.01,32.74,17.48112798234057,2,9,1,27.0
22.5,43.53,24.16,41.657782164721,2,8,1,14.4
27.69,58.19,70.0,31.90903076336895,4,5,0,5.0
22.6,55.01,40.3,8.713761610651138,1,1,1,22.4
27.16,55.97,40.95,36.384492313159996,1,3,0,11.7
32.63,64.54,36.41,29.67500910766965,1,2,1,17.3
29.21,62.99,20.75,13.28883678604596,0,7,1,38.1
25.7,52.75,36.55,21.31628206172127,3,6,1,21.9
40.0,70.46,49.59,7.742355486270358,0,1,1,29.0
26.59,58.55,40.52,15.022560389615053,1,4,0,23.2
26.89,51.17,70.0,46.57927514803878,1,8,0,5.0
26.97,44.41,51.42,49.64327013195736,2,4,0,5.0
29.98,73.22,48.77,0.07830603335146069,1,4,1,26.5
31.29,58.97,28.89,24.97206015923971,0,6,1,27.0
30.84,63.15,54.37,21.869772165711694,0,9,0,15.7
26.52,49.31,24.53,9.716088809047058,2,3,1,33.4
35.14,67.73,25.02,34.44217706345538,3,7,1,21.4
30.3,69.31,52.01,27.025061832054416,0,0,0,11.9
26.13,70.36,48.2,12.682808128554813,2,4,0,22.0
29.62,68.68,36.49,41.96475059978408,1,3,1,9.1
33.79,66.5,37.64,8.736556704800414,4,10,1,34.7
30.29,55.55,44.77,4.32815383522267,3,10,1,29.2
30.94,55.34,55.13,9.27081298389833,0,0,1,26.5
24.58,43.05,67.17,18.920884245998725,1,4,0,6.6
39.46,69.85,20.0,19.495427247594225,3,8,1,34.5
30.48,54.04,50.81,22.27060961347223,4,9,1,13.0
32.06,61.93,57.19,21.52117179856666,1,4,0,12.8
40.0,77.37,53.95,27.879859086134267,2,8,1,16.2
32.63,64.09,48.36,25.359384555489157,2,0,0,13.4
33.95,67.15,51.1,2.4396715595873975,4,6,1,28.3
30.02,65.59,54.31,10.832486550927428,2,0,1,20.3
24.96,57.15,41.93,14.67897321923845,2,4,0,21.6
35.3,59.61,44.25,0.6772211860384403,2,5,1,29.9
25.37,57.8,41.73,22.411129769389426,0,4,0,19.6
33.64,66.85,33.19,31.08352278203409,3,0,1,19.5
31.27,51.8,65.63,4.386959981555805,0,7,0,22.2
27.45,66.38,50.14,35.67434922952695,0,4,0,6.4
31.49,71.13,61.76,43.40843678094013,0,0,0,5.0
29.74,50.15,30.71,49.28122052891635,0,1,1,5.0
29.26,46.67,40.59,0.056328343516354185,1,1,1,34.3
34.07,61.18,26.06,21.71314059626092,0,9,1,27.2
27.69,55.55,27.9,34.72936835338321,3,8,1,18.0
29.49,43.74,32.44,18.546752935357684,2,8,1,25.9
30.87,55.7,69.78,28.503463387228923,2,4,0,5.0
31.24,69.27,26.9,11.642875947101427,4,10,1,31.9
24.71,56.84,68.61,42.61353804189182,3,2,0,5.0
22.1,58.03,39.29,30.01907317164239,0,7,0,10.8
23.98,44.87,26.59,28.91170554596706,3,1,1,17.4
30.9,68.25,36.56,27.84880428501423,4,10,1,16.1
33.95,69.5,26.36,19.54073668163175,3,1,1,30.2
35.51,53.67,32.47,40.70465723937418,1,7,1,13.6
25.08,46.33,34.66,20.220033524246777,3,8,1,23.4
21.54,58.62,46.04,21.904144994996877,3,6,0,15.9
22.72,50.47,51.87,47.22598635764721,0,8,0,5.0
28.63,59.57,61.32,22.153139276856336,2,9,0,8.2
28.26,55.11,46.68,28.182802559619134,1,6,0,9.9
34.1,65.21,40.7,40.8762042328519,3,7,0,13.0
36.14,63.2,37.97,45.25080455188658,4,8,1,7.4
27.14,52.85,56.68,46.27430633293686,4,9,0,5.0
33.62,61.17,32.6,8.860552397389437,1,10,1,31.9
27.39,58.97,34.28,2.2454196303852703,4,5,1,35.8
26.13,55.73,53.35,0.5331081490925982,3,5,0,26.2
26.11,42.23,33.59,23.562938233437986,0,4,1,21.3
27.07,68.95,70.0,32.83448274748282,1,6,0,5.0
33.14,62.56,26.19,20.15257651079363,4,5,1,32.4
24.26,66.8,29.59,21.280806214682414,2,0,0,21.3
29.45,51.32,62.42,42.76879020223303,2,4,0,5.0
29.26,71.92,44.23,24.995338469801702,1,7,0,16.9
28.77,55.31,61.58,7.270579156999451,0,9,0,18.9
24.47,48.15,50.29,20.70856288501648,1,7,0,15.4
24.33,46.07,28.21,19.623177248326684,1,10,1,24.6
30.43,70.25,53.78,9.35781487299815,3,3,1,23.4
23.01,46.97,52.66,38.41526225549373,4,3,0,5.0
33.42,61.58,56.87,7.081323672877865,4,3,1,22.6
27.13,62.1,64.44,39.463705790379386,1,4,0,5.0
29.68,59.53,42.04,23.78149397004694,2,3,0,19.3
29.04,51.0,20.0,43.38604725164496,3,8,1,12.7
24.38,63.53,45.36,41.98633952923288,4,4,0,5.0
31.25,65.16,61.75,7.699956761936411,3,0,1,18.5
40.0,79.99,35.61,48.3267033841402,2,8,1,9.2
37.62,72.75,64.33,17.51444665491062,0,8,0,12.8
33.57,54.09,68.48,43.57926643394009,0,8,0,5.0
34.2,76.61,35.31,26.70394900426871,4,8,1,20.1
26.55,70.7,64.77,49.70728163212189,2,1,0,5.0
28.27,69.62,65.41,19.85134496827552,4,1,0,8.2
29.52,60.02,61.06,19.022812406855987,1,8,0,12.0
39.99,72.77,49.75,15.346665576386364,4,6,1,23.4
30.64,43.47,43.45,23.623918913387136,1,2,1,17.6
35.16,53.95,31.14,40.190136571729425,2,3,1,16.1
27.96,53.07,59.54,42.09100766501809,1,7,0,5.0
23.11,55.69,59.61,20.41940733056322,4,3,0,11.8
30.59,54.91,43.28,38.12254745036407,4,0,1,9.0
26.15,68.06,41.5,20.090817229583706,3,1,1,20.9
35.29,66.87,60.63,14.635822939164417,4,10,0,16.0
26.28,48.37,65.31,39.438861865563595,0,4,0,5.0
26.22,48.44,52.01,24.901140357858143,3,6,1,13.6
34.28,70.67,55.22,31.03614065480548,4,9,0,5.3
21.89,59.24,50.57,19.474735278131067,1,7,0,11.5
31.4,63.38,33.1,17.434897073388306,3,7,1,27.6
33.8,52.28,53.31,35.98964118354054,1,4,0,5.0
39.12,70.65,46.22,15.883378299767404,1,3,0,23.2
29.44,67.64,34.34,43.498342029419504,0,3,1,11.5
22.76,48.63,20.61,34.38480799377555,1,8,1,20.3
34.74,68.72,29.09,2.5234660787143426,2,9,1,38.2
25.02,47.4,28.38,29.096771882988335,3,10,1,21.0
35.65,66.09,33.49,17.89949388199652,0,5,1,27.1
22.74,59.33,60.29,36.23018530089268,4,1,0,5.0
25.13,69.36,50.28,5.526326600941639,1,0,0,24.2
28.58,50.54,54.24,27.518298922439087,4,1,1,10.6
23.32,60.72,41.52,2.216066266145517,2,8,1,29.1
30.63,61.45,23.18,32.2656520573359,0,3,1,26.7
31.03,63.64,58.7,18.671832382957753,2,2,0,11.0
26.38,62.82,27.4,37.444078959167584,2,0,0,16.5
34.26,69.87,24.2,19.37100913624881,3,9,1,26.7
26.7,52.31,61.77,15.949202690715387,1,8,0,12.2
38.65,65.81,70.0,10.100081326327516,3,9,0,16.3
39.55,79.33,53.87,44.402500622557525,3,9,0,5.4
32.79,45.26,26.63,43.45774633079792,2,10,1,16.0
34.02,52.63,32.14,2.2617674406003543,2,0,1,38.9
21.17,57.9,50.89,5.735617726951431,0,1,0,20.7
29.9,53.17,58.98,42.75792256923807,0,2,0,5.0
24.0,49.02,37.37,43.12533551826145,1,8,1,8.8
30.78,72.03,70.0,49.687871250124566,4,3,0,5.0
36.77,64.73,55.77,42.12279987164674,3,9,0,5.0
25.28,45.69,24.19,3.295468316005862,2,8,1,35.0
32.81,73.39,41.77,41.258203927104354,4,7,0,8.6
29.26,50.69,34.13,46.87174035548027,2,2,0,8.1
23.69,44.73,48.52,3.3005316455731903,3,7,1,25.7
28.18,56.88,55.26,36.4260919921925,3,1,0,5.5
29.33,55.2,61.35,25.244605019110054,4,2,0,9.1
28.08,52.69,32.35,37.97896832559789,1,2,1,17.0
36.75,69.93,42.63,8.35574502225674,4,4,1,28.3
24.23,54.91,32.3,7.708664094800449,2,3,1,29.1
22.49,46.82,30.38,33.70444346413255,0,9,0,16.1
31.4,56.72,59.17,42.604451755742886,0,0,0,5.0
26.81,58.78,49.15,43.09611063573514,1,5,0,5.0
33.92,55.94,43.63,30.44016464519288,0,2,0,15.4
33.19,51.22,31.92,46.855541773216004,2,9,1,6.2
23.42,53.65,69.68,9.4081842979362,4,0,0,10.9
23.62,48.41,28.57,37.354635693770696,4,0,1,16.2
36.25,61.04,42.94,42.79330346070003,4,7,0,7.8
31.73,54.97,64.26,28.174375598336542,0,1,0,5.8
25.79,47.25,45.73,46.326767656714544,1,4,0,5.0
35.87,58.52,45.11,17.105825544141535,2,1,1,24.4
33.22,67.49,46.8,29.05592172877409,1,7,1,13.5
38.39,61.8,54.73,24.95259371261475,4,6,1,16.5
34.22,66.2,65.25,46.346807784460886,1,6,0,5.0
32.62,52.77,37.75,18.50544172394295,3,3,1,23.2
24.06,57.92,53.93,40.93259184007747,2,1,0,5.0
28.67,55.39,64.88,4.85738897005612,1,5,0,15.6
27.42,45.99,47.82,18.152675712863203,0,0,1,16.1
29.68,74.89,47.11,45.15918189025711,4,0,0,5.0
31.51,55.1,30.6,21.439745181084525,3,9,1,23.7
28.4,57.3,49.24,19.360891618715947,1,8,0,17.5
29.43,60.47,58.66,26.400292379043133,1,5,0,10.7
33.52,65.3,40.12,20.26061319796541,1,2,1,22.3
31.04,52.32,62.57,30.084477475611248,2,8,0,5.0
31.11,63.86,68.38,5.136163353130163,2,6,1,17.4
31.38,67.84,59.74,29.647261093095644,2,3,1,10.5
22.04,42.62,30.2,22.3573071982265,3,10,1,23.9
28.5,65.5,63.01,16.43000103898929,2,5,0,8.8
31.53,71.99,36.06,39.17570560216232,0,10,1,12.2
26.09,69.65,41.82,41.5956251007791,2,1,0,8.2
28.7,50.97,22.32,16.25336235344242,2,3,1,30.3
26.33,59.59,55.24,48.98805196400518,0,1,0,5.0
29.68,46.23,66.65,21.159344463629527,2,6,0,9.3
31.13,63.28,33.21,38.37293765677159,1,2,1,13.1
24.86,54.46,36.36,36.45219082000431,1,4,0,12.1
23.25,48.93,24.15,18.506201761446086,0,5,1,28.2
30.89,66.92,30.15,26.423389224875603,0,5,1,23.3
33.18,56.59,53.96,35.70228691406434,0,7,0,5.0
38.84,59.67,60.84,19.945206867702687,2,6,0,16.7
40.0,80.0,55.43,9.533822558205596,1,6,1,22.1
22.87,41.97,58.12,4.315647136394707,0,1,1,18.8
26.0,53.96,57.52,33.78540302821544,1,1,0,5.0
28.65,59.24,40.45,35.48531669810025,1,0,0,10.2
25.37,56.61,56.98,36.19823093745796,4,4,0,5.0
29.53,46.72,43.55,18.2487747052201,2,7,0,18.5
33.98,67.67,62.06,10.754413652453094,0,5,1,18.0
24.78,59.94,49.61,34.05173052866073,1,8,0,5.0
30.58,58.47,28.12,12.270975902668146,4,2,1,28.8
30.79,62.82,29.74,18.5624182199954,0,0,1,27.1
36.73,56.57,49.51,17.778618490485215,3,4,0,19.4
28.58,62.64,30.24,19.878763554566742,4,1,1,28.9
29.89,52.86,50.67,13.176000801146975,4,4,1,21.5
36.14,63.2,37.97,45.25080455188658,4,8,1,8.9
36.97,75.86,59.72,10.608335535947555,2,3,1,19.7
34.22,56.39,49.89,46.84474771324195,3,7,0,5.0
36.08,58.63,55.26,28.75567115600528,0,1,1,7.3
28.46,54.38,40.69,35.00746302334058,2,1,0,10.9
28.24,54.65,34.37,27.730226668842473,0,9,1,17.9
26.77,64.03,57.33,24.04086382131353,3,5,0,8.8
30.33,57.26,50.77,32.25577194746838,0,1,0,8.3
29.75,55.39,28.42,10.42553100953516,4,9,1,33.4
30.97,57.22,43.37,39.22089231048843,0,7,0,9.8
21.23,56.98,70.0,24.919792888456932,3,1,0,5.0
31.29,58.97,28.89,24.97206015923971,0,6,1,26.3
39.6,57.34,40.13,43.98046813194104,4,6,1,7.0
26.58,70.19,43.73,28.949892469816312,4,2,0,16.3
26.15,52.69,49.11,46.36170398773799,4,2,0,5.0
30.3,65.41,62.34,21.82873442324044,2,4,0,8.6
25.53,66.09,52.38,44.91314974612425,4,0,0,5.0
26.56,59.44,32.72,38.222804485128734,0,3,1,15.8
21.99,47.5,60.36,38.269147794183766,0,10,0,5.0
30.99,57.9,54.41,21.97268585446219,0,4,0,12.5
28.84,58.91,33.06,35.99039004899807,1,4,1,13.3
28.59,69.18,24.11,27.279804746912582,3,2,1,24.4
30.55,64.61,50.52,11.534760724733678,4,7,1,20.9
29.17,47.64,58.77,29.07435251822102,1,5,0,7.1
30.69,63.98,42.43,5.8916447066068915,4,8,1,26.9
35.33,57.99,70.0,46.481674498213025,1,2,0,5.0
22.54,44.49,64.67,26.934844781136498,1,0,0,5.0
23.0,53.85,26.32,29.18595887695731,1,1,1,23.4
31.43,58.06,40.83,25.379490430933853,4,3,1,19.5
28.86,59.22,44.4,6.467169600884681,4,9,1,25.7
34.62,59.62,38.08,19.020240543347683,2,0,1,24.6
33.0,55.09,52.37,41.59532807678323,0,7,0,5.0
24.24,45.3,68.56,8.430278979384376,1,0,0,15.2
24.51,56.51,46.82,32.45836722507951,1,10,0,9.4
30.73,69.57,52.05,46.31305247709107,0,2,0,5.0
25.85,55.63,47.46,27.724670397263058,1,5,0,11.3
37.6,72.26,46.43,47.622593986648916,3,6,0,5.0
34.24,61.19,31.95,44.93324998884952,4,3,1,13.4
26.5,59.39,29.76,19.835100886786687,0,1,1,24.7
25.85,47.66,44.43,17.669571774383435,1,2,0,21.5
33.17,52.85,22.87,0.8626383559791062,4,1,1,43.1
30.0,60.0,49.0,16.890371002589095,2,10,0,19.3
28.92,59.44,57.18,43.282822112580085,2,0,0,5.0
29.26,52.37,64.7,27.026335569601446,1,10,0,6.0
32.76,48.27,44.77,16.67959830648612,1,4,1,20.5
26.89,61.88,49.27,9.163944200584966,0,1,1,19.5
29.33,55.2,61.35,25.244605019110054,4,2,0,6.3
28.67,55.39,64.88,4.85738897005612,1,5,0,18.4
38.4,70.12,44.15,48.16220354112091,3,6,0,7.4
40.0,71.27,25.24,0.004898763176203191,3,3,1,48.3
36.37,55.52,51.42,44.26845220067459,3,2,0,5.8
28.64,46.68,31.48,24.676839491868723,4,9,1,19.8
33.83,53.28,46.07,13.73720752162394,2,8,1,23.8
29.41,52.65,48.35,14.678766692983785,2,0,0,21.4
33.16,51.42,47.39,37.561009434598205,2,1,0,9.7
33.47,59.46,64.44,41.71691299446347,4,10,0,5.0
37.0,62.94,55.83,39.52903205502143,2,7,0,8.2
35.14,68.94,36.73,12.548376305740872,4,6,1,29.6
32.28,57.19,36.23,30.265727668531806,3,10,1,19.1
31.59,69.57,52.01,27.719922339969127,0,9,1,10.9
35.88,65.43,51.08,48.32523826840198,1,5,0,5.0
29.05,63.39,46.94,20.8612695408385,2,10,0,18.7
29.71,47.01,64.16,48.04658619395338,2,2,0,5.0
30.86,61.47,38.53,32.2645513976235,3,5,1,10.7
34.59,63.22,42.17,5.613857100803949,1,3,1,31.7
32.16,62.99,55.68,48.551795786170324,3,0,0,5.0
30.23,73.9,61.14,16.757389600618144,3,2,0,14.3
34.1,73.46,37.36,11.193049494328589,3,2,1,28.8
40.0,52.95,43.51,35.6390077626135,2,10,0,13.7
24.98,62.27,48.83,36.720059465416746,1,3,0,5.0
27.83,48.97,45.35,20.329131267199642,2,6,1,17.2
24.04,55.63,32.97,30.287776249993254,3,7,0,16.1
28.16,51.2,43.04,47.46423815713946,0,0,0,5.0
39.87,60.83,56.01,40.98812509099267,1,0,0,7.1
28.78,60.98,46.86,48.65277545916661,1,4,0,5.0
25.92,43.31,64.77,10.311746380921754,0,7,0,17.1
24.5,42.83,57.23,29.711462424776315,2,1,0,5.8
25.93,53.67,42.39,1.0747884193154589,1,6,1,25.2
34.16,59.81,60.87,1.0133941154596204,1,7,1,24.4
34.64,71.11,52.82,49.23872329710698,0,9,0,5.0
23.91,47.47,43.3,11.156876704530049,1,3,1,24.4
40.0,63.46,40.95,46.89539579217415,3,3,0,7.0
32.06,70.94,66.54,39.69597846966301,0,9,0,5.0
36.93,71.6,35.49,1.8571858771308625,2,3,1,36.7
25.71,56.23,55.63,5.027094390038705,3,6,1,21.7
26.34,51.73,64.26,37.67103861064896,3,3,0,5.0
37.88,74.88,27.06,37.194282336911414,3,9,1,17.4
36.66,60.99,46.13,46.762035020344456,2,10,0,5.9
33.34,55.85,23.34,20.16147414369221,3,8,1,31.6
28.66,59.28,48.06,17.88714820891868,2,3,0,17.7
31.06,58.28,27.05,38.204096755052305,3,7,1,16.1
26.59,58.55,40.52,15.022560389615053,1,4,0,24.1
27.98,63.97,45.35,10.424837746894195,2,0,0,21.8
29.15,45.48,44.29,6.410317151998646,1,10,1,28.0
31.81,66.62,69.44,41.23338085424062,4,7,0,5.0
29.65,55.27,57.09,14.487551377352009,0,4,0,18.4
21.05,55.2,44.12,49.007068031470084,1,2,0,5.0
32.75,63.09,59.4,7.536597477003987,4,3,1,22.7
31.13,57.22,49.42,19.575566875330107,2,0,0,18.0
37.62,56.81,33.81,9.968577816026198,1,5,1,36.1
29.35,59.63,48.74,37.849123207461076,1,9,0,7.5
36.35,69.02,43.17,3.0637562258214124,2,8,1,30.4
33.83,53.28,46.07,13.73720752162394,2,8,1,23.2
35.05,70.45,42.95,3.6407047156178765,4,4,1,31.1
29.5,50.06,63.05,7.603293511765874,1,7,0,16.6
32.86,59.79,41.11,37.548631817066266,1,8,1,11.9
30.4,61.28,25.58,42.369128708004986,4,6,1,17.2
28.97,59.7,23.81,43.26046235801472,2,5,1,11.8
31.74,68.91,47.96,40.66088965541868,1,4,0,5.2
22.26,52.88,34.12,17.759159191398506,2,1,1,25.0
30.57,73.76,66.01,39.82542773510656,2,5,0,5.0
29.05,52.0,53.16,0.7036421637184764,0,1,1,24.0
31.27,51.8,65.63,4.386959981555805,0,7,0,21.5
24.51,46.17,65.49,35.037384731512674,4,8,0,5.0
26.91,44.27,23.76,5.68163631616036,2,0,1,34.6
29.08,58.44,44.95,17.250371124824255,1,5,0,19.5
24.63,51.74,20.0,16.127067914030523,2,6,1,34.9
30.64,48.22,36.77,13.334590512910477,4,2,1,23.6
27.98,46.24,47.68,25.533314062371947,2,3,0,15.6
36.39,77.53,52.2,42.33575935976055,3,8,0,5.0
24.84,49.58,47.64,23.595594655361374,2,0,0,13.3
25.23,45.43,37.13,7.933905273310193,0,1,1,26.3
26.18,54.54,46.83,34.835023748836,4,9,0,8.8
23.05,52.61,60.11,2.643157011700498,0,9,0,21.3
25.5,51.34,61.51,26.92555523395968,2,1,0,5.3
28.93,60.61,46.4,8.71582424778336,4,8,1,22.2
24.83,51.23,46.97,16.369840421252242,3,4,0,20.1
30.08,61.49,52.42,17.16964185583877,3,5,0,14.3
37.21,74.62,54.03,2.914871504462763,3,3,1,25.3
24.51,46.17,65.49,35.037384731512674,4,8,0,5.0
26.95,47.7,20.39,13.408285592967529,1,2,1,32.6
21.98,50.4,45.37,2.008901896878462,2,2,0,28.7
30.18,63.89,56.27,12.361472220620156,1,4,1,16.3
26.11,62.81,52.46,41.7018913062263,0,3,0,5.0
28.04,57.31,37.69,9.096213441366558,1,3,1,30.7
28.3,60.42,55.44,25.93525228660355,4,6,1,9.2
25.42,58.73,53.39,44.22583143683835,3,5,0,5.0
31.0,62.0,48.0,9.997654926775162,4,3,1,24.9
28.18,65.54,54.63,38.90276431049598,1,4,0,5.0
31.15,58.86,38.45,45.578286283853025,0,10,1,7.4
22.03,55.73,44.87,27.74804084462479,4,10,0,12.2
28.11,64.09,65.53,42.347054859611596,4,7,0,5.0
30.2,52.48,47.01,21.595536563196955,0,4,0,16.0
32.2,69.66,64.67,42.91992999434673,2,2,0,5.0
27.08,64.97,38.34,27.712696441443935,3,2,1,18.1
28.67,68.13,40.26,12.626002399853897,2,3,1,29.4
30.64,48.22,36.77,13.334590512910477,4,2,1,29.5
26.44,66.93,58.88,44.5134413241618,1,0,0,5.0
27.62,44.14,40.81,23.82026742438721,2,6,1,21.1
33.42,55.21,54.88,31.046788947471697,1,5,0,8.9
33.38,53.41,50.46,24.710197648842495,1,5,1,19.1
34.5,63.22,50.73,26.360029582587902,2,2,0,11.0
23.59,52.26,42.23,28.98461659104142,4,8,1,12.1
32.17,55.02,37.37,17.936831564886713,4,8,1,23.2
39.11,68.35,24.92,35.70891474752204,4,2,1,25.3
40.0,65.06,37.28,12.689748502003928,3,8,1,34.8
36.26,72.92,70.0,47.72676681345408,3,0,0,5.0
27.06,40.83,46.05,26.321943348083177,2,9,1,15.5
34.35,55.97,36.25,16.968695604260738,1,4,1,25.5
21.92,52.16,29.78,40.53823211100759,3,10,1,15.5
33.31,66.96,40.72,9.909737577957994,3,5,1,29.9
29.24,54.29,47.85,18.93641361642664,1,6,1,15.0
24.96,51.91,53.37,9.803176560501125,2,4,0,20.8
30.34,56.6,37.66,11.175206422126616,4,5,1,30.4
34.71,54.61,40.22,13.878834917840265,1,8,1,25.5
40.0,72.84,61.46,42.04105324754532,2,1,0,5.0
30.09,51.69,31.75,4.900611943937077,1,8,1,35.6
24.98,67.9,70.0,44.624772771130026,2,10,0,5.0
21.63,57.62,34.24,13.173706844585025,4,3,1,28.2
29.52,56.55,31.92,31.09617820547252,1,1,1,16.5
31.27,70.01,49.6,41.71970617671991,3,8,1,5.6
23.28,50.87,49.11,30.840472398526952,1,6,0,7.5
24.0,49.08,66.12,5.431507040806221,3,4,0,16.5
30.25,72.59,57.4,10.98017827475221,0,7,1,19.2
27.43,49.52,64.39,36.64322852736598,3,6,0,5.0
30.35,71.4,59.98,9.987343300676772,0,5,1,19.9
25.12,50.56,52.48,49.13870479288164,4,4,0,5.0
26.43,60.25,35.78,28.615707218275617,4,8,1,16.5
29.29,69.9,43.81,34.035380238790026,0,3,0,13.5
34.03,53.39,46.23,46.225258187846016,0,2,0,5.0
30.44,56.5,51.85,22.76606576987103,4,10,1,11.8
27.92,65.12,62.24,0.1502603012431547,1,0,1,20.7
30.13,67.09,45.6,2.172073143834785,4,7,1,30.3
34.18,74.74,50.05,49.569573554489146,3,3,0,5.0
26.44,51.89,42.5,36.90582028582634,1,8,0,7.2
27.59,55.45,46.99,47.607682285311505,4,10,0,5.0
31.51,69.17,49.11,22.21942164467714,3,8,1,18.1
30.6,55.38,35.35,30.004323529606175,2,6,1,19.1
25.26,57.8,26.57,43.568487855581814,3,8,1,15.3
33.3,71.48,57.21,7.540152075115297,0,10,1,17.7
37.91,67.79,65.15,38.76757362568339,2,2,0,5.0
27.06,61.03,44.75,49.78065307636712,4,7,0,5.0
26.95,60.64,35.66,12.083898388298985,3,0,1,27.9
31.35,56.17,45.42,33.64067223729397,1,0,0,13.9
33.24,68.84,58.57,21.129793831766815,4,1,1,13.9
35.38,56.76,21.51,41.300023766710524,0,4,1,22.9
35.73,66.71,33.31,38.24763495794451,4,0,1,11.8
22.08,55.41,30.32,49.79087287721807,3,9,0,7.5
31.47,62.21,66.18,10.744042853708347,0,3,0,10.4
21.33,53.57,55.5,14.858490142676539,1,4,0,15.6
24.68,55.24,24.69,28.49067746360244,2,4,0,21.1
34.9,67.59,66.01,37.07713717693161,1,2,0,5.0
30.53,65.11,53.95,21.899545330272147,1,4,0,12.3
31.8,59.13,20.0,32.11497843862152,1,6,1,28.7
22.92,45.66,20.23,4.44661279840573,1,3,1,39.9
27.52,52.93,58.25,41.760262255992885,1,6,0,5.0
33.56,59.78,61.64,32.740051566764386,2,7,0,5.8
30.64,67.36,57.07,15.899927839351651,3,6,1,15.3
26.0,52.0,31.0,6.125313300144181,3,2,1,30.9
32.29,56.56,63.14,15.672409599892696,2,0,0,14.2
31.44,53.24,45.64,32.51989853285478,4,5,1,15.0
40.0,80.0,50.64,35.65415462955187,1,7,0,9.6
30.17,62.48,30.31,6.790278429121849,1,2,1,32.4
31.36,52.48,65.81,36.78458125052457,2,1,0,5.0
35.23,57.62,49.82,29.662389229177617,1,6,1,12.8
28.74,51.47,58.63,48.06661404262451,1,3,0,5.0
37.29,68.48,37.23,21.949741641069288,1,1,1,22.8
34.8,58.49,45.25,29.614103327180608,1,5,0,15.8
24.39,46.09,36.57,42.139881841415836,0,1,1,12.2
29.0,57.95,20.71,23.80098876384013,3,5,0,31.4
35.75,65.56,56.3,2.5919315978917945,2,8,1,26.1
38.5,58.84,52.22,34.54283392393933,0,1,0,10.5
33.41,65.63,33.09,30.842436753898895,2,7,1,21.5
29.88,69.91,32.28,20.694029369392773,4,2,1,24.3
31.29,60.08,42.87,31.054657271592674,3,9,0,16.8
33.77,69.64,40.51,15.186369589344551,3,5,1,27.7
25.76,59.69,42.9,16.286679798228082,1,6,0,23.9
26.17,55.85,65.64,28.531937492809035,2,3,0,5.0
30.89,66.92,30.15,26.423389224875603,0,5,1,20.9
30.17,61.17,53.11,48.80318232856278,0,3,1,5.0
24.44,55.77,43.83,35.55144030067013,0,5,0,5.0
26.61,64.82,70.0,30.63059732475921,0,6,0,5.0
34.68,76.53,33.78,7.309026284110365,0,4,1,35.5
31.55,53.02,39.4,15.93965635632048,1,1,1,25.1
26.2,53.65,56.71,39.55858881212116,4,3,0,5.0
35.49,77.62,56.57,32.51661277713618,1,2,0,10.9
23.36,53.46,54.46,26.230021200770626,3,7,0,7.6
29.6,58.3,44.4,24.269889843703556,1,10,0,20.5
38.33,58.9,40.27,28.928991857648594,1,1,1,15.8
32.35,65.72,27.49,40.60505309411177,3,6,1,17.0
33.54,64.83,36.55,38.87591946422662,1,0,1,12.8
40.0,63.6,26.39,26.57200254030586,0,7,1,32.2
31.25,69.46,61.24,33.34410664092747,2,10,0,5.0
29.26,46.67,40.59,0.056328343516354185,1,1,1,34.1
24.29,53.4,46.77,15.559066975483415,4,9,0,13.2
27.06,61.03,44.75,49.78065307636712,4,7,0,5.0
25.22,48.85,64.83,36.54676828155273,1,8,0,5.0
27.29,59.32,68.93,6.119520992572836,1,3,0,14.5
22.5,58.83,39.36,27.997215073723584,3,5,1,10.9
29.24,54.29,47.85,18.93641361642664,1,6,1,21.6
32.08,69.28,53.59,34.07510303076503,1,7,0,8.1
27.63,47.97,28.92,20.61634524349312,2,4,1,25.1
26.62,60.59,21.88,31.915375146643417,4,0,1,23.7
38.09,64.63,48.69,43.15682814883198,1,5,0,6.6
31.4,63.38,33.1,17.434897073388306,3,7,1,25.8
27.71,49.09,20.19,0.18289085918511971,2,5,1,40.8
33.1,57.5,42.07,19.10913268818733,1,0,0,20.9
32.06,61.93,57.19,21.52117179856666,1,4,0,13.7
26.2,66.49,58.35,39.14153041979799,0,9,0,5.0
29.27,44.77,37.58,30.669263401326763,4,3,1,19.1
35.13,65.69,37.76,49.70095485198497,0,3,1,5.0
26.71,51.41,32.41,8.947903742365016,1,9,1,31.6
28.09,62.05,41.9,40.578553745573124,3,10,0,7.1
29.67,64.14,54.58,24.17500458035095,0,4,0,10.2
23.48,47.79,30.27,49.978057940280465,1,7,0,6.5
34.11,57.79,43.23,10.343264223866477,3,8,1,30.5
27.37,52.08,45.62,5.856422151636326,1,3,0,24.4
33.02,65.44,50.47,40.40127461910156,2,10,0,6.3
27.83,51.16,44.2,6.741887658944207,1,9,0,26.3
29.86,48.43,47.14,48.69936247371425,1,3,0,5.0
34.4,70.85,53.05,46.259180613462654,0,8,1,5.0
31.68,68.95,50.54,17.692283868071822,3,3,0,19.5
38.09,65.45,47.28,41.296493080924634,2,0,0,8.7
30.79,62.82,29.74,18.5624182199954,0,0,1,26.6
29.69,64.81,55.18,37.08439231486945,3,10,0,5.0
21.14,58.75,31.2,25.01652262455936,2,3,0,18.4
39.18,63.25,53.62,36.88665890144143,3,10,0,7.1
28.17,44.52,37.4,25.623579041410448,4,1,1,19.7
33.38,69.64,47.26,41.46026173795686,0,4,0,6.0
27.77,54.61,46.77,25.204540288692783,2,10,0,8.8
36.48,66.13,30.41,39.532931665988755,0,1,1,15.2
35.24,66.47,51.44,42.089784318636084,3,1,0,7.0
27.75,58.01,48.09,37.50083969399694,4,4,0,8.4
29.82,55.72,58.33,48.41502800624113,2,0,0,5.0
27.63,69.25,41.18,20.396396270942585,2,4,0,18.1
30.41,64.96,48.09,39.236318632106624,0,7,0,5.0
33.41,52.42,48.93,21.34998025309199,3,9,0,16.6
28.19,51.2,44.38,38.64943760615323,1,1,0,5.7
31.55,55.2,56.98,11.328909643026208,1,4,1,15.1
28.43,54.4,36.47,32.27515168924604,4,10,1,16.1
27.37,52.05,37.96,31.662482947299033,1,3,0,12.9
31.49,60.18,54.84,29.067976765267016,0,1,1,9.0
29.93,55.77,48.12,42.3826988591817,1,9,0,5.0
38.03,60.56,64.39,26.6699966841077,2,4,0,10.2
30.39,54.61,51.82,33.04881457074707,0,9,0,8.6
24.29,50.63,39.13,49.984755864822084,3,10,0,5.0
33.45,62.3,57.89,16.87138033876266,2,5,0,14.8
33.0,62.92,41.61,28.81538440076955,0,0,1,18.4
24.34,54.43,66.95,9.59905003120552,3,8,0,11.5
33.88,55.46,26.2,20.261931347000665,0,4,1,29.1
29.82,66.48,26.27,12.449844859534842,1,8,1,34.8
33.84,54.6,41.99,9.587723233191248,3,8,1,26.9
36.17,72.76,41.81,11.737901375247684,4,9,1,26.2
23.77,54.99,41.64,8.549473839574285,1,3,0,26.5
29.48,60.63,42.23,41.327001742055785,1,2,0,7.0
30.58,53.33,39.94,24.436477274681646,3,1,1,18.5
28.8,49.98,58.83,30.480252817719016,0,8,0,5.5
35.53,75.2,29.57,23.666843942889248,2,3,1,25.4
31.14,77.02,43.96,46.516951544223254,2,10,0,5.0
38.07,62.7,66.49,30.242007330836522,3,3,0,5.0
36.68,60.6,31.3,27.81682652623978,3,5,1,24.2
32.08,69.28,53.59,34.07510303076503,1,7,0,5.5
34.27,53.73,40.07,42.118951721647264,3,4,0,13.0
29.54,58.68,37.33,14.97041603650251,0,6,1,26.0
28.97,68.66,31.32,6.484197072951837,1,6,1,34.5
33.73,70.72,33.03,49.01068482933312,3,3,1,11.6
28.54,61.73,53.85,40.59872484503994,1,8,0,5.0
30.75,53.95,62.15,32.20921895305216,2,10,0,5.0
29.49,61.99,38.54,20.15303242169633,1,0,1,22.2
36.45,68.49,26.71,31.279287719834503,2,3,1,18.0
24.39,43.91,36.11,8.032813139091143,3,1,1,29.8
25.5,56.26,56.35,39.88679588605868,4,0,0,5.0
22.53,60.17,52.65,22.990464218844597,2,7,0,11.0
37.73,70.55,52.64,47.08637094405077,0,6,0,5.0
27.05,43.07,25.9,49.20228009467112,4,4,1,9.9
27.09,52.83,49.64,37.25761592491574,1,0,0,5.0
26.9,42.45,46.23,28.810866027504172,2,10,1,13.9
31.58,60.79,41.51,45.3380440550445,4,0,0,5.0
37.21,74.62,54.03,2.914871504462763,3,3,1,27.2
24.24,61.14,60.21,49.35016111678559,3,10,0,5.0
36.18,60.7,35.67,33.76067327341876,2,10,1,15.8
33.14,49.74,33.96,43.84830741514899,3,2,1,10.3
29.28,50.3,33.27,20.109035700774907,1,3,1,24.9
39.43,54.27,49.34,7.955083372315974,4,3,1,27.5
32.81,60.28,33.66,26.682637440088524,0,2,1,22.0
27.17,60.75,56.14,45.545055637874896,3,2,0,5.0
29.61,70.69,43.81,48.819654474622176,4,0,0,5.0
30.47,67.64,60.18,23.301405592427756,3,1,1,8.0
38.67,61.25,25.97,41.831716067372255,4,9,1,18.0
25.59,63.6,46.33,42.35783066541022,1,1,0,5.0
37.73,63.94,57.35,29.13810428243323,2,5,0,8.4
26.49,61.97,42.04,26.152350545479862,1,2,0,17.1
40.0,75.91,41.53,18.091082282352094,3,2,1,24.2
24.87,60.88,70.0,47.56127466387426,0,1,0,5.0
26.61,57.49,20.0,39.73315383922631,2,8,1,18.7
35.2,70.49,38.88,28.267367849780033,0,10,1,19.6
29.65,73.8,41.76,15.63671995039143,0,8,0,23.5
35.73,66.71,33.31,38.24763495794451,4,0,1,13.8
31.2,50.23,55.54,43.53211793344213,2,7,0,5.0
29.78,57.79,45.7,4.941824476443929,1,8,0,30.3
28.28,46.26,50.83,27.615025026653978,0,6,1,9.1
21.76,55.45,30.34,10.338836215097402,2,2,1,29.2
35.26,66.79,31.43,40.5245532975499,1,9,1,17.1
38.57,69.47,35.76,34.4168063769708,4,2,1,20.1
30.55,51.34,42.6,3.16476563325937,0,8,1,27.0
36.1,74.43,33.26,45.72124979511777,1,4,1,9.7
27.98,52.26,44.53,18.845699939869633,0,5,0,20.4
21.09,49.87,63.43,45.11248951774955,3,6,0,5.0
32.73,70.57,49.45,25.993973742563874,4,6,1,15.4
29.53,62.5,21.78,26.649260428519966,0,1,1,24.3
29.18,54.42,35.54,33.58662707444125,2,7,0,13.7
28.67,57.85,35.03,4.14566736341429,3,8,1,33.6
27.37,53.95,42.58,0.522744273960607,3,3,0,31.0
23.42,58.92,31.9,0.255312455620027,2,1,1,37.0
29.77,63.41,50.3,40.14783988361248,0,4,0,5.0
32.62,52.77,37.75,18.50544172394295,3,3,1,28.7
32.37,61.99,20.42,2.7441425415297758,2,5,1,46.0
35.78,60.37,32.47,2.220738538297362,2,4,1,38.0
31.53,61.06,40.48,43.06547120470181,0,2,0,9.9
30.54,55.89,36.73,10.177450733273158,3,6,1,29.3
30.38,63.18,56.23,27.444108432998494,2,9,0,5.8
29.41,59.27,43.92,31.35728043567212,2,10,0,12.5
38.65,62.79,58.95,14.291174254729366,0,1,1,22.4
25.37,61.39,48.09,42.27386917360486,3,7,0,5.1
35.9,62.63,37.99,45.0611007745348,2,7,1,10.6
29.25,62.0,55.15,39.05135618115976,1,0,0,5.0
32.68,69.24,30.61,46.16409667858469,2,2,1,11.5
28.67,55.3,38.91,42.34800346559012,1,2,0,9.7
27.73,53.14,25.75,4.703173629365265,1,8,1,37.8
26.65,56.41,66.61,48.02779005954053,2,10,0,5.0
36.0,68.0,62.0,32.585161983776544,3,1,0,5.6
28.2,46.6,47.75,12.608030006837312,0,7,1,21.6
37.27,71.63,41.84,14.19765882503402,0,10,1,26.9
31.21,63.59,39.81,19.924826589559565,0,8,1,23.3
27.59,55.45,46.99,47.607682285311505,4,10,0,5.0
33.65,59.37,58.73,47.53175956789165,4,5,0,5.0
34.2,64.85,39.67,30.27977541410812,1,3,1,13.4
31.98,71.09,57.24,17.262905682155676,1,3,0,13.1
37.26,67.14,45.88,47.61735694575335,4,5,0,5.0
30.77,55.44,46.67,47.63433506982875,1,6,1,5.0
39.1,61.36,46.18,0.04265819545283267,4,1,1,31.5
31.25,65.16,61.75,7.699956761936411,3,0,1,21.7
33.44,67.72,40.98,9.646590376000773,2,3,0,26.2
38.13,56.75,55.03,26.40135171920027,2,10,1,10.1
30.04,58.87,38.82,26.569804905873255,1,6,1,18.6
35.64,61.77,28.86,13.187649677454283,3,4,1,32.9
29.54,60.61,54.07,33.76663484009067,2,8,0,5.0
24.91,47.76,39.44,8.77202897383771,2,2,1,26.9
25.93,48.16,64.92,34.70359251736584,2,1,0,5.0
35.3,76.77,44.61,5.363349088091435,3,9,1,28.5
29.09,65.94,42.43,9.990678107774292,2,6,1,23.3
22.37,54.2,28.21,39.31315645393245,3,7,0,12.1
23.32,50.4,46.44,9.749786045492515,0,9,0,21.1
31.58,66.26,59.62,46.29723301070636,4,6,1,5.0
29.22,57.62,50.47,46.162403747586055,2,5,0,5.0
28.68,54.9,52.05,26.8728444100163,0,2,0,11.3
37.6,58.72,21.63,31.238555769519916,4,0,1,29.1
25.5,51.34,61.51,26.92555523395968,2,1,0,6.6
36.47,56.72,31.13,3.9067490034954853,2,9,1,37.3
33.88,80.0,54.46,36.07206459886344,0,5,0,7.7
30.17,59.06,40.76,43.66214782628852,2,1,0,7.5
28.23,63.31,41.67,28.810843487582353,2,1,1,10.0
29.13,67.17,44.42,44.08239052732922,0,10,0,5.0
25.78,62.23,52.74,28.431505286946674,1,9,0,8.9
24.19,50.1,34.02,4.809539950079195,0,7,1,33.6
29.95,45.82,45.65,41.741315329833334,3,2,1,7.3
30.05,58.21,23.31,3.5951154615588345,2,1,1,40.4
33.01,61.9,32.87,4.561683005252354,4,10,1,38.6
26.51,50.69,57.11,44.3789053727173,4,8,0,5.0
21.59,47.89,48.19,26.95740769362718,1,0,0,9.4
28.01,50.89,20.0,35.58698242907348,2,4,0,20.8
29.17,44.69,36.86,2.443935235321443,3,9,1,32.9
30.97,52.6,49.95,12.76058791347655,0,10,1,20.4
30.94,49.64,52.81,24.742586750065293,0,10,1,9.4
33.79,66.5,37.64,8.736556704800414,4,10,1,31.2
31.21,67.98,48.85,20.98757198363808,0,6,1,16.8
32.19,46.35,37.41,49.77020211740897,4,7,1,5.0
31.48,59.28,37.95,34.93095265757261,0,7,1,13.7
29.51,69.53,46.92,0.5964584555174735,0,2,1,29.7
35.14,68.94,36.73,12.548376305740872,4,6,1,31.3
33.12,60.82,39.61,25.80930136750787,4,2,1,21.5
28.53,58.99,66.34,21.99688555135342,3,4,0,7.5
21.68,57.86,23.08,49.539124436248,3,7,0,12.7
32.61,72.07,32.62,21.36212081297273,1,4,1,24.4
35.28,59.92,52.55,17.912967709825484,0,5,1,18.2
28.78,57.35,64.43,32.36971031704844,4,5,0,5.0
30.28,53.79,45.41,32.57695157965683,0,2,0,14.0
31.35,62.93,34.02,26.78322744661782,1,0,1,22.2
38.59,58.32,22.54,38.15265695544648,4,1,1,20.7
35.72,63.95,56.88,32.351651939854065,0,0,0,8.5
29.06,54.83,25.81,43.7254646953071,4,0,1,12.8
22.59,47.12,34.78,26.31262197657994,0,2,0,17.6
28.82,53.22,38.74,9.725633325966381,1,2,1,30.6
29.48,41.38,29.63,33.14847823872764,3,2,1,17.7
25.21,65.01,49.34,4.931753644886927,1,9,0,27.0
29.22,57.62,50.47,46.162403747586055,2,5,0,5.0
22.82,48.25,49.55,13.729392592476797,1,3,0,21.8
34.46,78.03,54.74,16.394081784167795,3,4,1,16.5
35.16,68.01,47.87,40.88975931046835,1,0,0,8.6
24.9,56.17,38.53,11.404084263062476,2,7,1,23.5
35.33,63.38,24.82,25.312643412812097,4,5,1,26.4
29.65,57.73,44.42,41.03437311440455,2,1,0,5.0
37.29,68.48,37.23,21.949741641069288,1,1,1,29.0
28.97,47.91,47.29,13.618434153675302,0,4,1,18.9
25.61,46.7,28.16,31.69289306299981,2,1,1,16.4
31.81,62.69,55.11,32.9962951444152,4,0,0,5.7
32.99,64.5,30.16,39.16344864663761,3,6,1,15.4
25.5,45.0,31.33,39.57113134067307,1,4,1,13.6
26.64,56.92,41.8,3.0783913178383027,0,5,1,30.1
33.41,62.74,23.04,33.88846814633881,0,10,1,26.2
23.43,55.73,32.02,23.069108937103895,4,4,1,24.7
24.89,41.79,54.45,14.797881637128285,0,2,0,15.2
28.87,60.59,53.34,47.160168376295154,1,0,0,5.0
31.06,58.49,40.24,14.657190415913124,0,1,1,22.5
29.43,48.63,56.66,27.44861365072562,3,10,1,10.4
26.83,56.77,54.59,11.717066554736894,2,7,0,14.7
25.06,58.7,42.9,26.205146373055992,4,2,0,14.3
29.86,48.43,47.14,48.69936247371425,1,3,0,5.0
32.52,64.65,24.55,36.982944866189534,4,8,1,20.4
31.27,62.18,32.06,13.640156403437715,4,6,1,29.8
29.82,66.48,26.27,12.449844859534842,1,8,1,34.7
28.69,43.52,47.72,40.6444245518825,0,6,0,5.3
29.8,61.21,33.62,49.28361024353075,2,8,1,8.4
32.4,66.97,35.57,43.45920565111209,4,1,1,11.1
27.48,60.62,44.8,14.13854086379679,0,8,1,21.2
27.69,55.28,34.84,6.390905862731455,1,2,1,32.6
25.81,58.56,40.21,49.97854246120802,0,10,0,5.0
31.4,69.24,29.06,44.22659386266622,3,4,1,11.5
30.27,58.64,44.46,46.62424823132796,4,6,1,5.0
34.02,68.57,47.58,41.55818456162521,1,3,0,5.0
30.08,70.31,42.74,17.7592643652572,4,7,1,22.2
27.49,53.12,50.69,32.423718035545974,1,9,0,8.1
28.06,49.09,36.0,2.632030518165629,1,2,1,33.5
29.23,43.46,33.17,35.47741864100911,2,2,1,16.1
30.88,44.61,40.83,38.47710549478689,1,0,1,9.3
24.22,59.75,30.07,32.6501390907442,0,2,0,18.7
36.3,68.21,70.0,40.73216823773333,3,0,0,5.0
29.35,62.25,39.85,14.047635594808028,2,2,1,25.5
37.22,66.08,50.07,15.497616154935379,4,6,1,20.2
31.19,71.44,46.39,43.83005433022812,2,3,0,5.3
24.98,62.27,48.83,36.720059465416746,1,3,0,6.7
27.98,42.2,60.29,15.568106894706995,1,7,0,9.4
21.15,51.19,29.68,46.193287770411835,3,8,1,7.1
23.78,50.2,41.1,22.422068496279046,1,10,0,20.2
33.32,78.29,41.09,1.7456304204787054,4,8,1,31.0
31.81,57.99,62.68,30.08887586449431,4,2,0,5.0
27.13,53.92,67.62,39.18035544687895,0,2,0,5.0
28.01,42.25,31.47,32.59221697396868,0,3,1,18.3
30.0,60.0,27.0,45.86336160487166,2,8,1,12.5
30.84,54.44,38.5,30.334279201371206,3,10,1,13.2
36.36,66.52,63.86,25.132280961453436,2,8,0,10.5
21.52,56.82,37.02,38.908382293574434,1,9,0,7.8
36.78,74.99,46.32,26.675432053275035,0,2,0,16.4
25.03,57.3,62.78,28.26554962591435,3,6,0,5.4
38.09,64.63,48.69,43.15682814883198,1,5,0,10.1
25.13,54.49,68.4,17.615958461754378,2,3,0,7.1
25.28,50.64,66.87,12.330534351985339,3,7,0,12.5
32.9,59.42,57.62,18.291382207192797,0,4,1,16.5
31.2,67.76,37.33,33.16940045839799,2,0,1,15.2
37.79,65.38,42.1,44.23173617511345,2,7,0,9.1
30.24,51.96,38.03,24.28333155113713,0,7,1,17.5
33.07,56.67,54.06,7.174072175330892,4,2,1,21.5
22.25,58.5,48.46,46.691409277588036,4,7,0,5.0
24.57,56.6,34.73,40.31004069527192,1,7,0,8.4
28.21,59.37,42.81,39.36460925681816,3,6,0,7.4
29.58,59.37,36.3,17.14771621479045,2,0,1,24.0
37.61,71.93,31.01,32.765778350243735,0,5,1,19.6
27.91,58.92,33.61,30.549303551568446,3,1,1,19.2
29.97,50.7,36.33,5.724014818200917,1,10,1,30.6
30.72,67.49,51.07,21.862080278554842,3,7,1,14.9
25.5,52.83,32.4,33.87963815741672,0,3,0,17.5
32.92,65.89,35.29,0.2752684202656397,4,6,1,35.8
23.56,60.5,36.73,2.3234458633970556,2,4,1,28.1
30.28,53.79,45.41,32.57695157965683,0,2,0,12.8
25.47,47.11,37.01,49.771471687436744,1,10,1,5.0
27.17,60.75,56.14,45.545055637874896,3,2,0,5.0
28.66,59.28,48.06,17.88714820891868,2,3,0,18.1
27.25,57.18,56.38,33.81789232906026,1,3,0,5.0
28.32,59.01,41.83,48.456460796391156,2,2,0,5.0
29.69,68.57,47.16,48.774066258949645,2,10,0,5.0
31.96,49.13,52.38,48.96426835797077,2,3,1,5.0
25.5,52.83,32.4,33.87963815741672,0,3,0,15.4
36.97,72.6,43.87,31.770662727291448,4,2,0,14.2
27.56,57.7,65.07,29.154737174187055,3,2,0,5.0
29.07,73.52,52.71,8.662153913740678,2,4,1,24.8
29.49,66.27,41.53,43.64482504688739,4,4,0,5.7
31.74,63.6,38.22,44.55568093449268,3,3,1,7.8
34.1,65.21,40.7,40.8762042328519,3,7,0,9.1
30.91,74.59,49.46,18.57870986530431,1,9,1,16.2
31.51,63.07,38.77,8.310935190320045,2,2,1,29.3
34.06,63.07,24.49,24.68946944356551,1,10,1,27.1
27.38,60.32,50.76,11.837512954499353,4,7,1,21.9
21.23,56.98,70.0,24.919792888456932,3,1,0,5.0
27.18,51.26,37.13,18.034788739369155,4,7,1,21.9
31.01,66.62,62.69,0.0443118549489363,4,9,1,24.2
24.68,55.24,24.69,28.49067746360244,2,4,0,21.5
23.04,47.21,40.69,31.12340867580982,3,0,0,11.3
24.25,58.48,37.87,45.560645749879804,0,8,0,5.0
32.94,56.15,39.04,28.96652958942009,1,2,1,18.0
24.2,46.77,25.96,34.1725645732188,1,5,0,17.8
26.51,50.69,57.11,44.3789053727173,4,8,0,5.0
27.38,60.32,50.76,11.837512954499353,4,7,1,21.1
27.49,55.27,67.27,31.35538026083782,2,0,0,5.0
29.16,50.81,20.0,39.64122932324232,0,4,0,20.3
32.77,60.55,61.77,11.794652156834657,1,8,1,18.3
24.06,59.62,70.0,45.27280977264564,3,8,0,5.0
24.82,53.75,47.97,34.60188239540789,0,2,0,5.0
22.39,55.39,53.07,13.630480156914032,2,0,0,13.4
21.23,56.98,70.0,24.919792888456932,3,1,0,5.0
29.07,55.27,45.77,2.671700983642067,3,4,0,30.5
30.77,60.08,39.33,24.902020084285926,0,8,1,21.9
26.21,55.82,40.52,14.784656707406214,0,4,0,24.8
22.06,53.64,62.43,24.67759219829985,4,4,0,6.8
34.05,71.7,24.22,20.446447895367864,1,7,1,30.4
36.99,70.45,29.04,20.961145870260765,3,8,1,30.7
30.48,67.9,25.48,20.668705912677527,1,8,1,29.7
29.61,53.81,38.02,16.211019280091048,2,10,1,23.0
37.88,74.88,27.06,37.194282336911414,3,9,1,19.2
28.07,57.06,54.6,4.130913946677817,0,5,0,23.2
25.07,45.11,36.38,5.509004003573592,1,3,1,30.8
40.0,77.82,37.44,8.556425707468707,3,10,1,30.4
26.8,44.21,38.52,38.94104807282944,4,2,1,7.2
33.66,63.43,49.93,28.435792144713012,0,6,1,9.6
35.75,63.33,35.33,31.420019006732065,1,5,1,16.8
24.41,56.8,34.97,10.99365248608875,4,1,1,27.7
21.29,52.95,54.28,41.234160627530756,0,5,0,5.0
26.22,48.44,52.01,24.901140357858143,3,6,1,9.7
27.74,59.78,39.31,41.48996016497451,0,7,0,5.0
27.46,63.08,52.97,43.92243722385739,0,1,0,5.0
36.42,76.31,27.13,9.297458065284275,2,3,1,36.1
31.12,54.41,55.18,45.27670596080436,1,5,0,5.0
34.05,57.39,35.01,14.259874508716052,2,4,1,26.1
28.71,50.83,38.48,21.040127976677102,1,5,1,19.4
36.08,64.21,51.97,37.33377753307405,3,2,0,8.3
38.61,69.3,41.21,7.35586104988335,0,6,1,32.1
23.21,54.01,47.49,37.63927605227797,2,10,0,5.0
30.49,61.62,43.88,28.560185574638425,1,10,1,14.5
39.46,69.85,20.0,19.495427247594225,3,8,1,31.7
26.87,52.34,36.12,25.67810997938948,0,1,1,20.4
32.22,56.29,48.76,30.29506460295355,0,3,0,10.8
22.94,46.81,28.94,29.172873718509816,3,5,1,18.0
29.21,64.21,54.95,25.113884175288494,3,10,0,9.8
38.22,70.27,63.95,2.5584806471036723,0,2,0,24.3
35.44,66.64,32.53,4.571262333000598,4,6,1,40.1
28.95,60.12,46.69,12.73181740618306,3,2,0,24.6
32.5,63.91,50.78,17.450021358692208,2,0,0,17.0
27.4,59.79,36.45,37.533896824898314,2,6,1,14.7
30.87,58.93,70.0,33.5522754528229,1,5,0,5.0
38.12,64.6,30.72,2.2789873203174493,0,4,1,40.3
30.14,59.84,37.42,40.52668345983224,1,8,1,8.2
23.99,45.86,44.6,39.60097043947526,3,1,0,5.0
38.09,64.63,48.69,43.15682814883198,1,5,0,10.1
35.52,59.79,33.11,43.48061186175094,3,9,1,11.4
28.89,56.51,48.61,21.138062136870612,1,3,0,15.1
25.31,51.79,51.38,11.601208229231158,1,9,0,20.2
29.04,52.28,61.27,45.188991353526575,4,3,0,5.0
33.62,58.44,32.87,33.06188270001068,1,1,1,22.4
23.88,54.05,34.53,18.135689380784676,4,8,1,25.0
33.95,62.48,20.64,20.829191630815863,0,7,1,32.2
28.89,65.73,67.41,9.451150624634685,0,7,0,12.2
31.4,63.38,33.1,17.434897073388306,3,7,1,28.0
30.72,58.49,48.86,37.72407648405779,3,4,0,5.2
32.22,66.16,25.02,47.84152773543309,3,8,1,9.3
37.75,58.35,37.82,21.129436673176688,3,10,1,25.3
26.43,46.63,42.08,14.913353274124697,4,3,1,21.0
27.75,58.01,48.09,37.50083969399694,4,4,0,6.3
34.34,55.85,27.98,42.42470963457991,0,10,1,9.0
31.7,56.91,48.75,1.5600309676403745,0,3,1,30.0
28.09,50.46,25.38,28.134576782422315,4,0,1,27.3
24.38,50.13,34.67,3.1648743658975578,1,1,1,31.4
23.2,51.15,44.35,19.815290123404676,1,1,0,15.6
34.81,77.03,58.09,17.970286336033105,3,7,0,17.1
27.09,50.45,54.43,42.16839270443914,2,8,0,5.0
25.78,57.76,65.12,35.61689138495907,0,9,0,5.0
21.18,47.08,48.85,47.927150016309724,4,6,0,5.0
30.89,66.92,30.15,26.423389224875603,0,5,1,20.5
33.95,67.15,51.1,2.4396715595873975,4,6,1,27.5
28.43,63.69,37.41,8.038968684746594,4,4,1,27.5
37.12,73.45,56.53,34.84957741494166,2,10,0,8.1
29.78,57.79,45.7,4.941824476443929,1,8,0,27.6
29.0,58.0,33.0,43.996250932697045,0,5,1,9.2
23.82,59.74,65.58,37.884001843490076,0,9,0,5.0
39.71,58.79,49.81,24.480938027935505,3,3,1,15.1
33.86,58.35,43.35,45.255439955358526,4,8,0,5.7
27.9,47.35,51.36,24.69623748666064,4,4,1,11.5
34.55,61.85,66.2,12.422894017917269,1,2,0,14.8
25.88,63.35,70.0,14.203244587831087,0,9,0,7.0
33.42,55.21,54.88,31.046788947471697,1,5,0,7.3
24.61,63.9,70.0,38.13322408734807,2,7,0,5.0
39.48,79.62,45.0,11.893132261582018,3,3,1,23.9
29.48,41.38,29.63,33.14847823872764,3,2,1,18.4
30.45,71.76,45.74,20.331129986760466,3,5,0,14.5
20.41,47.39,70.0,32.05035108198389,2,6,0,5.0
25.43,56.25,52.07,29.713429058788748,0,5,0,9.1
24.0,56.92,43.36,21.780714001442053,2,7,0,17.3
35.84,73.34,56.27,30.244938882520483,3,0,0,12.9
31.4,69.24,29.06,44.22659386266622,3,4,1,15.9
26.99,47.9,45.66,1.7999582420486104,3,6,1,28.5
35.11,67.01,48.64,42.94811871957364,0,8,0,9.1
21.36,56.53,34.78,49.45785480309807,0,3,0,5.0
29.52,46.94,40.51,16.199666424746685,3,1,1,22.3
25.69,62.47,65.56,45.60535180441674,0,6,0,5.0
30.98,66.44,29.27,48.53300132123927,4,1,1,11.4
37.46,62.66,42.24,19.894033889776452,1,4,0,25.8
25.12,46.17,43.74,28.160777437932726,3,5,0,15.1
30.12,47.45,64.3,22.26810222418516,2,9,0,10.8
35.01,69.3,40.11,32.80135970213405,4,8,1,15.9
28.67,61.38,48.54,5.81391235872239,0,3,0,25.1
26.41,55.23,43.13,24.09469005581693,0,0,0,18.1
30.02,66.59,44.84,22.14438161612467,2,3,0,18.2
33.25,59.02,58.34,14.10225628422933,0,9,1,17.8
27.74,60.46,44.85,20.093262843685515,3,10,0,16.4
34.33,54.12,42.26,39.145376703683695,4,3,0,10.5
26.34,51.73,64.26,37.67103861064896,3,3,0,5.0
30.04,70.55,48.8,34.46553908568995,2,5,0,9.7
36.47,69.23,46.99,12.778969566894006,4,9,1,20.4
24.06,52.41,28.87,35.58663216166505,0,9,0,20.8
31.73,69.1,20.0,41.8463945351894,0,5,1,16.8
36.26,72.92,70.0,47.72676681345408,3,0,0,5.0
29.6,58.3,44.4,24.269889843703556,1,10,0,17.1
35.08,55.2,65.28,44.162042590281295,3,9,0,5.0
40.0,64.34,28.36,12.339574249932749,1,0,1,37.4
34.66,61.82,45.18,30.617756415761672,4,9,1,16.1
28.35,53.72,56.15,3.660452773182077,0,2,1,23.5
39.91,76.62,45.94,27.71761595665036,3,4,1,13.9
36.0,68.0,62.0,32.585161983776544,3,1,0,6.4
34.72,67.85,69.81,6.6013860392873935,2,0,0,14.9
31.11,61.64,58.52,10.51871927346113,2,8,1,18.7
32.89,53.28,63.35,43.07822100740564,0,4,0,5.0
25.99,48.98,52.04,43.426403811133106,1,2,0,5.0
29.84,56.17,52.61,46.86606283116927,1,8,0,5.0
34.03,68.66,20.0,12.988540006960864,4,6,1,38.3
32.54,58.92,43.95,47.848777334461914,0,8,0,7.4
22.15,48.66,61.0,11.855825050028335,2,5,0,11.9
22.97,52.59,58.34,17.39392846095489,0,3,0,11.8
34.42,71.01,48.66,39.93177598786228,2,8,1,6.9
27.72,52.05,49.01,47.231496941198316,1,3,0,5.0
33.28,69.6,60.82,47.251985775579634,1,9,0,5.0
28.58,65.43,55.68,49.71370820976675,0,8,0,5.0
30.14,55.49,45.37,3.347860728618163,1,5,1,27.4
29.11,56.91,62.25,20.961101821847468,0,2,0,9.2
28.63,50.27,50.74,48.92728977562422,3,10,0,5.0
33.8,56.61,45.77,38.0135660736144,3,7,0,9.4
29.54,70.83,36.15,0.08180185211069668,0,9,1,34.3
32.69,72.28,38.65,4.773172899348338,2,9,1,31.5
28.3,52.68,34.22,48.98743135969895,3,2,0,5.4
32.4,77.68,42.34,8.58197291529893,4,7,1,25.9
37.53,70.73,37.05,19.553828182468102,2,8,1,24.1
34.66,55.05,59.87,20.485876856399127,3,5,0,13.0
35.42,65.57,43.67,20.081758851494634,1,7,1,19.2
22.91,57.98,48.26,33.411249345625166,4,2,0,5.5
29.22,56.15,58.3,24.541115665131663,1,6,0,10.3
24.3,53.62,60.71,13.670629665358753,1,8,0,12.5
38.35,68.02,65.33,36.385396164497216,3,8,0,5.0
27.12,59.72,32.35,36.72476677007216,0,5,0,13.2
24.08,62.89,34.44,43.36572478112019,0,1,1,6.3
33.69,68.75,64.77,28.491344770782106,4,1,1,6.8
28.51,44.09,28.38,42.29533609658064,0,2,1,14.7
32.51,61.45,70.0,16.41150230306787,2,2,0,8.4
28.41,58.44,37.48,17.500187271002954,0,5,1,21.3
30.28,45.85,29.12,35.7220776367764,0,9,1,16.2
34.11,57.79,43.23,10.343264223866477,3,8,1,25.8
32.94,72.52,37.15,46.773555739542985,4,0,1,6.6
25.02,54.12,31.81,15.953906255656591,4,10,1,28.0
23.41,60.75,42.1,14.310827582692475,0,9,0,20.8
37.62,72.75,64.33,17.51444665491062,0,8,0,16.2
26.44,66.93,58.88,44.5134413241618,1,0,0,5.0
34.42,71.01,48.66,39.93177598786228,2,8,1,6.7
28.26,60.74,38.67,42.99631686721308,3,2,1,5.0
24.84,52.43,64.91,41.10112600446502,3,6,0,5.0
26.69,44.45,20.92,11.776914645720199,4,5,1,36.7
27.05,62.62,35.54,29.91656948940109,2,4,1,15.7
32.01,71.7,23.49,49.0517634806934,0,2,1,16.1
36.05,73.59,58.17,36.31862531631418,3,4,0,5.0
36.11,75.99,23.4,35.96196603918766,0,6,1,24.1
31.78,67.11,48.68,15.015287949638878,0,9,0,20.9
30.49,59.19,51.04,42.88365803597872,3,1,1,5.0
23.84,60.67,36.47,49.69267774964546,4,7,1,5.0
27.37,49.31,43.7,28.05084992026193,0,6,1,14.7
29.06,48.7,52.49,46.464517666335546,0,4,0,5.0
28.35,64.21,60.8,30.322668938679836,4,9,0,5.0
26.25,53.05,28.22,31.738605965748807,4,8,1,17.8
24.67,47.76,26.37,36.370134324389305,2,4,1,17.0
29.25,62.0,55.15,39.05135618115976,1,0,0,5.3
35.21,73.16,48.0,30.71668272867527,0,8,0,13.8
27.83,48.97,45.35,20.329131267199642,2,6,1,19.5
36.44,73.6,38.38,38.49103258770292,0,10,1,10.2
33.8,52.28,53.31,35.98964118354054,1,4,0,5.9
30.02,66.59,44.84,22.14438161612467,2,3,0,18.9
27.17,66.27,40.8,3.116288757603003,4,3,1,30.0
22.68,53.23,44.85,37.327014452052396,1,5,0,7.4
32.26,74.11,50.32,35.404181439705766,1,9,0,6.8
29.72,53.18,42.19,6.925009385696324,4,1,1,28.7
35.85,62.3,36.56,5.5598924000488825,3,4,1,36.2
27.68,68.09,32.86,13.866357602997143,3,0,1,27.2
21.4,45.95,67.15,21.515378043978263,2,1,0,5.0
24.63,53.02,36.99,33.176160039524724,2,8,1,12.8
23.83,52.78,20.0,5.755005022248944,0,7,1,38.0
20.55,42.03,63.54,38.40604203904891,0,0,0,5.0
23.85,60.61,56.48,47.72807688078336,0,5,0,5.0
21.84,58.79,53.97,19.591498668512447,2,3,0,11.1
31.09,60.88,24.64,28.442747317152644,4,1,1,25.1
33.52,65.3,40.12,20.26061319796541,1,2,1,19.2
23.82,47.74,30.62,27.292151578024658,0,1,1,16.2
34.03,61.83,32.95,14.671343392735375,3,9,1,26.2
27.2,52.83,31.04,33.08456935401438,3,6,1,15.9
31.78,53.53,40.68,34.67301561810493,2,7,0,14.4
22.28,44.81,70.0,39.190110339838974,1,5,0,5.0
29.43,42.86,23.41,36.50175099631176,1,1,1,18.8
30.23,72.24,57.55,23.59170665671805,3,1,1,11.4
28.96,45.85,38.46,39.618954847578856,3,7,1,11.0
31.2,63.41,20.0,30.56658054937874,0,5,1,26.1
25.0,50.0,64.0,44.56057945658022,3,1,0,5.0
40.0,70.46,49.59,7.742355486270358,0,1,1,23.9
29.85,70.42,53.9,27.287240242530842,2,4,0,12.6
24.53,59.27,42.34,21.854959272476083,1,8,0,15.8
32.4,66.97,35.57,43.45920565111209,4,1,1,12.7
26.44,51.89,42.5,36.90582028582634,1,8,0,12.7
27.16,59.89,53.85,23.818405658033885,0,4,0,10.0
29.82,71.87,24.39,42.37630388729613,3,10,0,17.6
35.15,72.72,54.71,37.065850156201904,2,8,0,6.5
38.75,58.17,52.93,34.243453740749565,2,3,0,9.4
30.12,47.45,64.3,22.26810222418516,2,9,0,5.0
35.22,76.59,24.21,36.3686569027848,2,5,0,20.3
28.49,50.47,70.0,40.64465471007803,1,8,0,5.0
30.92,64.22,55.34,38.984991150011,1,3,0,5.0
25.43,56.68,51.55,26.913469411427016,3,10,0,10.4
25.49,51.92,39.46,46.97406666009988,1,0,0,5.0
23.13,50.43,38.07,48.027078089002835,1,6,1,5.0
36.5,67.29,49.74,15.154042001249234,2,6,1,18.9
33.16,66.73,50.78,19.293978272545033,2,3,1,17.7
28.51,55.73,42.73,26.91326652316985,3,4,1,14.8
30.8,59.23,32.46,17.287675344188912,1,2,1,29.6
27.61,71.93,41.84,45.38426395638235,3,0,0,5.0
25.14,49.84,20.0,47.17073929988535,0,3,1,11.8
30.33,44.11,26.82,10.630595449135333,0,2,1,35.6
33.76,64.28,62.87,45.48911589352458,4,4,0,5.0
30.45,68.48,46.14,32.566194201844176,0,7,1,9.1
40.0,63.61,36.05,37.66117777417388,4,10,1,20.9
28.76,47.19,42.6,1.9876065392592346,2,1,1,32.7
30.26,50.57,43.21,24.241105508677236,0,7,1,19.8
28.43,66.03,44.05,44.476814258128734,0,4,0,7.4
32.64,52.05,29.73,34.36951237437593,4,7,1,15.7
32.58,64.48,27.8,38.337662751120796,4,6,1,17.0
25.09,67.19,40.04,43.66356369825861,2,0,0,6.6
26.38,62.82,27.4,37.444078959167584,2,0,0,18.3
29.72,71.91,52.5,22.971796495403368,3,9,0,12.7
24.05,46.54,42.61,5.032479159115494,0,3,0,26.7
25.6,58.84,34.42,11.286162650986503,2,1,1,28.3
20.22,58.88,39.39,20.294728786703686,4,8,1,19.8
27.65,55.35,34.36,45.37028357269601,0,7,0,9.0
30.7,55.96,30.0,30.230990471712982,0,4,1,19.9
40.0,60.26,61.12,17.529454094481434,1,5,0,16.4
29.0,58.0,40.0,35.27190888559172,3,2,0,9.2
23.9,50.65,40.95,18.464054137951162,3,2,0,19.2
26.22,62.62,25.5,13.589243923032162,1,3,1,31.1
36.75,61.32,50.32,22.167398305546758,1,2,1,19.1
31.63,63.91,42.19,26.230405420686033,3,10,0,18.2
26.94,56.72,39.94,20.231325440616644,4,9,1,18.8
25.82,56.17,23.88,24.786627733177884,3,2,1,27.9
27.23,57.63,49.84,4.373842838383435,3,5,0,27.3
34.85,71.71,50.57,43.89965783703057,2,0,0,5.0
26.99,44.73,51.9,28.433493943555593,4,5,1,11.6
30.44,50.27,63.48,8.991032706748364,1,5,0,19.8
27.78,47.15,25.01,4.282318645558004,3,5,1,33.6
25.41,54.6,67.69,48.7053871368826,2,7,0,5.0
23.96,52.37,25.81,48.239386500554076,4,3,0,11.2
26.75,60.71,69.47,0.22511366122344167,3,5,1,18.5
36.09,74.92,37.36,13.614493498102604,3,3,1,30.2
32.48,64.01,50.17,31.211610640939387,2,9,0,10.4
30.88,44.61,40.83,38.47710549478689,1,0,1,7.4
30.55,55.03,34.97,31.729355101466243,4,8,1,17.4
29.93,59.13,61.65,35.81611329690256,2,3,0,5.0
26.59,61.53,38.46,29.47053956489214,3,9,1,15.6
27.38,57.61,57.88,49.32258552234988,4,3,0,5.0
33.99,61.71,25.59,39.217964733635704,2,4,1,14.5
26.5,57.72,35.19,13.114278411935393,3,7,1,26.7
37.28,59.54,42.77,35.896993555655364,2,5,0,11.2
37.06,68.81,59.59,34.536452096170215,4,9,1,5.0
32.56,71.98,46.27,10.46093432212134,2,10,1,24.6
32.67,66.69,70.0,4.994292453111665,3,8,1,17.1
26.63,64.94,56.15,29.792144439138248,2,4,0,5.0
34.74,69.51,46.51,33.77676677762519,3,8,0,10.7
29.21,68.29,33.86,26.44582755124576,0,7,1,23.9
35.2,70.49,38.88,28.267367849780033,0,10,1,19.2
22.26,52.88,34.12,17.759159191398506,2,1,1,21.5
24.66,47.81,24.37,37.289673159422215,4,2,1,17.4
37.89,65.59,59.98,7.4579465458283645,0,3,1,18.5
23.2,46.23,65.9,15.193696667541634,3,10,0,8.7
26.4,57.87,57.72,1.0970329863170925,4,1,1,22.9
25.22,59.57,27.19,33.2212665284446,1,6,1,17.5
22.33,46.53,40.1,38.18312582385166,1,1,0,7.2
30.04,58.87,38.82,26.569804905873255,1,6,1,18.6
29.22,49.26,33.55,48.1540727119013,3,10,1,12.2
38.74,67.83,43.16,15.760643786212231,2,2,1,24.4
25.47,48.38,36.0,17.526741317765033,0,4,1,24.7
26.52,59.29,37.89,24.005522695202053,0,8,1,15.9
30.4,52.84,59.57,35.41788073082991,1,3,0,6.0
33.17,50.88,48.64,30.673183022599854,0,8,0,12.1
27.08,53.24,47.64,42.93261763300442,2,0,0,5.0
29.08,58.44,44.95,17.250371124824255,1,5,0,20.3
30.22,60.34,59.66,19.165092950142615,0,6,1,13.3
28.83,59.28,49.24,26.760741492876278,4,2,1,12.1
40.0,53.17,33.02,42.89418763138968,3,9,1,10.7
29.05,52.0,53.16,0.7036421637184764,0,1,1,24.6
22.76,49.09,32.91,31.114871003902522,0,7,1,16.6
33.54,59.23,58.43,29.00645215204762,0,8,1,5.0
26.81,59.31,70.0,22.73399590418646,3,5,0,5.0
31.23,44.6,25.08,34.13558472938981,3,3,1,23.3
30.23,73.9,61.14,16.757389600618144,3,2,0,9.4
31.69,53.43,54.42,48.35132188316939,3,3,0,5.0
26.27,55.47,33.28,8.513001025823296,3,10,1,29.4
32.45,50.4,49.3,44.04582015995227,3,7,0,5.0
27.49,65.54,39.21,7.162848528197224,1,9,1,29.2
32.59,59.67,42.91,39.691490160517766,3,6,0,7.7
29.86,50.94,70.0,14.559580687071282,4,8,1,8.0
36.4,62.17,27.49,32.316258873247094,2,2,1,21.3
28.53,56.5,53.26,9.732942446692434,2,9,0,19.2
35.46,68.5,33.83,38.66517009791737,3,6,1,18.0
31.46,59.07,67.98,38.859628535421834,1,6,0,5.0
33.04,56.04,63.33,46.462807362669174,0,3,0,5.0
36.99,77.28,25.49,33.06375671846782,0,10,1,24.2
38.45,63.15,58.06,6.26022946196162,1,0,1,24.6
23.56,56.69,37.04,27.264441553731018,3,7,1,15.4
33.57,60.51,54.06,26.337403773656455,2,6,1,13.1
29.08,54.19,61.72,37.252772628331286,1,3,0,5.0
31.49,47.25,30.78,26.38311544489164,2,1,1,27.2
26.81,59.31,70.0,22.73399590418646,3,5,0,5.0
35.33,57.99,70.0,46.481674498213025,1,2,0,5.0
30.54,67.81,51.69,26.548917336904452,1,3,0,15.9
40.0,53.38,47.05,20.961022975332178,3,5,1,19.5
25.12,42.78,50.96,0.5661077678859039,2,5,1,27.1
35.03,73.63,57.92,24.345915211064153,2,1,1,10.4
21.52,61.31,30.52,30.69591161626964,2,2,0,13.2
31.71,69.4,32.98,15.470940500952684,2,1,1,27.0
27.16,54.78,41.9,19.404442920207586,0,7,0,17.0
29.05,51.18,54.12,6.639643102667869,0,4,0,22.3
23.14,56.97,42.97,40.77409325446081,0,6,0,6.0
32.65,57.34,24.75,35.60010549478443,3,4,1,23.0
29.75,52.14,42.92,34.876517676959075,3,7,0,10.6
28.46,63.35,51.28,40.33066305039698,4,3,0,5.0
26.13,55.16,61.36,11.821405246736678,0,7,0,16.2
26.58,70.19,43.73,28.949892469816312,4,2,0,13.6
24.28,50.9,34.64,16.204934247456844,2,4,1,28.0
28.92,59.44,57.18,43.282822112580085,2,0,0,5.0
37.38,63.08,42.58,41.26448397283504,4,0,1,12.2
33.04,56.04,63.33,46.462807362669174,0,3,0,5.0
33.32,69.38,35.87,34.91168569686777,1,6,1,18.2
26.74,56.43,41.86,49.413456039496076,2,3,0,5.0
28.26,55.11,46.68,28.182802559619134,1,6,0,15.7
31.89,67.32,55.3,22.811302919007808,2,3,0,8.6
33.18,58.37,27.03,44.03203149189785,1,1,1,16.3
27.7,45.51,25.68,30.406804686187527,0,5,1,25.1
30.79,61.55,57.57,39.85430919633732,2,8,0,5.0
32.95,59.16,69.03,33.607066509364564,1,1,0,5.0
30.41,57.18,58.29,9.930468024773825,3,6,1,15.2
29.58,45.95,24.54,6.663498568547205,2,4,1,38.7
29.88,58.26,34.56,33.52796826607098,3,3,0,12.5
32.22,56.29,48.76,30.29506460295355,0,3,0,11.3
25.08,62.43,46.48,37.8243223914965,2,5,0,5.0
32.14,57.35,49.7,22.056688582913715,2,9,0,12.5
29.22,70.28,53.37,11.308500578844715,0,9,1,20.8
27.52,67.88,39.25,11.672794472199943,0,9,1,27.6
37.88,56.28,34.78,8.65569586174293,4,7,1,34.2
26.4,65.11,55.15,47.598001996611245,0,7,0,5.0
32.14,57.35,49.7,22.056688582913715,2,9,0,15.3
33.77,70.96,30.96,10.326750342982937,3,3,1,32.1
28.96,46.48,40.37,18.83005271658899,1,1,1,21.8
24.39,43.91,36.11,8.032813139091143,3,1,1,24.0
39.45,73.14,24.99,0.3788722890774754,4,3,1,43.8
34.39,54.77,35.05,33.89800243834018,1,8,1,17.0
35.92,63.54,54.99,1.1633906430086716,1,8,1,28.0
25.59,52.32,38.18,43.9611107588642,0,7,1,7.6
35.5,64.73,50.91,34.393882655521196,1,7,0,10.4
39.5,68.84,59.07,12.235436215994538,4,5,1,16.3
21.51,55.9,45.54,35.57999934499245,1,3,0,7.4
25.2,48.23,41.84,29.2317912046122,0,2,0,15.0
27.25,57.13,50.89,16.392393295701304,2,5,0,16.1
22.79,44.82,36.75,11.937577835675366,1,8,1,27.9
32.2,67.18,28.11,17.40590047945172,2,0,1,27.8
25.55,62.37,41.64,35.21958253487744,2,1,0,12.2
35.42,65.57,43.67,20.081758851494634,1,7,1,20.1
36.05,70.84,30.08,11.721654331754305,0,0,1,32.9
34.98,64.48,51.57,31.507600170273403,1,9,0,10.1
31.61,60.35,55.88,26.75949062951209,3,1,1,11.5
25.64,55.98,37.32,49.480592338827535,3,3,1,5.0
28.0,47.27,57.35,48.498746631571684,1,9,0,5.0
33.81,60.32,39.79,11.8907645963216,2,4,1,28.7
30.42,61.15,43.96,1.6881048761668571,1,5,1,33.6
32.47,62.87,51.2,29.90941257350215,2,3,1,15.3
23.23,56.75,26.54,42.159888609750766,1,10,0,11.1
37.17,73.45,62.33,48.874483299438296,0,4,0,5.0
32.33,74.41,49.11,47.14203120917072,2,2,0,5.0
37.5,65.89,45.19,48.020448572763684,2,6,1,7.8
31.12,49.68,47.94,37.80445240812569,2,8,1,5.0
30.71,62.97,46.49,28.912615932279063,2,6,1,14.5
28.96,54.55,40.7,19.791970111833557,0,9,0,23.9
27.0,54.0,30.0,1.9682363474691877,1,7,1,35.8
33.05,59.1,34.65,0.9183188263001463,2,10,1,37.4
25.66,59.28,49.09,30.943166728739445,0,0,0,9.1
27.52,64.0,39.0,42.4281299767894,4,2,1,5.8
30.6,53.91,34.29,17.022549268882553,4,4,1,23.6
28.86,61.44,55.03,18.293525161362624,1,8,0,12.4
30.87,53.52,41.73,45.427288347486126,0,5,0,5.0
30.0,42.84,46.81,1.2641156228489714,2,0,1,32.4
35.39,52.28,42.97,37.388599750307414,4,7,0,10.4
34.71,60.96,64.7,42.108904982473526,3,7,0,5.0
29.73,59.06,69.92,9.991326245968885,4,4,1,14.4
25.84,48.25,28.97,10.861215901147714,0,3,1,29.8
35.58,69.81,22.72,31.28904393723671,2,2,1,27.2
25.99,59.49,20.0,32.01333031138929,3,6,1,22.0
28.27,61.15,25.82,45.886415708313635,4,5,1,10.5
25.43,50.72,42.78,3.915172776328707,1,8,1,27.8
37.86,58.44,55.05,30.657928575263043,3,5,1,8.3
30.26,42.39,34.0,48.733485004167086,0,10,1,7.6
32.64,67.85,32.04,38.253664999465215,2,3,1,15.3
31.37,64.37,50.13,22.981202993043155,1,7,1,12.1
40.0,77.37,53.95,27.879859086134267,2,8,1,10.6
26.41,55.23,43.13,24.09469005581693,0,0,0,16.6
37.45,68.76,43.94,42.37945722546411,1,3,0,7.8
22.2,55.19,60.43,43.10328257345988,0,10,0,5.0
34.05,57.39,35.01,14.259874508716052,2,4,1,30.7
37.0,62.94,55.83,39.52903205502143,2,7,0,9.1
33.73,55.28,55.87,22.3611297965956,4,10,1,14.0
29.54,71.68,57.48,0.2789125259755332,4,9,1,22.8
27.21,57.02,67.38,37.846182664602665,3,3,0,5.0
29.46,52.15,55.43,26.012336556002158,4,3,0,11.5
29.67,58.75,40.69,27.05036912498253,4,8,1,16.8
31.59,63.18,56.9,40.24109873369158,0,6,0,5.0
31.48,62.41,24.55,33.83005612764324,4,8,1,18.6
35.11,67.01,48.64,42.94811871957364,0,8,0,5.7
31.02,55.51,28.28,32.263494975812016,4,10,1,19.7
37.59,73.0,62.01,41.01105931092889,3,2,0,6.1
34.67,58.7,28.33,42.17973475602846,4,0,1,13.7
25.42,59.82,44.93,38.355112992765164,0,0,0,5.0
33.57,60.78,51.96,35.68023301176852,3,6,0,8.6
30.0,60.0,61.0,19.91870968730383,2,1,0,10.5
23.88,50.11,28.85,6.700749060354299,1,10,1,30.5
32.33,48.88,31.39,45.80395551072362,0,8,1,8.8
34.46,67.55,53.28,20.11618471320316,0,3,0,17.6
30.6,53.91,34.29,17.022549268882553,4,4,1,26.7
28.82,53.07,33.55,40.71744982992573,1,0,0,13.2
29.78,65.45,39.96,17.49467049839348,2,6,1,22.6
39.45,64.39,43.62,46.568908656244396,1,8,1,5.0
23.83,54.44,52.12,6.678358999256284,1,1,0,23.2
21.81,55.61,64.1,41.47950209900293,3,8,0,5.0
24.85,58.23,20.0,24.334781236481618,1,8,1,27.7
40.0,63.63,40.65,34.2815731018306,1,4,0,16.7
28.21,57.45,20.0,42.94748424593381,4,7,1,19.2
31.41,52.35,70.0,6.707325635276623,3,6,1,14.6
29.92,50.41,62.32,31.136492232450507,1,2,0,6.2
37.39,69.61,67.14,17.002579484309216,3,4,0,15.2
28.87,57.72,46.25,24.932214581660766,1,8,0,14.8
27.86,44.14,58.37,32.222772699317076,0,0,0,5.3
32.64,56.74,45.11,21.168701463872384,3,9,0,20.2
33.95,66.85,45.81,36.98423158064177,2,5,0,9.6
27.34,51.79,44.97,24.96823291086296,0,9,0,14.4
33.14,57.63,47.22,33.106731918415036,2,9,0,10.9
32.86,61.27,49.02,15.523619190410837,2,9,0,19.5
31.37,64.37,50.13,22.981202993043155,1,7,1,12.4
26.97,52.44,68.26,25.938490157060045,1,4,0,5.8
28.52,63.14,37.44,40.631855775929544,0,6,1,8.2
32.45,50.4,49.3,44.04582015995227,3,7,0,5.7
21.67,49.56,59.18,38.8866663121859,4,5,0,5.0
31.27,51.12,66.51,27.26771004831152,0,5,0,5.0
30.95,52.62,32.97,37.99476140544655,4,9,1,15.8
34.51,58.59,67.96,9.052300577164585,3,9,1,17.4
37.11,77.37,42.03,18.34026886490542,1,1,1,22.7
30.35,64.59,65.36,37.91687141452159,2,3,0,5.0
36.71,69.72,41.43,20.269128421904448,1,5,1,25.1
29.46,52.94,48.45,11.117640490856108,1,6,1,19.2
25.49,58.9,27.75,42.03378064627001,4,3,1,18.6
31.44,53.24,45.64,32.51989853285478,4,5,1,9.2
30.3,54.43,45.38,31.430653047800085,1,5,0,9.1
36.69,78.73,43.49,33.222069264813406,3,5,0,12.8
39.78,59.7,70.0,34.64931165707479,4,7,0,5.0
28.97,59.7,23.81,43.26046235801472,2,5,1,18.1
38.65,71.63,59.06,22.853541561584528,4,9,1,13.7
29.25,54.77,56.41,24.896056457288466,4,5,0,9.9
36.61,57.83,47.58,16.714411203861168,4,0,1,21.2
30.0,60.0,61.0,19.91870968730383,2,1,0,9.3
23.33,59.29,45.53,1.0988201654110574,2,9,0,28.2
23.28,54.92,45.0,45.81819740033828,0,0,0,5.0
26.57,52.98,56.7,18.828459700756056,4,9,1,12.2
31.53,61.06,40.48,43.06547120470181,0,2,0,6.0
27.65,50.22,42.85,37.714461283055485,3,0,0,5.3
33.57,60.51,54.06,26.337403773656455,2,6,1,10.7
30.0,60.0,42.0,35.09448476079313,4,4,0,15.2
30.26,47.16,68.58,43.861948104440614,3,0,0,5.0
26.51,45.42,54.34,18.030504480687437,0,2,1,12.5
26.83,54.4,41.76,22.02672195257348,2,8,0,19.4
38.32,58.04,29.6,15.869213873482135,0,0,1,31.2
31.8,67.54,30.73,31.284442975682985,0,9,1,18.4
28.07,71.21,43.64,46.28884376549908,1,9,0,5.0
27.69,55.28,34.84,6.390905862731455,1,2,1,33.3
29.37,63.97,20.0,42.51598010345937,4,10,1,16.7
26.11,62.81,52.46,41.7018913062263,0,3,0,5.0
25.29,59.98,64.0,42.76307300378471,3,6,0,5.0
25.03,48.11,40.57,26.479510626915374,3,0,1,16.1
30.31,54.48,25.49,29.070102166367672,2,0,1,24.4
33.42,53.47,50.87,4.441864134738394,4,5,1,25.0
35.55,69.73,53.43,27.721556827616006,2,2,1,16.9
21.71,49.72,30.07,45.99501461663141,0,6,1,8.3
33.38,53.41,50.46,24.710197648842495,1,5,1,16.5
31.68,59.06,58.41,48.957893990123395,1,6,1,5.0
31.36,66.19,53.63,49.440348239074325,1,1,1,5.0
28.87,42.05,50.69,25.525150887506864,1,5,0,11.1
21.7,60.92,26.89,22.79239160042124,4,2,1,21.8
24.74,47.58,54.2,48.760459393701446,0,4,0,5.0
32.92,60.86,60.26,36.40939367556991,1,3,0,5.8
33.54,64.83,36.55,38.87591946422662,1,0,1,10.8
30.28,66.13,41.03,48.50878967179892,3,5,0,5.0
24.27,59.31,66.91,17.761166425266513,4,5,0,7.8
33.86,68.65,22.84,32.17049850654372,2,10,1,23.4
22.64,49.3,30.33,22.406276694725435,0,6,1,20.1
21.97,48.06,43.61,41.611838645883495,2,1,0,5.0
28.94,60.34,31.18,14.003366961397191,2,4,1,27.7
25.79,60.67,43.34,30.34677744559949,1,6,0,12.7
35.15,68.47,44.92,46.39306954712463,1,10,0,5.2
36.94,59.89,32.39,44.95405254128695,0,8,1,12.8
29.0,52.0,45.0,18.831397174493848,2,8,1,21.6
31.98,58.87,58.24,40.739578331897945,1,0,0,5.0
26.74,56.43,41.86,49.413456039496076,2,3,0,5.0
31.91,73.88,66.05,8.826328578203018,3,7,0,16.6
30.63,63.88,38.71,42.9411974766974,2,6,1,6.7
25.17,47.0,37.3,18.502397339912903,0,9,1,20.3
37.76,71.09,43.07,34.578748903936315,3,2,0,15.2
23.39,51.7,38.58,22.542886972103187,4,8,1,15.4
31.94,53.5,34.06,15.020944595195207,0,10,1,30.2
33.3,61.33,50.98,47.83722758585127,0,7,0,5.0
24.33,52.3,46.6,22.405352434445675,3,1,0,16.8
33.61,58.4,53.84,29.586590249082068,0,7,1,8.1
28.93,57.66,36.39,34.126875628339526,4,9,1,12.4
37.76,62.35,32.1,27.662915299542057,2,1,1,22.6
24.4,60.18,37.67,36.773998027125096,0,7,0,8.2
27.23,57.63,49.84,4.373842838383435,3,5,0,24.6
25.76,51.35,43.13,8.593809091717135,4,5,1,24.3
25.6,45.0,55.92,29.388803491099765,3,1,1,5.0
32.24,49.43,40.27,12.932512574116089,0,1,1,26.4
27.95,52.04,60.22,6.8418596327739,4,4,0,18.6
29.8,65.49,61.86,34.99881112891173,4,1,0,5.0
30.89,66.92,30.15,26.423389224875603,0,5,1,23.5
24.33,52.3,46.6,22.405352434445675,3,1,0,14.5
25.85,62.32,48.82,47.265142991339474,3,1,0,5.0
27.59,52.12,42.52,33.337967364782436,3,9,0,13.6
27.94,59.27,46.39,28.553694745289615,0,1,0,14.3
26.53,50.82,58.73,7.045387273220038,0,3,1,20.5
21.4,45.95,67.15,21.515378043978263,2,1,0,6.4
36.79,65.0,25.87,17.680482508844864,1,10,1,33.9
25.95,57.37,31.82,11.020828351026696,1,3,1,31.1
30.09,63.52,37.48,23.281166030619215,0,6,1,23.3
31.06,67.37,38.26,1.2397747576444462,2,4,1,33.4
23.98,48.21,35.49,19.334116837770715,0,3,1,19.7
24.0,45.62,24.15,17.701091791129652,4,10,1,26.0
31.8,58.18,56.23,2.4897556169842403,3,3,0,20.9
22.18,48.97,24.49,28.55017889771812,1,3,1,18.9
29.62,67.51,41.82,29.26259817367699,1,10,0,13.3
35.09,61.52,60.88,20.83424066119159,0,6,1,12.2
29.78,57.79,45.7,4.941824476443929,1,8,0,29.2
24.6,52.29,30.92,4.11627052355526,0,9,1,35.8
27.0,58.9,67.14,3.5144145243156455,3,6,0,17.3
33.06,58.19,38.52,27.332450909384615,4,1,1,21.4
29.89,59.26,51.55,42.39866181621558,4,1,0,5.0
28.95,60.12,46.69,12.73181740618306,3,2,0,20.4
23.44,49.3,63.03,27.207959045298935,2,8,0,5.0
37.6,58.72,21.63,31.238555769519916,4,0,1,26.2
22.06,52.67,39.56,38.98656022421506,1,3,0,7.2
31.61,65.58,41.29,7.519973728329954,2,5,1,32.5
31.19,54.28,56.93,39.35237424822593,0,5,0,5.0
30.87,58.93,70.0,33.5522754528229,1,5,0,5.0
35.17,70.71,27.27,16.750494730914017,1,3,1,35.2
25.09,54.56,34.08,11.932440253654642,3,3,1,27.0
24.33,66.27,70.0,8.135244509412265,0,2,0,12.0
26.62,62.07,54.61,24.17238255260973,0,1,1,10.5
29.69,64.42,57.32,11.470842950716847,0,10,0,13.6
25.0,43.01,70.0,41.204017752293545,4,3,0,5.0
32.0,62.0,34.0,24.346880165269535,3,9,1,25.4
28.74,51.47,58.63,48.06661404262451,1,3,0,5.0
31.71,69.4,32.98,15.470940500952684,2,1,1,30.9
36.77,64.73,55.77,42.12279987164674,3,9,0,5.0
24.52,45.6,63.28,19.000005360667917,3,9,0,8.0
24.58,66.09,47.42,24.166433894709805,1,4,0,16.6
22.02,60.75,52.93,42.458257659626994,0,0,0,5.0
30.51,70.2,39.78,2.5771522666993283,0,5,1,30.8
40.0,78.86,52.13,29.797758126765107,1,8,1,12.1
24.41,53.52,66.7,29.787246429729734,0,4,0,5.0
29.48,49.92,23.52,29.401551825921214,0,4,1,26.1
28.87,57.65,56.9,36.10498387193793,0,0,0,5.0
32.53,60.02,29.35,10.101253055579617,1,10,1,34.0
25.9,47.84,31.55,12.597701858151522,4,7,1,27.5
32.68,54.45,37.7,11.166439919380972,4,9,1,30.1
28.91,63.15,33.04,11.230785538022909,3,7,1,30.6
29.76,68.21,44.33,17.89566315963921,4,10,0,19.0
40.0,68.47,49.84,35.242880565819455,3,3,0,11.9
21.99,53.33,61.68,11.585449958493038,3,5,0,13.0
25.47,56.12,37.4,45.31723320130338,4,5,1,7.5
38.51,73.59,59.59,38.090752899789834,1,8,0,5.7
29.25,56.07,33.6,49.28221254912038,0,5,1,5.0
23.17,44.36,26.03,28.138328947381176,4,9,1,25.4
26.15,52.69,49.11,46.36170398773799,4,2,0,5.0
24.68,43.45,57.28,33.264319742920215,2,6,0,5.0
30.21,58.61,33.56,40.65734425585835,4,9,1,12.1
37.03,70.38,61.08,21.313139577431805,0,1,1,12.3
27.74,52.16,28.11,0.3583931970504439,1,7,1,35.5
30.72,58.16,47.3,42.68085923806783,3,10,0,5.0
30.96,67.1,48.43,46.14513605863402,2,1,0,5.0
26.99,44.75,36.06,16.779388596882306,4,4,1,24.1
32.6,70.04,38.74,19.385329694047865,0,5,1,19.1
30.53,54.66,40.76,45.243321685340234,3,10,0,7.1
25.35,50.13,25.76,37.44703292257111,3,3,1,18.3
34.46,67.55,53.28,20.11618471320316,0,3,0,14.6
31.94,52.61,58.38,0.7172158412276475,2,4,1,23.7
31.31,73.26,70.0,27.287258265597924,2,7,0,5.0
23.74,54.65,41.61,47.442851917385575,3,8,0,5.0
38.52,65.09,55.29,33.54392985963446,0,8,0,8.2
28.26,59.17,33.07,11.480447389489429,3,7,1,29.9
28.17,50.1,57.67,10.63765440478997,4,1,1,20.8
27.11,57.8,49.87,16.01595756391706,1,7,0,17.0
33.19,51.22,31.92,46.855541773216004,2,9,1,12.0
31.18,47.51,35.51,6.99515405521372,3,10,1,32.7
32.86,68.29,37.77,8.402081576087273,0,3,1,32.5
34.34,54.99,47.61,24.017243327417013,0,8,1,12.4
33.72,61.76,45.98,1.9725255906035022,1,3,1,30.9
30.98,62.94,45.32,7.208639271792822,2,7,1,27.0
29.25,42.98,64.69,33.81751245716489,0,0,0,5.0
38.65,67.93,70.0,46.38484500761253,2,4,0,5.0
36.13,74.73,24.29,48.63884975416649,0,10,1,14.4
40.0,77.37,53.95,27.879859086134267,2,8,1,16.5
26.49,47.78,41.66,10.864587730709186,0,6,1,26.1
31.2,50.23,55.54,43.53211793344213,2,7,0,5.0
31.67,50.73,39.1,8.025286813449206,4,10,1,31.4
30.71,56.46,43.4,3.5316626465976944,1,2,1,31.4
32.04,75.94,20.1,8.699435362293977,0,10,1,38.9
36.1,74.43,33.26,45.72124979511777,1,4,1,12.5
33.21,79.62,35.61,4.4983510459503995,2,0,1,31.4
27.81,66.3,59.63,44.16325120721608,1,1,0,5.0
29.46,59.85,38.35,18.45501195587523,0,6,1,19.5
28.27,52.86,22.36,2.354659057422986,1,2,1,43.3
31.09,65.51,44.74,14.204589785991322,0,1,1,25.9
28.87,58.01,36.28,23.435380574994102,4,9,1,21.2
26.4,65.58,44.9,34.47991615191211,4,3,0,8.6
21.76,55.45,30.34,10.338836215097402,2,2,1,28.9
27.58,61.82,63.26,25.68597110161018,4,8,1,6.5
30.45,47.88,24.31,2.012891636552905,3,4,1,40.6
30.5,44.64,38.98,30.767927513844747,0,3,1,15.3
33.33,61.68,36.85,38.57123090501752,2,6,1,18.2
36.1,74.43,33.26,45.72124979511777,1,4,1,11.3
30.01,59.57,35.04,13.526729233260792,3,2,1,30.5
32.06,46.96,51.16,49.724677805953625,4,3,1,5.0
40.0,65.47,42.28,17.267727675067903,3,0,1,27.0
28.72,54.05,46.87,26.220161252803937,4,10,0,14.6
30.13,57.87,62.23,20.37198906597455,0,5,0,7.1
39.55,79.33,53.87,44.402500622557525,3,9,0,5.0
31.61,61.28,70.0,29.993129336224754,0,9,0,5.0
31.44,53.24,45.64,32.51989853285478,4,5,1,8.6
35.33,67.8,53.53,36.83074572139527,4,7,0,7.5
36.49,59.74,55.86,15.618423555489686,3,4,0,22.0
37.07,65.57,29.2,15.045550469992492,3,4,1,32.5
22.87,41.97,58.12,4.315647136394707,0,1,1,18.5
26.28,48.37,65.31,39.438861865563595,0,4,0,5.0
23.94,60.79,50.62,9.292195107935852,3,8,0,19.0
32.02,49.9,34.01,28.983609325019728,1,0,1,23.2
24.47,57.6,70.0,29.029002331703076,4,9,0,5.0
33.65,66.5,65.99,18.630307842255757,0,10,0,7.4
30.98,57.31,46.71,30.153648899752135,1,5,0,14.6
31.59,60.6,35.3,12.182351959717824,4,4,1,29.8
31.17,69.37,43.42,22.781718350713987,4,8,1,19.8
23.48,58.98,66.26,31.730504133601162,1,5,0,5.0
27.98,66.44,24.95,28.00864792059276,3,2,1,23.0
33.24,70.39,67.47,15.030686278329647,2,10,0,13.6
24.27,52.43,62.34,31.485820347797212,2,4,0,5.0
29.5,43.2,31.87,3.3652384718658612,3,3,1,33.7
29.97,57.71,70.0,26.636692029810007,1,7,0,5.0
35.24,56.8,37.98,43.213007047247146,3,2,1,13.2
30.07,62.6,54.75,37.80373729109699,1,2,0,5.0
36.12,65.18,32.53,48.82000372106533,4,10,1,8.7
30.91,45.69,26.52,16.41681680005773,3,4,1,30.7
29.99,54.05,36.41,41.64998816814021,1,7,1,10.7
29.03,55.12,58.72,36.78278235784093,0,10,0,5.0
35.39,55.43,61.72,21.688839486776253,3,5,0,17.6
29.23,70.7,54.12,27.0150860774232,4,3,1,7.3
28.58,67.94,28.77,31.853334828482037,0,2,0,18.9
26.35,57.93,25.04,47.45020655920992,2,7,0,10.1
25.8,57.61,40.46,36.20264132846211,3,0,0,14.5
28.88,55.9,30.64,13.605433672871186,2,1,1,28.6
27.88,43.64,55.1,39.80933456207556,3,0,0,5.0
33.48,62.18,48.6,33.409464389374385,0,10,0,9.2
26.61,57.1,26.11,22.129001108134904,2,9,1,26.0
23.11,53.38,41.79,44.56910192200097,0,4,0,5.8
26.35,63.69,58.47,10.315246194341665,2,9,1,16.0
25.03,57.3,62.78,28.26554962591435,3,6,0,6.3
26.7,45.04,35.26,13.625987279347418,2,5,1,24.4
37.57,63.17,70.0,39.81585328806663,2,3,0,5.0
33.92,59.98,42.08,35.83366227233751,3,2,0,12.4
26.89,51.17,70.0,46.57927514803878,1,8,0,5.0
30.62,46.34,61.19,41.3331735147565,0,0,0,5.0
31.52,62.74,54.75,2.5002582667306816,4,3,1,24.9
28.97,42.16,45.5,30.401024001525297,2,9,0,15.2
30.81,58.48,41.17,49.224920986276814,1,9,0,5.0
27.65,58.09,69.07,4.49469244433815,1,5,0,16.8
32.19,68.94,67.37,48.40407399129145,4,0,0,5.0
24.52,49.32,48.19,20.67751120014502,0,7,0,12.0
32.11,68.19,40.77,13.12678821161768,1,6,1,25.1
25.57,62.06,37.05,40.87251185951535,1,8,1,6.5
39.46,69.85,20.0,19.495427247594225,3,8,1,34.6
32.55,63.72,35.8,47.142554084246825,4,0,1,7.5
25.71,51.75,70.0,29.335290848020612,0,10,0,5.0
29.92,50.41,62.32,31.136492232450507,1,2,0,5.0
27.25,63.62,40.35,12.333859577417105,0,10,1,24.8
25.99,48.98,52.04,43.426403811133106,1,2,0,5.0
27.84,60.23,45.59,30.28474005317337,3,6,0,10.3
37.14,69.78,61.72,34.691215785814784,4,2,0,7.3
34.65,70.51,57.0,40.80769937338142,0,2,0,5.0
30.14,73.6,67.33,49.47465850476362,3,9,0,5.0
31.69,58.52,66.67,27.021253358185987,3,9,0,5.5
21.7,53.27,56.56,32.754694473775594,1,3,0,5.0
33.79,66.5,37.64,8.736556704800414,4,10,1,30.6
25.18,55.87,41.76,38.43591431402578,4,7,0,6.9
27.77,54.87,39.6,49.700004336354795,2,2,0,5.4
26.51,63.74,20.0,36.41375821953447,1,10,0,18.9
31.02,66.2,60.1,12.074288342429279,1,3,1,18.9
35.78,52.73,32.13,35.6921983765462,4,8,1,18.8
29.19,56.47,54.69,18.204611040642117,2,1,1,13.6
22.18,60.13,31.3,7.705201586566545,0,3,1,28.7
31.47,62.21,66.18,10.744042853708347,0,3,0,14.4
37.76,71.09,43.07,34.578748903936315,3,2,0,12.3
28.99,57.8,41.7,24.43827276150681,0,10,0,21.1
30.87,55.7,69.78,28.503463387228923,2,4,0,5.0
21.92,53.0,33.57,32.79842732428633,0,0,0,17.3
34.61,67.18,64.16,41.1337257343388,1,4,0,5.0
30.3,52.93,55.68,49.38732597227276,2,2,0,5.0
27.47,58.13,56.8,38.3174343241168,0,9,0,5.0
28.88,61.25,55.41,15.346539315397562,3,3,0,18.8
36.14,63.53,29.95,26.45582617535242,3,2,1,26.4
31.52,56.11,29.79,24.42809978644318,1,7,1,23.1
32.82,59.79,46.25,46.061818168462665,3,10,0,5.0
30.62,58.67,46.57,31.553702288418826,4,10,0,9.9
24.32,46.37,64.36,9.219670522957335,4,2,0,16.4
36.09,59.96,40.07,17.008249135617547,3,10,1,21.5
32.22,56.29,48.76,30.29506460295355,0,3,0,17.2
29.57,65.03,65.81,15.169404937974178,2,6,0,10.6
32.66,55.25,20.0,15.835627159771448,3,6,1,33.6
36.55,67.98,40.42,40.940302685349685,1,1,0,9.6
24.73,56.02,64.26,16.451037623889253,1,0,0,8.8
29.77,58.83,57.38,38.6157085500397,0,6,0,5.0
32.33,61.55,52.38,1.8626267441546884,4,5,1,25.5
27.05,61.36,20.0,45.54893649033893,0,0,0,15.7
31.4,56.72,59.17,42.604451755742886,0,0,0,5.0
37.83,62.2,38.9,32.44903969395909,3,8,1,16.6
30.73,70.83,42.3,44.256256243697514,1,10,0,7.9
36.87,63.49,43.02,45.8104123847706,0,7,0,5.6
34.57,53.65,30.56,43.84470009678993,4,2,1,12.3
27.47,46.61,31.72,7.083207786010448,2,9,1,31.1
36.3,68.21,70.0,40.73216823773333,3,0,0,5.0
31.72,45.26,28.54,14.576272438101496,1,3,1,32.1
29.01,61.71,48.57,49.91116826599715,4,6,0,5.0
37.9,75.51,25.35,41.29465991516271,1,2,1,19.7
23.54,47.71,27.92,21.195430499482892,3,0,1,26.6
24.76,56.88,20.0,42.48412496156348,1,5,0,16.6
34.12,78.05,45.51,32.27131691517666,4,5,1,15.2
25.09,43.46,52.01,33.19189288554257,0,8,0,10.1
37.23,70.55,31.71,43.9608882667805,2,1,1,18.7
24.27,51.0,30.89,15.935241737421801,3,8,1,29.2
27.48,47.09,27.89,10.124607456499518,0,1,1,31.5
25.42,55.67,20.0,10.391364552995363,2,9,1,37.1
28.46,63.35,51.28,40.33066305039698,4,3,0,5.0
37.97,62.65,56.53,45.58544047319583,3,2,0,5.0
34.54,69.83,51.36,33.816556813491566,0,0,0,8.1
26.76,43.31,43.64,32.323255614395855,3,5,0,10.5
33.18,58.37,27.03,44.03203149189785,1,1,1,15.0
24.87,66.48,38.24,40.98247689024574,0,0,0,9.6
27.59,52.68,22.3,38.17410984676232,0,9,0,17.9
29.73,65.86,46.73,7.993365209273434,1,2,0,29.8
29.95,54.6,57.41,13.509260561229674,2,3,0,15.6
32.51,67.8,42.49,24.569392103786157,0,8,0,15.3
30.46,71.86,41.95,47.25459552896674,1,10,0,5.0
21.43,41.07,57.57,14.426283905937293,3,9,0,17.0
32.69,57.68,48.14,31.663303480480998,2,6,1,12.4
32.19,56.71,42.67,15.574358953344747,1,0,1,21.7
35.35,55.95,45.52,47.97159802244867,4,6,0,5.0
27.77,54.61,46.77,25.204540288692783,2,10,0,15.3
30.16,47.07,29.44,0.23632723542803546,1,2,1,40.7
29.78,63.98,40.9,8.986334366255832,4,8,1,28.3
29.22,49.26,33.55,48.1540727119013,3,10,1,6.4
40.0,74.04,47.46,24.622366904020282,0,1,1,21.4
39.86,74.47,42.82,21.581254118296627,3,0,0,24.3
37.33,59.48,53.07,38.68426321050632,1,10,0,10.8
31.18,72.57,46.74,6.879736941842624,2,3,1,23.9
35.29,58.77,57.56,34.425226389113526,2,5,0,7.9
38.18,64.93,44.1,48.61351281918941,3,2,0,5.0
36.18,57.1,69.39,30.28975829450708,0,8,0,5.0
30.0,60.0,47.0,3.599651117419639,4,0,1,26.7
31.89,58.53,38.83,27.622525824531852,2,6,1,18.5
26.74,57.16,20.0,3.0463774530792795,1,4,1,39.1
32.92,51.51,35.47,46.54567409800799,0,7,1,12.6
28.01,50.4,61.19,14.535825823046961,3,4,0,16.8
32.44,64.0,39.76,12.819188513154922,4,9,1,32.0
30.56,59.57,43.35,37.4896764629883,4,7,0,8.7
31.52,62.74,54.75,2.5002582667306816,4,3,1,26.2
22.3,56.51,42.72,24.610979648808996,4,9,1,14.1
28.37,47.22,31.59,23.96330762540814,4,2,1,20.5
31.99,67.57,54.82,22.528077091458666,1,2,0,11.3
35.79,66.77,34.39,6.771992595604869,2,0,1,33.2
26.9,54.22,37.63,33.14001300726837,4,5,1,14.3
28.67,59.49,43.85,7.139666063513972,2,7,1,28.4
30.96,49.06,48.58,15.740766311933413,3,3,1,17.6
29.04,61.31,47.24,35.53986419296539,2,5,0,12.4
27.95,52.18,27.86,44.938478501005626,3,6,1,11.3
37.91,67.79,65.15,38.76757362568339,2,2,0,5.0
30.4,44.22,31.39,7.7135179440190775,2,3,1,36.3
25.0,43.01,70.0,41.204017752293545,4,3,0,5.0
21.45,47.54,35.03,22.52023743813315,3,9,0,21.6
26.2,66.49,58.35,39.14153041979799,0,9,0,5.0
24.09,57.64,70.0,13.491551932782508,4,4,0,9.8
28.02,66.84,58.92,9.729644761258488,4,6,1,21.1
31.51,61.78,30.0,46.75534025710207,2,1,1,9.7
33.61,51.43,21.75,38.08937976249393,2,0,1,20.7
31.37,74.91,34.64,37.54407033015741,3,2,1,14.1
25.81,68.03,49.44,32.935143665710434,2,5,0,6.7
24.41,56.8,34.97,10.99365248608875,4,1,1,25.7
34.48,80.0,52.95,38.120104074748994,3,9,0,5.3
27.05,62.62,35.54,29.91656948940109,2,4,1,16.5
29.16,73.34,64.41,6.299274982062397,0,5,0,13.7
22.59,47.12,34.78,26.31262197657994,0,2,0,19.4
28.55,43.74,27.1,39.747788026400556,1,0,1,18.0
28.92,49.12,20.0,0.35354723692655465,0,7,1,41.4
27.52,67.88,39.25,11.672794472199943,0,9,1,24.1
26.89,51.17,70.0,46.57927514803878,1,8,0,5.0
26.78,53.14,37.57,14.243917274244566,0,7,1,26.2
37.03,69.99,42.75,7.707634718083356,1,6,1,30.1
28.38,63.35,70.0,17.572247539278163,4,3,0,10.8
29.58,56.08,67.27,2.377022440898063,3,1,1,19.0
32.57,60.04,49.72,10.048167480446201,0,2,1,24.4
33.59,57.66,54.37,33.6661033501951,2,10,0,5.0
29.0,58.0,55.0,38.23514013604103,2,8,0,5.0
38.93,50.59,50.36,0.38986354993376104,3,8,1,32.2
38.14,63.81,36.37,31.672281281561602,2,9,1,18.5
31.13,61.96,56.93,20.180829639455496,1,7,1,15.7
27.72,52.05,49.01,47.231496941198316,1,3,0,5.0
28.79,52.18,55.68,46.919093805772306,4,4,0,5.0
24.74,60.74,60.98,47.7847212753716,2,7,0,5.0
22.06,53.64,62.43,24.67759219829985,4,4,0,5.0
28.54,58.89,24.6,31.51031042625727,1,10,1,20.3
33.84,78.28,54.01,2.324170585880747,4,2,1,24.7
30.76,66.64,56.32,21.70588475655984,3,2,0,12.5
25.88,57.33,31.38,17.386778957955844,1,5,1,26.2
31.51,54.73,65.9,47.827999998674805,4,7,0,5.0
36.0,68.0,41.0,1.544387467364422,3,2,1,35.5
25.88,57.09,44.64,34.16397630093642,1,1,0,9.5
25.0,50.0,64.0,44.56057945658022,3,1,0,5.0
33.09,55.04,57.68,31.508735004634104,3,10,0,9.0
23.68,46.46,50.13,32.309776818810704,4,5,0,6.1
25.89,50.14,30.58,35.005312096653576,3,1,0,13.9
24.36,56.1,54.7,9.340262762727402,2,4,0,18.3
32.55,64.64,43.51,9.02092099195253,2,7,1,26.7
30.26,62.97,59.02,46.83259001028311,2,8,0,5.0
24.57,61.8,37.23,18.66205533811523,2,10,0,24.9
24.05,56.01,29.3,12.100904703243543,3,8,1,32.2
30.86,69.7,44.53,10.458474817469149,0,0,1,25.2
29.63,52.15,29.15,29.75772241459058,3,8,1,19.6
31.77,46.28,45.72,35.85202722634293,3,1,1,10.9
31.35,50.33,31.43,42.108704559880266,2,9,0,13.5
20.85,53.18,43.77,18.468472318780748,2,9,0,18.4
35.84,53.53,41.21,28.399142331981142,0,10,0,18.8
33.16,56.99,39.99,3.1121663254314367,3,7,1,32.0
36.28,59.06,26.66,36.36236579646053,0,3,1,18.3
36.08,64.21,51.97,37.33377753307405,3,2,0,10.2
33.8,58.8,28.44,9.853288578343754,4,2,1,33.2
33.95,62.48,20.64,20.829191630815863,0,7,1,33.8
31.83,67.7,37.31,15.207077758099802,3,0,1,26.3
33.46,62.58,24.01,13.685043698333166,1,5,1,34.3
36.75,61.32,50.32,22.167398305546758,1,2,1,18.1
31.5,74.7,23.25,26.63690889711704,1,2,1,24.3
21.26,57.97,22.22,5.41772964607703,1,3,1,38.2
24.47,48.83,63.87,47.5772386340973,1,7,0,5.0
30.99,57.9,54.41,21.97268585446219,0,4,0,16.2
37.98,57.42,48.64,33.35058096060838,2,7,0,12.8
37.12,73.59,58.49,29.58536290224638,3,0,1,9.9
29.99,52.36,48.22,32.112718945640054,0,7,0,11.7
27.71,49.09,20.19,0.18289085918511971,2,5,1,44.2
32.6,54.47,50.6,39.86288147250597,1,8,0,7.0
35.11,67.52,40.53,17.953509211458435,0,6,1,25.3
38.39,69.51,65.09,25.419858213379154,1,5,0,10.3
35.72,71.86,70.0,4.22283298335025,4,4,1,16.0
32.0,62.0,30.0,29.118461700614606,2,8,1,20.4
24.72,53.8,54.35,9.659328068513107,3,2,0,18.1
31.11,61.64,58.52,10.51871927346113,2,8,1,19.9
30.38,62.75,49.15,19.746178754071575,2,4,1,16.7
35.38,56.76,21.51,41.300023766710524,0,4,1,22.8
30.11,63.4,62.56,38.76878782671121,4,5,0,5.0
26.27,55.47,33.28,8.513001025823296,3,10,1,30.3
26.41,53.31,47.82,25.200560061331544,3,2,0,12.3
40.0,61.0,41.55,39.970759922400255,3,3,0,11.8
31.87,45.49,37.69,46.21504368298456,2,4,1,8.4
23.88,57.05,35.25,40.936642599422335,2,0,0,11.7
26.8,53.34,39.36,40.87383680338545,3,9,0,12.0
38.04,62.28,44.38,28.897260418411,1,7,0,17.9
22.39,55.39,53.07,13.630480156914032,2,0,0,16.7
33.38,69.64,47.26,41.46026173795686,0,4,0,6.5
32.25,50.03,66.47,35.443709011766025,1,1,0,5.0
25.43,56.68,51.55,26.913469411427016,3,10,0,9.8
29.68,46.23,66.65,21.159344463629527,2,6,0,5.9
24.24,59.04,50.07,6.601422054359263,2,0,0,20.5
25.41,54.6,67.69,48.7053871368826,2,7,0,5.0
20.7,52.06,31.55,34.372435485649774,3,1,0,14.1
31.0,62.0,49.0,36.47608236962381,0,8,0,13.7
35.78,60.37,32.47,2.220738538297362,2,4,1,40.2
25.05,57.08,55.46,17.829888778099868,1,9,0,14.6
28.06,66.55,38.84,44.38186908064349,3,9,1,7.5
31.77,59.25,32.16,27.39511403046094,4,2,1,24.3
37.75,58.35,37.82,21.129436673176688,3,10,1,20.2
37.4,66.12,61.2,18.446475018549734,2,4,1,12.2
32.14,56.56,42.3,38.80642219148376,2,9,0,8.8
27.17,69.52,47.69,37.086652970521435,4,3,0,9.3
25.71,51.75,70.0,29.335290848020612,0,10,0,5.0
35.36,69.36,54.93,2.4765028299442102,3,5,1,26.7
24.76,66.01,33.21,29.16432758516723,2,6,1,18.0
30.08,52.42,26.72,12.595135343622632,3,2,1,34.9
39.4,57.28,40.19,17.531700799880984,0,9,0,27.7
35.14,59.91,45.38,17.99559047217142,3,5,1,24.5
30.05,52.42,36.56,9.06286175434805,1,2,1,31.7
23.92,47.26,38.11,13.743214876716442,3,3,1,25.2
21.18,47.08,48.85,47.927150016309724,4,6,0,5.0
29.28,59.31,63.34,39.98493946984848,3,4,0,5.0
24.05,53.45,32.5,43.4763598330917,2,1,1,5.0
28.14,64.83,42.85,39.97415541991215,2,10,0,8.5
27.9,50.42,39.03,14.79923493726289,4,0,1,23.9
27.64,45.49,55.3,28.474364940349954,4,2,1,5.8
32.8,65.87,49.94,40.17572095280153,1,0,1,7.8
25.66,59.28,49.09,30.943166728739445,0,0,0,10.6
30.51,65.48,56.53,4.304927151209526,1,1,1,22.9
29.0,58.0,40.0,35.27190888559172,3,2,0,11.2
38.98,58.36,50.55,17.41064193592839,3,9,0,24.2
27.72,47.55,65.62,34.56831105388088,4,10,0,5.0
32.58,48.15,44.44,32.72835573986462,2,6,1,11.1
29.18,66.16,70.0,25.050730944783894,1,8,0,5.0
29.13,56.72,67.72,27.72166392486712,1,2,0,5.0
39.9,73.93,32.55,15.8769772809018,0,10,1,30.4
27.56,51.96,40.99,48.74286667318248,4,3,0,5.0
40.0,75.94,27.02,34.187272107208585,3,5,1,25.7
31.59,67.65,56.8,29.954698994979406,4,5,1,5.0
25.37,56.61,56.98,36.19823093745796,4,4,0,5.0
29.62,68.68,36.49,41.96475059978408,1,3,1,11.4
31.77,57.58,49.46,25.83340007799107,4,8,1,12.3
39.83,65.33,33.3,25.86775586308117,4,1,1,24.2
21.68,57.86,23.08,49.539124436248,3,7,0,9.2
23.21,54.01,47.49,37.63927605227797,2,10,0,6.6
25.42,55.67,20.0,10.391364552995363,2,9,1,34.7
33.45,48.18,38.02,34.574044439644275,1,2,1,16.7
27.08,53.24,47.64,42.93261763300442,2,0,0,5.0
37.68,71.36,32.07,4.2907398991134045,1,2,1,37.4
29.14,59.77,42.79,18.54505346978692,1,0,0,18.8
28.83,56.35,43.69,21.08567153592894,1,0,0,16.4
21.54,58.62,46.04,21.904144994996877,3,6,0,13.5
25.49,50.89,63.63,14.186131403187375,2,9,0,16.9
35.61,68.63,70.0,45.23637899921296,3,8,0,5.0
36.73,56.57,49.51,17.778618490485215,3,4,0,21.5
30.13,68.83,49.19,2.4201653135781265,1,9,1,27.0
29.46,66.27,38.77,15.571806843036512,4,0,1,24.1
29.54,54.73,69.41,22.136295069409446,2,7,0,5.0
25.82,59.76,35.34,47.725637330460216,2,6,1,6.1
29.67,58.75,40.69,27.05036912498253,4,8,1,17.8
20.0,55.62,31.35,34.53940670488967,2,0,0,13.2
23.28,44.92,31.48,29.451743744069237,1,7,1,15.3
26.74,47.39,22.87,47.134160658301525,4,4,1,9.6
29.62,67.51,41.82,29.26259817367699,1,10,0,13.0
40.0,60.45,33.52,27.921170294327553,0,1,1,24.8
32.53,56.27,29.85,46.793232120025365,1,7,1,7.3
35.61,56.91,36.81,39.38248165049339,4,10,1,15.7
32.53,56.56,54.29,34.649909015945276,1,7,0,8.1
29.02,56.54,25.46,37.43687994302673,3,7,1,17.6
30.21,58.61,33.56,40.65734425585835,4,9,1,10.2
31.99,67.57,54.82,22.528077091458666,1,2,0,15.6
30.37,59.55,46.99,31.698371417376087,4,1,1,10.2
33.15,56.8,52.58,20.76642173573311,0,3,1,18.8
31.57,53.08,43.02,22.43831090646517,4,8,1,16.4
34.19,62.08,20.0,49.49369159341453,0,6,1,15.3
33.0,59.14,48.43,21.683067541181323,0,9,0,20.7
26.62,61.65,36.08,26.945619221958104,2,6,1,16.9
32.85,50.77,44.0,6.1666604958189986,4,5,1,28.0
40.0,77.82,37.44,8.556425707468707,3,10,1,32.9
38.48,80.0,59.16,21.882515433731037,3,5,0,12.4
20.48,55.53,65.44,35.957518128166285,2,2,0,5.0
32.11,71.86,56.34,25.56649478274453,1,0,0,9.7
28.03,42.81,70.0,27.80412901525083,0,8,1,5.0
35.94,62.93,28.98,4.2038406956718735,3,0,1,38.0
31.12,72.97,50.32,26.49464370903915,1,7,0,13.4
23.2,51.15,44.35,19.815290123404676,1,1,0,16.0
29.3,51.86,65.79,26.08375500712498,4,8,1,6.8
25.87,69.73,28.7,28.676241519851786,1,10,1,19.7
31.0,66.62,40.41,15.237198185084399,0,3,0,24.9
32.58,72.75,56.62,25.88109225046787,3,1,1,11.0
27.04,53.79,60.68,45.10822189087052,0,4,0,5.0
30.9,55.65,30.7,39.84137445003165,2,2,1,17.9
24.67,58.06,36.05,21.631691129402714,0,7,1,25.5
27.65,53.31,61.72,26.76766542447148,1,4,0,5.0
24.47,59.99,64.4,16.109819271652874,4,10,0,6.2
28.55,54.27,52.97,37.69641472567953,2,1,0,5.0
33.65,65.32,70.0,33.576789753603705,1,4,0,5.0
32.32,54.98,49.88,4.830425433382596,4,8,1,28.4
27.51,66.12,33.06,25.568276131663875,1,2,1,21.3
28.89,66.42,61.74,34.39754505247426,3,10,0,5.0
27.4,63.02,52.99,31.35050611352882,0,8,0,6.6
24.76,56.88,20.0,42.48412496156348,1,5,0,13.0
27.08,53.24,47.64,42.93261763300442,2,0,0,5.0
37.53,58.75,51.59,22.58772362084363,3,6,1,17.6
30.33,44.11,26.82,10.630595449135333,0,2,1,35.2
33.2,73.6,53.85,26.187948357707697,4,8,1,11.1
31.19,54.28,56.93,39.35237424822593,0,5,0,5.0
31.78,67.11,48.68,15.015287949638878,0,9,0,24.9
30.91,74.59,49.46,18.57870986530431,1,9,1,15.5
30.7,55.96,30.0,30.230990471712982,0,4,1,22.7
29.66,71.24,50.78,48.68751384816522,1,6,0,5.0
30.01,57.83,61.88,8.598885091371255,3,9,1,19.6
29.17,64.55,46.56,38.93361761804312,4,0,0,6.1
36.01,58.15,49.54,0.6912790132282576,1,7,1,32.9
31.96,49.13,52.38,48.96426835797077,2,3,1,5.0
25.01,43.66,44.44,16.988586498653596,2,5,0,15.8
30.96,67.1,48.43,46.14513605863402,2,1,0,5.0
38.4,67.88,62.06,17.357055477848547,1,3,0,15.4
40.0,64.82,34.91,0.13835130845066268,2,4,1,43.0
29.4,59.77,36.99,5.379168936706508,4,2,1,31.4
29.54,60.61,54.07,33.76663484009067,2,8,0,5.2
24.94,50.42,55.75,1.496777695265139,3,9,0,21.6
27.25,57.13,50.89,16.392393295701304,2,5,0,18.8
30.04,62.08,62.67,46.225953735656276,0,2,0,5.0
35.74,61.66,43.17,2.1331114066128256,2,7,1,34.3
32.69,69.21,22.19,13.191879405742208,0,8,1,34.9
27.83,48.97,45.35,20.329131267199642,2,6,1,17.0
34.96,60.68,50.5,32.51600180509078,0,7,0,14.7
25.07,48.14,38.76,42.84234492847931,1,0,1,8.7
32.45,57.72,20.29,2.2204473630208,1,6,1,45.9
36.74,54.42,31.68,27.718157452906244,0,4,1,26.4
31.97,56.43,38.33,21.576581094829734,3,2,1,20.8
35.11,67.01,48.64,42.94811871957364,0,8,0,5.1
22.33,56.84,29.98,32.228751662693256,0,2,0,14.3
29.63,54.63,30.88,13.662049958487227,0,5,1,28.5
32.1,57.13,37.58,9.355274763267307,1,7,1,27.0
25.98,62.89,61.12,13.058687317586642,3,5,0,13.2
40.0,61.51,32.66,49.05132072738884,4,6,1,7.3
24.62,48.57,46.69,38.9191719528599,3,9,0,5.0
22.94,62.54,60.3,49.01227018636883,4,3,0,5.0
30.84,54.44,38.5,30.334279201371206,3,10,1,16.6
32.52,57.58,57.94,6.342817600613909,1,3,1,20.2
26.81,50.5,47.46,3.178953474940932,2,7,1,23.1
32.66,65.59,24.12,23.283052625326565,1,3,1,27.0
31.9,55.45,59.87,10.045175551794733,4,0,1,23.3
25.88,63.35,70.0,14.203244587831087,0,9,0,7.0
26.97,51.24,63.49,18.878846339505927,2,1,0,10.7
25.41,57.63,63.48,15.41980356831067,3,6,0,12.2
23.77,56.55,20.0,1.151073812288994,1,0,1,41.2
26.08,44.39,42.34,18.790318384571908,1,8,1,21.8
35.89,64.76,36.97,7.543225933104964,2,2,1,32.1
35.95,56.17,51.09,19.224957374013286,0,10,0,18.2
26.18,54.54,46.83,34.835023748836,4,9,0,9.0
25.21,65.01,49.34,4.931753644886927,1,9,0,26.3
37.5,61.09,54.31,25.434970509309636,0,10,0,11.7
21.84,58.1,32.37,40.457312729650546,2,10,0,8.5
21.37,57.03,60.02,8.971931047496367,4,4,0,16.9
36.34,67.59,43.01,23.189796565738323,1,5,0,16.3
29.21,57.9,34.9,37.98302014318986,3,0,1,14.8
26.51,45.42,54.34,18.030504480687437,0,2,1,12.0
25.03,59.25,46.72,18.17080713312614,3,9,0,17.7
33.14,60.57,35.83,10.276491812275163,3,0,1,32.0
24.16,49.21,39.12,23.17212801912696,2,9,1,20.0
24.27,59.31,66.91,17.761166425266513,4,5,0,5.7
29.3,58.88,50.39,32.127090058661864,2,8,0,8.5
27.63,58.09,46.23,32.73273463660468,0,6,0,11.4
31.18,55.09,52.03,34.042952457851186,1,5,0,7.0
33.83,56.14,43.31,32.52812789348373,3,6,0,14.3
30.0,60.0,61.0,19.91870968730383,2,1,0,12.6
20.13,47.52,24.87,3.8220335977750377,0,7,1,34.6
33.5,61.54,58.09,44.297089246137986,2,7,0,5.0
22.12,53.06,40.13,13.761578922781265,2,7,0,22.9
29.78,56.76,51.66,46.50305727346794,2,9,0,5.0
33.06,62.0,55.12,48.590611124141404,2,2,0,5.0
24.34,54.43,66.95,9.59905003120552,3,8,0,10.6
28.61,63.87,29.29,36.97319013899544,3,1,1,15.7
23.62,54.1,36.08,40.388288224784354,0,9,0,8.5
22.61,51.15,40.5,25.57488348364031,4,0,0,15.3
30.74,57.16,66.9,36.27371713700961,4,8,0,5.0
22.39,61.19,37.56,18.792618453001346,0,4,0,22.8
28.35,53.72,56.15,3.660452773182077,0,2,1,20.9
27.77,54.87,39.6,49.700004336354795,2,2,0,6.0
30.33,61.47,37.93,46.111847064786204,1,9,1,5.0
25.43,50.03,57.43,23.723330877377553,2,7,0,11.1
28.14,44.5,35.74,35.94551572111521,3,6,1,15.8
31.98,71.09,57.24,17.262905682155676,1,3,0,18.8
31.36,55.67,41.78,17.308179083620317,0,4,0,22.2
28.9,48.82,25.28,24.517234120610325,3,9,1,24.1
36.55,67.98,40.42,40.940302685349685,1,1,0,12.5
25.37,50.94,25.52,12.177885515279845,0,8,1,34.9
25.4,49.86,56.53,19.278110503614542,0,3,1,13.3
30.82,44.16,30.56,8.943962692786195,3,1,1,36.1
24.53,47.17,38.35,11.310955637458742,4,9,1,24.6
27.87,61.38,57.51,10.936911028645818,3,7,1,14.9
28.84,59.5,20.0,7.381037357122033,3,10,1,40.2
39.17,74.97,29.8,10.230458669032389,4,7,1,38.4
30.37,61.22,43.8,49.88100515697451,2,6,0,5.0
25.81,68.03,49.44,32.935143665710434,2,5,0,12.4
36.98,53.44,24.52,27.562151637990016,1,7,1,26.2
30.69,59.44,51.07,8.622403193067008,4,8,1,23.5
40.0,58.41,25.99,42.89839820511735,1,8,1,18.6
29.74,50.15,30.71,49.28122052891635,0,1,1,10.7
32.31,67.68,43.35,4.778208577362286,3,10,1,31.5
32.99,64.5,30.16,39.16344864663761,3,6,1,14.9
29.82,55.72,58.33,48.41502800624113,2,0,0,5.0
36.54,59.79,31.06,47.34537283862401,4,3,1,10.6
33.61,64.94,49.22,10.752291809198166,1,2,1,21.6
23.16,45.03,54.29,39.70121659194895,4,6,0,5.0
37.67,74.24,42.28,3.9933900516255894,3,9,1,31.8
25.32,47.36,28.39,9.88477153240762,2,9,1,32.8
29.5,50.06,63.05,7.603293511765874,1,7,0,16.9
23.05,52.71,38.47,25.635778618105864,2,1,1,17.0
23.73,47.43,43.98,20.427134200573782,0,9,0,20.9
32.39,69.83,53.98,9.395517665347958,3,1,1,23.4
29.83,64.29,45.68,34.98242587423089,0,8,0,9.3
26.58,70.19,43.73,28.949892469816312,4,2,0,15.8
29.18,54.42,35.54,33.58662707444125,2,7,0,12.8
25.83,51.1,59.57,32.28092619478316,4,3,0,5.0
26.0,52.0,59.0,11.277089296832903,2,8,1,13.3
28.65,62.64,41.6,34.80001220044046,2,7,0,8.4
24.01,56.49,43.18,23.032266015583502,3,6,0,14.9
24.1,52.08,65.93,23.894065554919486,4,0,0,10.6
35.5,64.73,50.91,34.393882655521196,1,7,0,6.9
32.46,62.03,48.0,18.72808100307871,3,1,1,19.6
31.61,61.28,70.0,29.993129336224754,0,9,0,5.0
26.02,55.23,47.78,8.870719560987544,4,5,1,22.2
38.47,62.47,48.62,10.566521269168955,0,2,1,26.4
34.18,74.74,50.05,49.569573554489146,3,3,0,5.0
38.58,69.85,53.04,19.079072958600175,0,9,0,18.9
27.77,46.81,52.26,1.0873152274661846,2,8,1,28.1
31.84,63.65,43.05,39.04089892513676,1,6,0,5.8
28.66,56.26,39.29,7.980320445187649,0,8,1,32.1
32.94,56.15,39.04,28.96652958942009,1,2,1,20.4
22.55,58.99,43.67,12.544480364452475,2,5,0,18.7
23.9,50.65,40.95,18.464054137951162,3,2,0,18.6
29.41,59.27,43.92,31.35728043567212,2,10,0,11.7
27.41,48.69,52.62,1.0419009752355934,0,10,1,25.9
23.87,50.93,44.6,44.890773940996816,1,7,0,5.8
36.53,60.86,45.04,37.78630275831844,0,2,0,10.3
26.52,59.29,37.89,24.005522695202053,0,8,1,20.2
36.24,55.86,52.22,2.407776858606198,4,2,1,24.6
28.09,61.48,39.32,45.21300232835475,0,9,0,8.7
30.54,67.81,51.69,26.548917336904452,1,3,0,9.6
34.91,53.17,64.9,42.03189156347047,4,6,0,5.0
26.49,52.95,43.97,28.367980242136483,0,4,0,15.8
30.67,51.22,42.2,17.318647929237287,4,4,1,26.1
20.03,52.64,70.0,35.41292026327561,4,8,0,5.0
35.97,67.11,42.9,38.866051659541,1,2,0,8.4
29.54,59.13,40.66,22.85983809226146,2,8,1,18.5
24.1,56.35,69.1,24.084837629109114,3,10,0,5.0
29.43,65.58,51.3,25.09498577107694,1,3,1,11.2
22.69,51.37,61.27,26.547795401640673,4,5,0,5.0
34.38,70.03,23.96,29.30575487873269,4,5,1,27.8
29.97,58.25,31.86,12.886995564401616,2,8,1,28.5
30.2,44.61,36.62,36.89865144400445,1,7,1,13.5
21.84,58.1,32.37,40.457312729650546,2,10,0,11.6
30.3,54.43,45.38,31.430653047800085,1,5,0,12.8
30.05,49.6,38.88,48.927979569774884,0,2,1,5.9
30.63,61.45,23.18,32.2656520573359,0,3,1,21.4
34.67,59.78,60.8,41.47925771928229,2,5,0,5.0
37.38,70.59,66.29,5.41174555360035,4,3,1,23.2
32.8,71.66,44.08,19.633854189602417,3,5,1,20.9
27.58,64.59,62.12,27.954506198381747,4,1,0,7.1
25.43,50.72,42.78,3.915172776328707,1,8,1,33.1
30.45,71.76,45.74,20.331129986760466,3,5,0,14.4
31.83,55.75,46.33,16.444394257512336,4,4,1,23.5
22.22,54.98,60.43,49.55845912873954,2,6,0,5.0
28.56,43.97,24.88,21.376618803001545,2,9,1,28.5
31.98,60.89,49.49,18.168431373281823,1,7,0,20.2
23.62,47.19,34.46,47.16369818280112,2,7,0,5.0
35.73,71.25,45.65,16.166809742410855,1,4,1,21.2
29.66,49.78,23.81,29.22482487752446,0,2,1,20.3
29.99,59.24,41.71,29.943320333658306,2,6,0,12.6
26.39,58.76,26.14,49.96636894702302,1,8,1,9.2
29.0,58.0,42.0,31.88767157219888,1,6,0,10.9
24.83,53.1,42.24,34.88732055026924,3,3,0,11.5
35.0,67.0,28.0,46.64077333996964,1,7,1,11.0
21.89,59.24,50.57,19.474735278131067,1,7,0,12.4
29.27,66.78,50.96,5.074936569104343,2,3,0,25.7
28.51,55.73,42.73,26.91326652316985,3,4,1,16.6
30.28,53.79,45.41,32.57695157965683,0,2,0,13.8
39.46,69.85,20.0,19.495427247594225,3,8,1,36.0
30.41,66.28,57.05,37.49945895410855,0,4,0,5.0
33.99,62.76,44.95,20.46523047879613,4,2,1,17.6
29.38,60.44,45.57,32.20748349122039,1,4,0,11.0
36.01,73.09,57.84,7.784635222072117,1,4,1,20.2
25.9,51.18,36.61,42.76462723233707,4,0,1,6.5
26.07,44.83,41.52,5.544314226738384,3,6,1,30.3
29.65,55.27,57.09,14.487551377352009,0,4,0,15.2
29.65,58.55,49.47,8.387680649884421,2,5,1,21.2
29.5,50.06,63.05,7.603293511765874,1,7,0,19.2
34.79,61.91,46.9,38.26720883234206,1,10,0,7.3
36.29,68.59,62.11,15.202684122662458,4,7,1,17.3
21.91,46.66,45.27,40.806703949933045,0,4,0,5.0
32.02,55.71,67.83,37.98520966433328,1,3,0,5.0
30.33,61.55,45.94,47.339506560994444,4,9,1,5.3
28.35,58.1,36.8,0.9032228572653789,2,2,1,32.4
20.36,57.7,38.39,19.83962990271721,3,2,1,21.3
36.65,65.21,44.67,17.803456736466472,2,0,1,23.0
34.06,63.07,24.49,24.68946944356551,1,10,1,33.3
26.18,54.54,46.83,34.835023748836,4,9,0,9.0
35.7,57.43,35.8,12.361584139273813,3,1,1,29.3
24.38,56.96,39.27,7.541426589373495,4,0,1,23.5
22.96,56.23,30.77,48.9612723187864,1,1,0,8.2
29.52,56.55,31.92,31.09617820547252,1,1,1,15.6
37.28,59.54,42.77,35.896993555655364,2,5,0,10.4
27.6,61.78,39.37,39.402835937943195,2,6,1,12.5
30.2,52.48,47.01,21.595536563196955,0,4,0,19.9
34.2,64.13,36.5,8.314434993459823,4,4,1,28.1
21.34,54.69,39.42,25.716278827747374,3,7,1,13.6
32.99,56.52,62.76,47.35381262562115,4,10,1,5.0
36.5,65.85,42.33,43.42669778840407,2,3,0,9.7
32.35,71.84,33.21,3.7181421040996696,1,4,1,33.6
33.6,66.97,34.42,11.217473016682622,0,0,1,30.7
23.9,44.45,32.53,20.745849368366393,3,0,1,26.0
29.97,57.71,70.0,26.636692029810007,1,7,0,5.0
25.47,47.11,37.01,49.771471687436744,1,10,1,5.0
31.73,69.1,20.0,41.8463945351894,0,5,1,18.9
33.29,67.12,25.0,11.844312870341344,0,6,1,35.5
26.17,50.41,34.14,32.891175766115595,1,9,1,16.3
31.02,54.58,45.71,9.046680830541455,3,0,1,25.2
26.19,61.82,26.83,45.84039024504163,4,2,1,9.4
39.29,62.84,52.03,35.463104316811425,3,4,0,10.2
25.34,51.56,38.67,43.197952113307565,1,0,0,6.7
32.0,69.46,51.38,43.34074601255402,0,1,0,5.0
33.24,67.96,42.8,17.025366117207426,0,0,1,22.1
32.73,70.57,49.45,25.993973742563874,4,6,1,11.5
38.79,66.25,48.58,33.163855359879626,0,1,0,11.7
34.27,69.31,41.01,47.12347682224344,2,5,0,6.7
20.41,47.39,70.0,32.05035108198389,2,6,0,5.0
27.52,63.71,48.66,16.613388099997493,4,8,1,18.5
30.01,49.19,47.72,8.481840114135414,0,4,1,25.0
30.4,59.17,62.79,24.777538502421958,3,2,0,8.0
24.04,43.72,22.01,22.209588304870902,0,10,1,29.2
26.22,62.62,25.5,13.589243923032162,1,3,1,28.4
33.8,58.49,50.02,36.99193379396002,3,10,0,5.8
28.65,63.42,42.26,19.05840430785892,2,10,0,21.1
29.25,61.06,48.99,24.698241174904794,0,7,0,10.5
32.06,61.19,38.55,40.22981409511083,0,1,1,11.6
36.38,69.84,28.62,49.30315770147525,2,9,1,12.9
32.69,67.2,30.23,37.44625723348743,1,0,1,18.1
33.87,61.94,45.99,6.743383052212098,2,1,1,28.9
24.58,43.05,67.17,18.920884245998725,1,4,0,5.0
28.85,45.37,49.17,17.18988235247086,0,1,1,20.7
21.14,58.75,31.2,25.01652262455936,2,3,0,18.6
26.67,55.69,30.74,19.466911404826693,2,1,1,28.1
23.12,58.63,37.49,15.719377636754949,0,1,1,19.8
25.37,56.61,56.98,36.19823093745796,4,4,0,5.0
34.09,65.92,61.83,49.13919970403616,2,5,0,5.0
25.7,67.81,42.7,2.1043746603271405,2,9,0,32.8
25.06,64.02,38.39,36.72327240626379,0,2,0,9.6
34.71,64.94,52.62,35.46019611762497,4,5,0,6.1
25.68,65.12,32.55,32.08338968470644,1,4,0,18.0
28.93,59.75,28.26,22.727366898499906,4,6,1,22.0
33.16,51.42,47.39,37.561009434598205,2,1,0,5.1
26.29,62.82,38.28,31.60453683063596,3,0,1,15.2
37.69,56.38,57.45,44.16876330845483,1,8,0,5.0
29.74,50.15,30.71,49.28122052891635,0,1,1,8.0
32.76,51.56,45.73,26.28246535196156,4,2,1,19.6
28.5,65.02,37.98,32.79438313216465,0,9,0,14.8
28.56,63.57,40.1,20.3944659938374,0,5,0,23.3
28.88,60.38,31.01,12.216235520681645,3,10,1,30.2
23.0,55.77,37.58,22.14793854550091,1,8,1,14.6
28.78,60.98,46.86,48.65277545916661,1,4,0,5.0
22.92,45.66,20.23,4.44661279840573,1,3,1,36.3
32.35,78.2,31.24,6.068363550270944,0,8,1,36.8
29.25,55.35,49.89,12.127552392781793,0,0,0,18.5
33.78,59.21,54.84,13.897965212837498,0,10,1,19.9
24.6,59.94,58.54,44.5753095488611,0,0,0,5.0
24.04,55.63,32.97,30.287776249993254,3,7,0,15.9
33.24,69.48,65.48,30.927036428358523,1,1,0,5.0
24.3,53.62,60.71,13.670629665358753,1,8,0,14.8
31.63,59.15,26.89,11.44750215309246,0,6,1,33.8
28.55,54.27,52.97,37.69641472567953,2,1,0,5.0
28.67,59.49,43.85,7.139666063513972,2,7,1,30.2
33.28,65.51,47.53,29.437737315970587,1,9,0,14.1
29.99,66.83,47.07,43.0270735226306,2,6,0,5.0
25.04,45.85,51.39,48.55685351444165,2,9,0,5.0
33.02,75.26,31.06,32.016181442934666,3,6,1,22.4
25.0,50.0,39.0,9.976025488634582,4,0,1,25.4
35.5,64.73,50.91,34.393882655521196,1,7,0,9.2
30.79,61.19,66.13,11.99507913312226,2,5,0,10.3
32.72,65.66,45.12,6.195791446968863,1,5,1,30.2
29.31,42.8,34.07,44.419582545127966,2,1,1,11.1
30.18,51.81,29.94,29.738126808267985,2,0,1,21.2
36.29,66.45,28.19,17.257625768663193,1,9,1,32.3
37.59,56.26,44.68,34.73629610270118,3,9,0,17.7
35.64,76.74,55.07,23.180141334615715,2,8,1,13.3
26.8,46.32,34.25,17.8257290150382,4,8,1,22.4
31.38,68.77,66.23,34.99831626961137,2,10,0,5.0
27.97,61.87,53.56,43.74391923833977,0,3,0,5.0
30.87,63.26,31.49,48.74856386181129,0,1,1,10.1
35.96,58.63,40.76,36.3837503857744,3,7,0,11.3
25.78,57.76,65.12,35.61689138495907,0,9,0,5.0
33.64,62.64,37.52,42.10131028671035,3,8,1,9.9
21.07,60.95,61.29,41.75767356866047,1,4,0,5.0
27.75,63.56,36.82,36.03985923978258,0,9,1,15.2
30.78,64.7,35.01,14.149553649271219,1,7,1,27.6
25.0,50.0,65.0,40.71824236173172,2,1,0,5.0
29.16,58.29,45.56,24.792399996619462,3,9,0,17.2
30.58,51.06,30.0,14.167589195843133,2,4,1,28.2
31.85,62.5,31.51,22.136979862180752,4,2,1,24.0
27.9,58.51,31.93,0.3203764820046584,3,4,1,36.9
31.35,48.36,47.04,40.60048955145397,2,9,0,6.3
29.68,61.79,25.12,42.30692584744182,2,10,0,14.5
22.39,61.19,37.56,18.792618453001346,0,4,0,23.5
20.52,46.83,35.07,32.54525613345164,0,0,0,8.7
20.9,47.22,38.74,1.162028118596714,2,6,1,29.8
27.1,54.31,64.72,10.433956757860624,4,2,0,15.1
23.02,62.92,28.92,23.25730777745286,0,7,0,24.0
28.49,62.9,43.12,37.635544343283236,0,6,0,10.8
30.5,57.68,54.46,20.951766207521523,4,0,1,17.7
28.58,62.64,30.24,19.878763554566742,4,1,1,29.2
25.39,54.64,36.2,28.290124558896963,2,2,1,15.9
27.52,61.83,53.46,30.68516412454961,3,6,0,6.7
31.1,55.48,46.43,42.708447260996564,4,1,1,5.0
38.51,72.13,44.07,38.06434023510526,4,4,0,12.9
28.29,57.0,48.81,30.70616629527057,4,5,0,7.8
29.67,63.41,36.42,9.157667792307622,3,4,1,27.5
24.9,48.01,55.16,4.467491215909858,0,3,1,22.5
32.53,60.02,29.35,10.101253055579617,1,10,1,31.9
26.13,55.73,53.35,0.5331081490925982,3,5,0,24.8
40.0,71.21,45.73,35.40526738171725,1,8,1,13.5
34.36,60.34,38.08,10.636947025418003,1,10,1,30.7
27.96,48.06,57.42,33.22512468921243,1,5,0,5.0
28.79,50.73,37.84,39.12173776907643,0,2,0,8.1
27.59,55.45,46.99,47.607682285311505,4,10,0,5.0
29.88,64.22,20.0,46.755316474444456,1,5,0,14.8
29.04,52.28,61.27,45.188991353526575,4,3,0,5.0
35.61,68.63,70.0,45.23637899921296,3,8,0,5.0
28.32,57.04,36.82,8.930998895557362,0,7,1,28.7
29.33,58.97,42.02,38.04178891517565,2,1,0,13.1
21.17,57.9,50.89,5.735617726951431,0,1,0,23.1
23.8,61.91,42.75,47.09561888420747,2,2,0,5.0
29.71,48.75,26.24,36.02115263843702,2,9,0,20.2
28.68,58.87,64.36,47.00347012738298,3,0,0,5.0
23.01,46.97,52.66,38.41526225549373,4,3,0,5.0
38.7,76.26,57.0,42.878548349689936,4,8,1,5.0
27.28,53.81,39.02,17.722117941652378,4,2,1,24.1
37.23,57.81,35.92,24.309681260485515,3,8,1,25.4
28.54,44.95,44.12,19.639177698281408,4,7,1,20.5
39.91,60.35,29.4,20.4847098340462,2,5,1,28.7
28.47,63.69,51.32,31.314728296659272,0,1,0,6.9
28.09,61.48,39.32,45.21300232835475,0,9,0,5.0
34.0,73.7,57.78,47.03540786627921,4,3,1,5.0
28.96,54.32,35.97,27.318162399695993,4,0,1,18.2
25.87,44.22,38.29,42.39398908375269,3,3,1,10.4
38.51,72.73,54.65,46.56640008487392,4,6,0,5.0
33.92,70.15,30.72,18.31594328275684,4,5,1,28.7
25.59,63.6,46.33,42.35783066541022,1,1,0,5.0
31.91,56.92,56.68,32.382190936874295,1,10,0,5.0
25.17,52.14,60.08,41.21341691661575,1,4,0,5.0
34.96,62.17,32.1,30.544101059142008,1,0,1,19.5
26.66,64.42,45.56,29.656984945343318,4,5,1,13.8
26.55,45.87,28.29,12.843147374025666,2,8,1,34.2
27.98,42.2,60.29,15.568106894706995,1,7,0,11.8
22.72,50.47,51.87,47.22598635764721,0,8,0,5.0
40.0,80.0,43.34,15.581953141615228,0,0,0,28.8
29.26,55.32,37.97,33.16521461613719,3,4,1,14.5
26.55,45.87,28.29,12.843147374025666,2,8,1,28.7
29.01,49.29,48.79,34.84675544580955,0,2,0,10.0
35.71,67.62,25.16,11.501734235776867,3,7,1,36.4
37.53,59.1,32.18,32.08119684266033,3,2,1,17.3
27.88,56.24,25.31,33.48110023384303,0,9,1,21.2
33.68,55.21,53.32,15.656919374533857,4,2,1,19.1
26.88,54.41,28.3,34.903411282582105,1,3,1,18.1
32.06,78.41,36.96,44.69590481913609,2,10,1,8.2
28.54,55.75,38.08,46.77340593909649,1,8,1,10.5
38.64,57.63,62.51,17.103774897244516,4,4,1,14.5
28.66,55.38,60.99,14.993068182643649,3,1,0,14.2
30.01,59.57,35.04,13.526729233260792,3,2,1,28.3
33.5,71.43,63.29,42.78022435455558,1,9,0,5.0
21.29,52.95,54.28,41.234160627530756,0,5,0,5.0
32.0,69.37,40.63,21.7738964926503,3,4,0,17.1
25.79,48.09,58.09,34.424669845419224,4,7,0,5.0
21.84,57.85,61.44,40.15530192787217,0,4,0,5.0
36.4,64.47,41.6,2.9170797037486427,0,7,1,32.7
28.0,54.0,41.0,12.450829664125152,1,6,1,26.5
23.77,59.04,33.31,5.146120370103469,4,9,1,32.3
24.26,66.8,29.59,21.280806214682414,2,0,0,23.4
23.56,50.55,43.22,5.942289066013356,3,1,1,23.9
33.49,67.08,35.44,33.06603590338105,4,8,1,18.6
24.87,53.77,41.62,13.08534470761929,4,0,0,21.0
26.56,57.43,26.53,44.20524529214987,3,9,0,12.4
35.16,68.01,47.87,40.88975931046835,1,0,0,7.6
22.93,58.67,22.0,5.544543354406634,1,10,1,36.4
37.91,67.79,65.15,38.76757362568339,2,2,0,5.0
30.64,63.54,56.5,8.734636578884542,3,3,1,21.0
36.31,62.76,31.8,40.06313339297872,4,10,1,12.6
28.51,55.73,42.73,26.91326652316985,3,4,1,15.1
29.21,57.9,34.9,37.98302014318986,3,0,1,13.5
30.16,48.47,29.99,0.2993475894287445,0,1,1,33.5
28.67,53.83,22.9,14.606415742636504,4,9,1,32.7
24.04,54.47,46.62,48.24882426104118,0,0,0,5.0
26.13,70.36,48.2,12.682808128554813,2,4,0,16.7
22.72,50.47,51.87,47.22598635764721,0,8,0,5.0
35.93,68.53,36.36,38.46182359863482,4,2,1,18.0
24.38,52.09,25.67,26.87883658910286,2,8,1,23.5
32.13,55.38,43.65,22.16939319378052,0,8,1,19.0
31.1,60.84,40.17,5.043636811617713,1,7,1,28.0
21.56,46.27,50.02,21.584461160642164,3,0,0,11.8
27.92,52.23,46.52,3.1347731401807133,4,9,1,22.9
31.89,67.32,55.3,22.811302919007808,2,3,0,12.6
25.24,50.51,43.13,18.358154389438603,1,0,0,19.9
29.77,67.26,46.16,10.100868420537324,4,2,1,24.7
23.87,62.47,29.22,36.29743531891378,2,8,1,12.9
26.2,53.65,56.71,39.55858881212116,4,3,0,5.0
37.76,62.35,32.1,27.662915299542057,2,1,1,27.0
27.23,66.1,32.32,21.686695962883423,0,4,1,23.8
26.41,63.86,29.03,17.153014371508963,2,10,1,24.5
35.64,61.77,28.86,13.187649677454283,3,4,1,30.4
26.25,63.56,28.04,34.37191954946526,2,2,1,18.7
24.58,45.65,30.81,1.8712704469217745,4,1,1,33.8
24.67,58.06,36.05,21.631691129402714,0,7,1,22.4
35.91,64.54,51.18,0.02910046136579414,1,9,1,29.7
32.17,56.59,62.96,16.082549070858963,1,5,0,9.0
27.76,70.78,43.94,40.707913263026505,2,10,0,5.1
34.9,71.05,59.48,23.283325321073256,3,10,0,11.4
21.86,61.37,27.44,32.1606573198923,1,4,0,16.6
24.84,52.43,64.91,41.10112600446502,3,6,0,5.0
32.68,54.45,37.7,11.166439919380972,4,9,1,28.0
30.42,47.39,30.58,18.734729705477992,1,8,1,23.5
36.75,74.94,55.55,38.805458052697944,2,9,0,6.0
30.71,61.75,42.85,46.43883527086058,2,3,0,5.0
34.18,58.31,46.39,21.51458377928794,4,3,1,18.9
25.06,58.7,42.9,26.205146373055992,4,2,0,17.9
30.5,59.68,35.22,24.98431833274164,0,10,1,23.1
30.39,67.95,35.69,7.829222952623994,4,10,1,31.1
32.42,57.29,59.35,24.06687463792404,3,3,0,14.5
30.75,53.95,62.15,32.20921895305216,2,10,0,5.0
39.41,63.5,41.68,21.402613698927293,0,5,0,21.3
36.47,56.72,31.13,3.9067490034954853,2,9,1,35.3
21.36,54.65,26.45,18.380163010692552,4,9,1,25.4
32.99,56.52,62.76,47.35381262562115,4,10,1,5.0
32.43,67.82,51.52,15.870016170139289,1,9,0,18.6
29.18,45.72,43.85,39.590330243662144,0,1,1,5.0
25.88,51.25,47.05,25.36572192919112,3,5,0,13.4
29.19,54.34,53.34,47.92753479801169,4,5,0,5.0
31.98,60.89,49.49,18.168431373281823,1,7,0,19.9
23.48,50.19,29.91,2.5410528341160257,1,7,0,36.8
28.67,61.38,48.54,5.81391235872239,0,3,0,23.4
31.13,63.28,33.21,38.37293765677159,1,2,1,13.1
35.56,61.27,33.78,16.98545643550091,0,0,1,27.4
25.09,67.19,40.04,43.66356369825861,2,0,0,6.0
30.59,54.91,43.28,38.12254745036407,4,0,1,12.7
25.31,65.68,54.26,22.27519788782526,3,7,0,13.8
37.64,71.0,34.45,30.24847149354214,2,6,1,21.6
30.78,72.03,70.0,49.687871250124566,4,3,0,5.0
34.1,65.21,40.7,40.8762042328519,3,7,0,8.7
30.35,64.11,45.1,33.56517580873686,4,8,1,9.9
34.38,60.73,50.97,7.557394283602504,3,5,1,29.2
21.51,50.09,32.94,42.99235302198039,3,3,0,6.0
26.57,52.98,56.7,18.828459700756056,4,9,1,14.4
33.82,72.77,45.9,42.993311575638764,4,6,1,8.2
23.74,54.65,41.61,47.442851917385575,3,8,0,5.0
34.04,65.18,55.33,44.53351098276085,0,2,0,5.0
32.99,53.49,45.4,16.914860385021395,4,9,1,22.1
33.95,62.48,20.64,20.829191630815863,0,7,1,30.4
32.86,65.21,45.16,32.82004710993676,4,8,1,8.4
40.0,79.17,31.45,12.74931336038419,1,4,1,31.1
24.23,60.39,25.34,0.7293699094277628,2,0,1,37.7
29.33,61.81,52.99,47.73678307807532,2,7,0,5.0
29.95,61.65,70.0,21.32848828334753,2,8,0,6.9
25.16,49.77,36.67,1.1111259959588726,2,8,1,32.0
34.36,59.48,61.29,28.120758756275322,4,3,1,7.2
36.31,57.23,60.02,18.871738990145758,4,10,0,14.5
29.19,65.8,33.2,20.263146725801178,3,0,1,23.9
28.87,49.91,35.02,11.434309943655974,3,7,1,28.1
33.79,68.09,43.83,6.344831121144207,4,3,1,27.1
28.88,60.85,28.57,3.7662866702836526,1,0,1,37.1
32.33,62.09,28.28,8.573966269435857,3,3,1,37.1
27.81,63.26,43.38,48.84461347776028,4,10,0,5.0
32.0,72.09,42.61,40.6427237490603,2,4,0,10.2
23.12,63.07,41.38,40.59637627386985,3,10,0,6.3
32.41,62.72,56.06,25.842477194562758,1,9,1,10.0
31.51,55.1,30.6,21.439745181084525,3,9,1,25.5
34.52,64.07,41.38,35.41873006008353,4,5,1,14.8
26.0,52.0,31.0,6.125313300144181,3,2,1,30.3
27.65,53.31,61.72,26.76766542447148,1,4,0,5.0
25.71,51.45,32.95,8.600940180711254,3,3,1,28.1
25.82,56.17,23.88,24.786627733177884,3,2,1,24.8
36.98,53.44,24.52,27.562151637990016,1,7,1,23.5
26.51,50.62,55.85,12.136508644405486,4,3,1,15.6
32.49,58.66,46.52,27.143801558924814,2,9,0,13.9
30.88,51.0,46.08,9.489126031531391,3,4,1,26.0
34.44,71.0,29.79,22.08323435237625,2,8,1,26.6
26.87,52.34,36.12,25.67810997938948,0,1,1,19.8
24.53,55.6,43.85,45.55777740148391,0,0,0,5.0
28.11,45.22,66.38,38.93117876193479,3,3,0,5.0
28.53,48.81,31.53,1.3356241750573095,4,9,1,35.7
31.4,53.31,38.96,38.33294531448151,2,8,1,12.2
25.5,53.43,42.85,44.675892231278766,3,9,0,5.0
24.25,54.71,65.01,9.583064739937713,3,8,0,11.9
23.21,48.43,30.35,23.073203530605085,2,7,1,22.0
25.03,59.25,46.72,18.17080713312614,3,9,0,16.0
23.13,57.17,30.1,32.823910347314225,1,0,0,17.9
34.46,74.6,45.35,15.117794270453889,3,5,1,24.5
27.16,55.4,35.51,16.27572019151983,2,5,1,26.2
33.86,62.68,37.06,6.811919047238069,2,6,1,30.2
30.82,56.86,48.67,23.77733206827165,0,7,1,20.0
29.9,51.27,49.74,8.17801276578925,1,5,0,25.6
20.09,49.43,29.64,18.4915017773906,0,7,1,26.1
32.86,65.21,45.16,32.82004710993676,4,8,1,12.9
26.29,47.4,68.32,38.7787850396664,0,7,0,5.0
22.07,43.99,24.58,8.28582614739859,1,8,1,36.4
31.73,64.39,55.77,17.954757867260373,0,5,0,14.6
29.49,61.66,51.22,2.5912103639049278,4,3,1,23.0
22.46,48.46,43.17,0.13380477456213513,1,9,1,32.2
30.98,60.86,33.37,36.79486537348892,3,5,0,15.5
29.26,71.92,44.23,24.995338469801702,1,7,0,16.9
29.6,58.17,40.56,47.177917547714294,3,4,0,6.2
29.22,57.62,50.47,46.162403747586055,2,5,0,5.0
22.05,60.6,39.49,27.873811163086604,2,0,0,15.3
26.89,51.17,70.0,46.57927514803878,1,8,0,5.0
31.12,54.41,55.18,45.27670596080436,1,5,0,5.0
33.09,48.02,24.74,0.0049649772217608135,1,10,1,42.7
26.24,60.66,48.23,11.138930920445988,0,9,1,22.6
20.7,52.06,31.55,34.372435485649774,3,1,0,14.8
30.91,69.94,41.75,15.196249488874376,4,3,1,20.6
27.33,58.15,22.18,41.7100672638223,0,6,1,18.6
22.12,53.06,40.13,13.761578922781265,2,7,0,19.9
26.97,65.25,21.35,43.28003248005871,3,8,1,15.6
27.28,44.46,51.74,13.240067460887655,1,5,1,18.6
31.21,64.21,39.12,12.957549865862838,3,6,1,24.4
30.11,57.34,25.96,38.69875702517935,2,7,1,19.7
32.29,67.95,50.47,46.370958222020235,0,2,0,5.0
30.59,60.6,24.53,10.057456694181543,0,3,1,37.6
21.36,44.67,49.8,35.626407054412375,1,5,0,5.1
29.46,59.83,48.05,16.275244262359813,1,4,0,19.9
33.95,66.85,45.81,36.98423158064177,2,5,0,10.8
33.36,62.22,24.56,6.902210590392521,4,4,1,36.4
29.11,66.22,57.05,47.74234642110654,0,8,0,5.0
32.45,60.24,55.92,39.50529255178418,4,4,0,5.0
35.85,66.05,54.54,10.768770361742035,2,6,1,19.3
33.49,68.47,41.93,21.76531698386912,1,2,1,21.3
28.96,44.12,38.64,17.728515437717952,4,0,1,25.1
24.72,49.17,70.0,4.079895900782537,2,0,0,17.2
29.41,64.67,26.84,10.671025321860633,2,2,1,31.3
36.69,78.73,43.49,33.222069264813406,3,5,0,11.3
32.26,63.7,54.1,14.94016683937916,2,5,1,20.3
30.94,49.64,52.81,24.742586750065293,0,10,1,13.9
37.57,63.17,70.0,39.81585328806663,2,3,0,5.0
33.48,65.81,38.6,11.367414219687088,0,3,1,28.1
30.0,60.0,40.0,32.90326023810909,4,4,0,14.4
27.48,60.62,44.8,14.13854086379679,0,8,1,18.4
29.4,63.14,41.1,43.64560671514507,3,8,0,7.6
27.21,57.02,67.38,37.846182664602665,3,3,0,5.0
30.2,44.61,36.62,36.89865144400445,1,7,1,16.1
30.09,67.61,23.23,45.151108561660855,0,6,1,11.9
29.35,59.63,48.74,37.849123207461076,1,9,0,5.8
30.72,52.17,46.14,14.625103880355267,1,3,0,21.9
29.34,72.39,39.94,24.304178967997352,3,1,1,14.1
27.72,64.68,48.14,10.261058012062524,1,6,0,22.6
29.59,47.26,67.15,15.786446487077427,2,2,0,15.0
32.67,72.64,62.88,42.27022610552659,1,4,0,5.0
34.33,58.34,39.98,32.70797781987645,4,1,1,12.7
23.6,55.67,40.76,32.7748673451702,0,7,0,12.2
27.16,59.89,53.85,23.818405658033885,0,4,0,9.1
33.13,59.46,51.97,36.050759057586404,4,2,0,7.9
33.02,75.26,31.06,32.016181442934666,3,6,1,18.3
36.15,75.78,34.18,0.4356554126008161,3,2,1,36.0
37.24,59.51,60.24,28.574533379262835,0,8,1,7.6
27.4,59.79,36.45,37.533896824898314,2,6,1,14.5
20.88,56.47,35.14,2.699409873009273,2,7,1,30.6
30.82,64.35,50.99,44.13466263098131,1,0,0,5.0
26.01,58.47,25.34,27.884686977307894,0,1,1,21.1
33.25,69.66,51.62,1.106720617949758,4,3,1,29.1
33.21,57.68,38.86,14.039579543557966,1,5,1,25.2
34.6,52.97,41.6,37.43614154465134,3,10,0,13.4
30.93,51.93,59.3,2.2515758556028387,1,4,1,19.9
33.6,60.98,68.08,4.729489975413193,1,9,0,18.6
37.34,63.39,25.36,23.96091814693657,3,6,1,29.8
36.27,67.64,67.95,4.540605183831625,1,10,1,19.2
30.41,63.03,49.09,14.684572519008764,1,3,1,22.4
32.31,67.96,62.73,15.991842235346072,1,0,0,12.2
22.96,56.23,30.77,48.9612723187864,1,1,0,7.1
30.11,59.1,51.32,19.402834010194553,0,3,1,13.9
27.94,55.06,48.07,14.373185043323305,1,4,1,23.6
31.1,50.28,40.57,39.858727057568096,1,1,1,8.1
31.58,55.46,70.0,38.12972934388678,3,10,0,5.0
30.78,58.79,47.7,22.26420270062625,1,8,1,12.7
24.79,54.34,46.13,30.412995062145765,1,5,0,10.3
33.28,69.6,60.82,47.251985775579634,1,9,0,5.0
30.35,45.09,59.54,16.476268955468846,1,6,1,16.7
29.9,68.09,59.57,49.88083559044837,2,3,0,5.0
24.2,55.48,57.9,33.80967602084027,0,0,0,5.0
27.91,56.12,55.18,19.750433335164193,4,0,1,15.5
27.26,62.16,33.59,22.53623448508415,0,0,1,20.2
25.47,58.41,26.01,2.670011255496485,1,3,1,40.7
25.26,57.8,26.57,43.568487855581814,3,8,1,12.6
28.91,67.6,39.3,31.13456832776927,3,7,1,11.3
30.98,72.26,70.0,27.661610983887957,4,10,0,5.0
21.24,47.35,32.53,2.386470634906146,1,2,1,33.8
24.26,61.26,47.06,9.78716559183328,3,3,1,21.6
29.47,55.77,44.27,14.823296143493259,3,9,1,21.6
30.93,67.78,70.0,37.69413898150151,0,2,0,5.0
32.25,63.55,56.37,25.88852402077561,2,5,0,11.1
31.58,55.46,70.0,38.12972934388678,3,10,0,5.0
31.77,57.58,49.46,25.83340007799107,4,8,1,14.5
27.83,67.66,56.62,39.98948692620801,4,0,0,5.0
37.31,76.05,41.17,36.05137648262869,2,8,0,12.6
25.12,53.46,25.03,26.653978198039997,0,9,1,22.2
35.63,68.45,20.0,42.306408071141426,0,10,1,17.3
25.12,58.07,40.47,26.65943647062951,4,8,1,14.6
30.54,67.81,51.69,26.548917336904452,1,3,0,9.6
34.3,69.48,20.0,33.45899313462239,0,4,1,26.3
30.64,48.22,36.77,13.334590512910477,4,2,1,29.7
29.23,55.19,29.27,41.589157314837,3,10,1,13.1
29.0,52.0,45.0,18.831397174493848,2,8,1,20.4
25.73,62.59,36.32,25.689625642094065,4,8,1,15.3
34.15,57.16,39.48,9.569176742297413,4,1,1,26.9
26.0,66.36,26.96,25.573387959370216,1,8,1,20.8
35.0,65.39,37.65,12.657183256971194,2,8,1,30.3
25.31,65.02,24.18,3.3388793357130853,1,0,1,37.4
22.78,60.52,42.05,32.90511758871007,3,3,0,8.1
26.16,67.1,44.73,10.128999825623103,4,9,1,23.9
36.02,60.38,61.57,25.625949040463325,2,7,0,11.4
28.23,56.74,28.06,6.8944692121232,1,8,1,34.8
28.0,41.61,30.62,39.82960537987365,3,5,1,16.6
23.4,62.09,20.0,42.9547792947538,1,4,0,12.4
31.18,60.59,20.77,25.032284787202308,0,7,1,28.6
26.63,61.32,55.43,3.4059727876408763,0,5,0,24.9
30.04,62.08,62.67,46.225953735656276,0,2,0,5.0
33.42,55.21,54.88,31.046788947471697,1,5,0,7.6
27.63,58.09,46.23,32.73273463660468,0,6,0,7.2
32.52,76.7,58.47,4.8643450919092555,4,9,1,23.2
30.41,68.43,43.25,35.01474641687821,0,4,0,11.5
30.3,52.93,55.68,49.38732597227276,2,2,0,5.0
25.73,52.9,46.14,36.32780786324604,3,1,0,7.7
37.89,65.59,59.98,7.4579465458283645,0,3,1,22.0
26.54,64.11,37.2,45.552309851027736,4,9,1,5.0
36.48,66.13,30.41,39.532931665988755,0,1,1,16.4
31.52,67.58,32.04,17.005696331290878,4,2,1,28.0
24.78,56.42,25.51,2.2181914828206084,1,8,1,36.9
32.48,53.65,28.91,26.88063156287913,1,9,1,24.2
27.67,57.87,33.61,24.611228411997878,1,7,1,17.4
37.88,56.28,34.78,8.65569586174293,4,7,1,33.1
32.02,49.9,34.01,28.983609325019728,1,0,1,18.8
30.39,54.61,51.82,33.04881457074707,0,9,0,10.8
33.29,67.12,25.0,11.844312870341344,0,6,1,35.4
30.33,61.47,37.93,46.111847064786204,1,9,1,5.0
30.61,66.36,42.09,15.744267223869723,3,0,0,26.6
26.15,51.15,60.56,48.48117837002735,4,8,0,5.0
30.2,54.14,39.71,4.905827570004123,0,3,1,30.3
31.5,67.6,46.4,35.512415902284935,3,6,0,10.3
27.65,55.35,34.36,45.37028357269601,0,7,0,5.3
24.02,52.18,41.72,1.1299225180422812,3,6,0,29.8
33.29,71.48,55.06,28.515380763869384,2,10,0,8.1
29.21,55.25,39.75,30.305073824802736,0,2,0,17.7
24.94,50.42,55.75,1.496777695265139,3,9,0,25.6
40.0,76.58,43.4,10.875577338267439,1,7,1,27.6
29.39,53.28,40.12,17.05948915983274,2,7,0,21.9
28.26,59.17,33.07,11.480447389489429,3,7,1,28.2
24.69,52.7,23.05,22.40464884036693,2,10,0,29.9
21.17,41.47,69.82,39.23771255140653,4,10,0,5.0
33.97,73.31,26.07,23.684418295894545,4,10,1,26.7
25.08,62.43,46.48,37.8243223914965,2,5,0,5.6
28.21,50.33,47.6,9.699480467708653,0,1,1,24.0
26.7,63.42,24.65,23.405926857545857,4,1,1,26.8
28.66,62.69,52.78,35.138336014176005,4,9,0,6.2
27.42,62.06,43.64,1.5040434380563683,1,3,1,29.7
32.02,63.85,28.71,19.76250947456751,3,3,1,29.6
36.1,63.8,38.39,24.001115225365172,3,3,1,19.3
27.52,52.42,36.15,18.792340962713705,3,3,1,27.0
33.75,70.86,30.19,30.397240506967698,2,9,1,20.2
27.98,46.24,47.68,25.533314062371947,2,3,0,14.6
40.0,64.71,57.07,7.50687044019705,1,7,1,25.2
26.7,61.16,69.76,11.382035304071014,0,10,0,9.3
27.26,64.73,20.0,26.417575505629397,2,10,1,28.1
30.09,62.9,44.53,49.58339334255166,3,8,0,5.0
25.55,68.17,51.97,9.04464647832125,2,4,0,21.2
29.19,60.94,42.0,31.926611642868473,3,5,0,12.8
32.93,62.95,42.75,12.628852474627456,0,8,1,28.3
33.41,53.69,63.42,15.950815304458088,3,0,0,16.0
40.0,60.57,39.92,49.019906466039274,0,7,1,9.0
29.08,58.44,44.95,17.250371124824255,1,5,0,21.7
34.14,73.42,43.02,13.321600004873451,4,0,1,22.9
32.52,57.58,57.94,6.342817600613909,1,3,1,21.3
33.59,57.66,54.37,33.6661033501951,2,10,0,5.8
32.49,51.43,57.77,26.628668484952467,4,7,1,8.7
32.22,54.87,69.52,18.308186032075174,2,1,0,9.1
26.13,55.16,61.36,11.821405246736678,0,7,0,12.9
31.8,58.18,56.23,2.4897556169842403,3,3,0,25.9
25.42,52.97,21.71,2.564112509015554,3,6,1,39.5
32.97,76.36,35.98,0.7869715921760168,3,7,1,35.9
32.78,54.47,30.46,23.43867278368823,2,7,1,22.8
38.33,70.83,45.85,45.80145005378093,2,1,0,5.3
25.84,60.68,34.82,4.384837549852194,4,1,1,34.4
37.5,65.89,45.19,48.020448572763684,2,6,1,5.0
36.48,66.57,54.5,48.671288993647934,0,2,0,5.0
29.32,51.48,40.11,19.450662331973728,3,9,0,21.7
29.87,54.64,41.07,11.98467063133305,0,2,0,27.9
32.37,54.35,50.09,31.311092927442,3,3,0,10.7
27.61,71.93,41.84,45.38426395638235,3,0,0,5.0
29.95,54.6,57.41,13.509260561229674,2,3,0,14.8
24.04,54.47,46.62,48.24882426104118,0,0,0,5.0
22.61,51.15,40.5,25.57488348364031,4,0,0,12.3
40.0,69.41,43.69,4.604871484766987,3,2,1,31.6
28.41,61.6,40.29,28.60801221305811,1,5,0,13.9
36.46,63.12,40.28,31.957784321230175,0,7,0,17.8
30.31,51.6,31.75,44.01010038729139,3,7,1,11.9
37.39,69.61,67.14,17.002579484309216,3,4,0,11.8
29.25,62.0,55.15,39.05135618115976,1,0,0,5.0
37.61,64.57,34.12,48.144923904640244,1,7,1,8.2
30.54,45.68,27.66,0.424639814912392,2,7,1,39.1
34.99,53.45,34.55,29.58769221245111,0,2,1,24.8
38.43,75.91,25.65,43.358301847550365,2,9,1,21.3
27.63,47.97,28.92,20.61634524349312,2,4,1,27.8
29.54,54.73,69.41,22.136295069409446,2,7,0,6.1
28.43,58.72,43.9,39.08836558008553,4,8,0,7.8
22.87,44.91,24.78,47.91147912441181,2,0,0,8.4
31.34,61.15,61.58,17.67011249982236,0,7,0,10.8
27.94,55.87,36.48,30.527788944156082,4,5,1,19.4
23.01,46.97,52.66,38.41526225549373,4,3,0,5.0
29.61,55.37,42.37,30.606494520127725,1,0,0,11.7
29.54,46.05,47.43,39.092663009989344,1,3,0,6.4
28.71,56.73,35.54,12.395850271265896,1,9,1,29.7
30.22,56.38,60.39,32.954890956304475,2,3,0,5.8
29.78,57.79,45.7,4.941824476443929,1,8,0,28.9
34.51,54.23,48.09,3.6009037563111965,2,8,1,29.8
33.47,59.46,64.44,41.71691299446347,4,10,0,5.0
35.85,70.43,52.65,37.81254718185244,0,10,0,5.4
37.68,67.03,20.0,22.862442087806713,3,9,1,33.1
31.57,59.0,29.74,22.8424060992441,2,4,1,24.2
26.8,46.32,34.25,17.8257290150382,4,8,1,22.2
36.42,59.37,37.49,16.236226424018497,3,6,1,25.5
25.66,59.28,49.09,30.943166728739445,0,0,0,13.1
35.06,66.92,66.68,19.568059673242256,4,3,1,12.0
29.69,64.42,57.32,11.470842950716847,0,10,0,17.2
40.0,63.46,40.95,46.89539579217415,3,3,0,7.0
24.18,44.13,35.86,39.21712184545516,1,7,0,8.4
25.11,48.56,39.33,6.814723963041991,1,8,1,32.1
34.51,68.73,69.9,41.79982995813041,2,0,0,5.0
36.73,56.57,49.51,17.778618490485215,3,4,0,20.0
27.03,52.2,44.35,34.00206815422614,1,3,0,8.1
40.0,80.0,43.34,15.581953141615228,0,0,0,25.1
23.8,61.91,42.75,47.09561888420747,2,2,0,5.0
22.6,60.21,36.97,35.347061156424985,4,10,0,10.8
40.0,63.6,26.39,26.57200254030586,0,7,1,27.0
27.38,63.54,38.63,30.486128417738673,2,2,0,13.9
34.85,58.22,40.91,35.993597547757844,1,2,0,14.5
28.79,61.44,38.2,3.537017713836671,4,5,1,31.6
30.1,76.55,35.94,48.17125833880676,0,3,1,5.0
26.21,55.82,40.52,14.784656707406214,0,4,0,23.8
26.91,53.87,31.06,32.31865001245733,2,2,0,19.3
30.16,60.67,37.22,13.510242518778343,2,0,1,26.8
32.94,64.13,60.88,2.453733436768374,3,2,1,22.6
31.41,50.97,45.98,15.599939210831904,4,4,1,24.6
34.45,66.86,35.97,2.739072841567997,0,3,1,35.1
30.52,62.11,23.07,0.4195039669117273,0,7,1,44.4
24.71,56.84,68.61,42.61353804189182,3,2,0,5.0
33.87,55.06,65.59,46.82994501109514,3,5,0,5.0
34.58,58.18,59.64,41.32722635676183,1,2,0,5.0
34.81,77.03,58.09,17.970286336033105,3,7,0,13.7
22.79,44.82,36.75,11.937577835675366,1,8,1,27.5
38.52,65.09,55.29,33.54392985963446,0,8,0,8.7
32.63,64.09,48.36,25.359384555489157,2,0,0,15.2
27.94,53.62,29.48,37.00374899286431,2,10,0,17.8
21.55,59.81,42.69,17.474094530598478,1,10,0,18.0
26.7,61.16,69.76,11.382035304071014,0,10,0,9.7
25.91,59.25,20.86,30.656149056528676,1,2,0,20.7
36.13,74.73,24.29,48.63884975416649,0,10,1,13.7
26.63,64.94,56.15,29.792144439138248,2,4,0,9.7
33.21,57.68,38.86,14.039579543557966,1,5,1,28.9
27.21,57.02,67.38,37.846182664602665,3,3,0,5.0
33.84,60.21,41.86,19.37043420423774,2,1,1,24.1
23.09,47.76,36.04,26.50051933315619,3,0,1,14.9
37.9,75.51,25.35,41.29465991516271,1,2,1,15.4
29.39,52.92,44.26,36.72444994781767,3,8,0,8.2
37.23,59.0,42.16,31.139581184676583,1,5,0,18.5
20.13,47.52,24.87,3.8220335977750377,0,7,1,38.4
28.53,56.5,53.26,9.732942446692434,2,9,0,20.8
23.11,53.38,41.79,44.56910192200097,0,4,0,7.4
28.93,57.66,36.39,34.126875628339526,4,9,1,10.1
27.37,53.95,42.58,0.522744273960607,3,3,0,28.8
34.28,67.15,39.35,1.227161567430518,3,6,1,36.8
29.07,56.85,52.96,24.559208798364857,1,5,0,15.8
33.37,65.55,45.17,11.528315455994587,3,6,1,22.2
36.5,69.77,62.08,19.916420817423713,2,2,0,13.1
27.44,55.75,27.49,40.253098101046156,3,7,1,13.1
25.76,51.35,43.13,8.593809091717135,4,5,1,24.3
34.65,64.75,49.95,16.55383380498397,4,1,1,21.0
27.91,58.92,33.61,30.549303551568446,3,1,1,18.7
25.86,69.87,40.56,44.17845227054821,1,0,0,5.0
22.04,60.41,51.67,40.129708106484586,4,6,0,5.0
30.02,66.59,44.84,22.14438161612467,2,3,0,14.1
32.89,60.09,59.65,47.282156320454924,1,10,0,5.0
31.57,56.03,49.4,27.311104091469822,4,4,1,13.0
31.18,55.84,28.31,15.99131048141365,1,4,1,30.8
34.23,53.35,37.66,14.106847916424531,1,6,1,27.6
34.71,64.94,52.62,35.46019611762497,4,5,0,10.8
24.5,53.2,40.47,15.998395718055825,4,8,1,21.9
27.86,65.21,33.52,41.86733894036912,4,10,1,12.0
27.45,57.24,34.3,42.75971263001576,1,5,1,10.1
31.34,52.86,27.31,44.62356434737892,3,7,1,12.9
33.48,58.65,32.9,47.47639644592454,2,8,1,13.0
40.0,80.0,53.26,8.614711627124327,4,8,1,28.5
30.11,67.55,44.5,25.380787547311577,4,4,1,18.1
35.09,73.25,64.96,40.48150550369722,3,6,0,5.0
34.27,61.65,38.7,45.33977763396647,2,8,1,10.1
26.25,69.57,37.25,21.803844066987544,3,9,1,18.2
29.23,55.19,29.27,41.589157314837,3,10,1,16.6
30.14,53.06,60.78,32.93488847759809,0,4,0,5.0
22.21,46.25,51.97,17.684822285742424,2,0,0,12.5
32.35,71.84,33.21,3.7181421040996696,1,4,1,35.9
29.6,65.96,27.64,19.166347251088347,4,3,1,27.8
34.01,66.76,38.99,44.10170260707238,4,10,1,12.0
35.97,67.11,42.9,38.866051659541,1,2,0,14.4
31.52,56.11,29.79,24.42809978644318,1,7,1,24.9
21.23,46.1,36.59,42.9655470593234,0,2,1,8.0
27.5,71.05,41.74,11.079838930002738,0,0,1,26.4
30.41,57.18,58.29,9.930468024773825,3,6,1,18.2
36.74,55.56,22.31,3.8491212259321284,3,5,1,41.5
23.18,53.55,20.0,37.418540125380154,0,2,0,15.9
32.82,65.38,24.04,21.055220356147824,3,2,1,29.6
25.12,50.56,52.48,49.13870479288164,4,4,0,5.0
29.58,65.6,37.56,36.071396219908614,0,4,0,13.5
22.21,46.25,51.97,17.684822285742424,2,0,0,13.5
31.5,67.6,46.4,35.512415902284935,3,6,0,9.8
38.48,80.0,59.16,21.882515433731037,3,5,0,12.8
35.79,67.64,45.04,42.721214679460374,3,0,0,7.3
31.27,76.13,35.28,39.150527014819545,3,1,1,12.6
31.19,71.44,46.39,43.83005433022812,2,3,0,5.0
38.51,72.73,54.65,46.56640008487392,4,6,0,5.0
31.63,56.04,35.55,49.92628510264241,3,5,1,5.0
34.73,70.2,55.44,22.388869431587406,2,4,1,13.2
27.54,62.3,34.0,49.87015107947597,0,8,1,5.0
30.02,55.06,30.59,18.95801561341546,3,10,1,22.3
36.47,70.93,66.79,46.89729815787595,0,0,0,5.0
30.89,51.81,22.19,45.39424505437498,4,4,1,18.4
32.45,57.39,37.81,25.538299981865585,2,10,1,16.4
27.91,48.69,33.26,36.83046718563438,3,2,1,12.4
28.78,66.87,49.42,31.251682004879395,1,4,0,10.5
34.77,69.36,44.88,34.08676840136529,1,2,0,13.7
26.55,70.7,64.77,49.70728163212189,2,1,0,5.0
26.09,69.65,41.82,41.5956251007791,2,1,0,5.4
32.76,55.14,45.93,20.308523001132738,0,5,0,22.3
31.43,63.1,43.59,15.138543032377683,0,7,0,23.4
22.59,56.96,27.15,19.825418221054914,3,0,0,26.6
31.25,67.15,42.57,21.610862602732546,4,9,1,23.0
28.92,59.44,57.18,43.282822112580085,2,0,0,5.0
24.23,58.48,50.97,41.13444421359821,3,9,0,5.0
34.54,58.84,53.98,13.241441561659052,0,9,1,20.5
33.08,73.39,45.19,42.94379501207681,0,5,0,7.1
31.72,59.51,43.1,38.70169762092662,3,4,0,9.3
28.29,57.0,48.81,30.70616629527057,4,5,0,9.2
32.15,54.75,62.62,39.22911912690052,2,1,0,5.0
23.71,51.25,30.5,44.3741389371956,0,5,0,9.6
32.94,72.52,37.15,46.773555739542985,4,0,1,7.0
33.13,59.46,51.97,36.050759057586404,4,2,0,7.4
33.4,49.71,50.01,1.8793926550195184,1,8,1,25.8
24.0,59.32,44.9,27.09443300596126,3,10,0,11.4
34.84,64.32,51.31,19.092167898326462,0,0,0,17.8
28.09,68.54,27.88,16.33401442463156,3,3,1,30.9
30.61,56.22,43.7,30.84460686493142,3,3,0,12.3
30.45,71.76,45.74,20.331129986760466,3,5,0,15.5
28.25,51.77,37.97,28.549846273902276,2,8,1,16.1
33.72,54.21,47.29,48.230089891811915,3,5,0,5.0
25.89,50.14,30.58,35.005312096653576,3,1,0,18.6
25.6,45.0,55.92,29.388803491099765,3,1,1,5.0
28.78,57.35,64.43,32.36971031704844,4,5,0,5.0
29.69,64.81,55.18,37.08439231486945,3,10,0,5.0
35.85,63.92,50.71,13.35380787200961,2,0,1,19.7
32.69,72.28,38.65,4.773172899348338,2,9,1,34.7
32.76,59.14,55.84,24.035957705001167,1,5,1,11.9
35.33,57.99,70.0,46.481674498213025,1,2,0,5.0
23.35,59.98,63.83,33.97281553022717,0,5,0,5.0
28.63,63.42,48.86,36.58258294842933,4,10,0,7.0
24.83,51.23,46.97,16.369840421252242,3,4,0,20.6
26.02,63.08,29.67,27.809344381160123,2,5,1,23.1
32.4,63.31,54.7,1.7710836497371762,3,0,1,26.6
27.83,51.16,44.2,6.741887658944207,1,9,0,26.9
26.33,59.59,55.24,48.98805196400518,0,1,0,5.0
29.55,69.77,43.55,34.77664050116449,0,3,0,12.3
30.82,64.35,50.99,44.13466263098131,1,0,0,5.0
38.64,60.03,32.44,33.409529095857984,4,1,1,21.2
31.19,51.5,20.0,15.84892613245632,2,1,1,31.5
34.16,69.55,53.12,12.82366654305404,1,8,1,21.3
30.34,56.6,37.66,11.175206422126616,4,5,1,30.0
31.06,61.86,25.72,11.529533168942297,4,7,1,31.3
22.85,55.1,29.09,32.173477948739546,3,5,0,20.2
34.78,74.96,23.1,12.573094538342227,0,5,1,35.9
38.22,70.16,57.22,26.09486396502369,1,3,0,12.2
36.89,66.29,60.84,47.279507019624525,3,2,0,5.0
23.68,46.46,50.13,32.309776818810704,4,5,0,9.2
25.77,48.22,37.18,24.026807080783897,0,7,1,21.8
39.11,68.35,24.92,35.70891474752204,4,2,1,24.3
28.48,54.42,23.99,31.148441874087997,3,3,1,18.8
35.92,63.54,54.99,1.1633906430086716,1,8,1,25.9
30.71,50.67,62.58,2.741222460145848,0,5,0,24.1
30.64,48.22,36.77,13.334590512910477,4,2,1,27.2
31.14,73.75,31.4,21.490327107292075,1,8,1,28.0
22.32,56.11,24.06,49.23582340179682,0,3,0,6.6
38.22,57.94,50.07,27.68730303818248,4,6,1,15.5
29.97,69.39,25.39,44.92991885993634,3,7,0,13.2
29.23,54.78,49.49,41.14269004110153,1,1,0,5.0
30.3,53.26,50.53,23.74755572270554,0,3,1,13.1
30.01,49.19,47.72,8.481840114135414,0,4,1,26.6
22.28,44.81,70.0,39.190110339838974,1,5,0,5.0
27.22,60.5,39.08,35.36450387705262,3,2,0,12.7
20.61,49.35,20.0,3.905524642119995,2,5,1,39.0
28.4,64.69,20.0,4.771499615197378,0,10,1,39.6
31.38,51.49,61.27,33.29461768295782,3,6,0,5.0
31.32,51.5,37.24,21.880330225761714,4,4,1,22.4
29.84,52.93,40.42,42.671754861061835,1,5,0,11.6
23.18,46.72,29.53,7.080188192428361,0,6,1,28.0
33.99,56.59,20.08,36.135030426689084,4,3,1,24.5
34.98,65.83,33.5,19.721005469244247,3,3,1,26.4
33.25,69.66,51.62,1.106720617949758,4,3,1,27.8
36.38,70.01,60.43,5.5230049349947965,2,3,0,20.7
34.17,68.22,31.05,33.13217299102513,2,9,1,20.7
25.88,62.12,69.37,21.690217119274237,0,3,0,5.0
26.58,70.19,43.73,28.949892469816312,4,2,0,13.6
26.91,49.5,70.0,5.969415731695587,1,9,1,14.1
38.49,73.46,46.36,31.314910860529753,2,2,0,14.0
35.11,58.44,37.33,1.49725542230979,2,2,1,33.9
28.37,51.61,45.94,35.99483804635712,3,6,0,10.0
28.88,55.9,30.64,13.605433672871186,2,1,1,28.2
34.7,67.73,39.02,45.006735222650775,2,10,1,9.8
35.57,72.13,33.41,42.2929386809644,3,4,1,14.1
23.92,57.89,54.22,40.26785920943081,2,7,0,5.0
27.65,55.35,34.36,45.37028357269601,0,7,0,6.5
29.41,52.2,37.85,45.62869584570044,1,10,0,5.2
38.18,64.4,34.15,43.86321746719636,0,5,1,12.6
31.48,62.41,24.55,33.83005612764324,4,8,1,25.4
30.26,44.92,59.46,49.28683856519025,0,1,1,5.0
36.38,70.01,60.43,5.5230049349947965,2,3,0,23.0
22.85,55.1,29.09,32.173477948739546,3,5,0,16.1
35.11,69.12,38.09,23.290198376263188,3,5,1,22.5
40.0,67.6,43.19,40.777969159447714,3,1,0,12.8
26.73,51.88,26.29,48.89924198201938,3,9,0,10.2
31.67,48.24,38.06,17.46403979266456,0,6,1,26.2
26.1,56.4,70.0,22.28265334298151,3,3,0,5.0
24.33,66.27,70.0,8.135244509412265,0,2,0,12.9
21.1,46.31,20.0,20.75744871465945,0,1,1,32.7
28.2,46.89,48.92,45.86254059370496,0,8,0,5.0
29.13,44.19,38.55,12.128378359073416,4,4,1,28.5
34.67,58.7,28.33,42.17973475602846,4,0,1,17.9
25.54,65.98,69.67,35.91758169335669,0,8,0,5.0
33.86,58.35,43.35,45.255439955358526,4,8,0,7.5
32.74,64.14,68.56,43.50277589142178,3,4,0,5.0
23.54,58.86,47.16,49.099194948111986,4,8,0,5.0
26.74,52.72,36.02,44.35226460150785,3,10,1,8.9
22.39,59.45,42.31,20.927315630345056,3,7,0,20.6
37.68,64.53,62.03,32.29237382768349,1,4,0,5.0
30.3,54.43,45.38,31.430653047800085,1,5,0,8.5
33.29,57.7,37.44,17.167740672689856,0,4,1,26.8
26.0,52.0,31.0,6.125313300144181,3,2,1,34.0
30.34,65.26,61.34,23.29484281386518,2,7,0,11.7
29.61,53.81,38.02,16.211019280091048,2,10,1,25.3
27.41,56.77,45.73,22.79400386813233,1,8,0,16.2
23.05,52.71,38.47,25.635778618105864,2,1,1,17.9
23.32,60.72,41.52,2.216066266145517,2,8,1,24.3
35.15,72.72,54.71,37.065850156201904,2,8,0,6.6
32.14,71.89,41.21,26.653675935995995,2,7,1,15.2
29.07,73.52,52.71,8.662153913740678,2,4,1,21.1
27.83,53.52,35.02,30.501186253621853,1,10,1,16.1
29.94,66.26,49.69,20.459886153183543,1,10,0,13.3
31.34,52.86,27.31,44.62356434737892,3,7,1,11.1
29.48,65.8,57.41,36.87147809879215,2,1,0,5.0
35.09,61.52,60.88,20.83424066119159,0,6,1,10.9
31.77,65.98,47.18,48.4994635718832,4,9,0,5.0
29.16,59.51,35.27,48.43566187270723,2,7,1,8.4
34.87,52.87,24.26,14.54338916431513,3,6,1,35.5
36.47,68.04,31.14,9.765696889479269,0,0,1,34.6
29.05,52.0,53.16,0.7036421637184764,0,1,1,27.2
33.06,73.54,63.25,46.006874112453026,3,8,0,5.0
26.51,50.69,57.11,44.3789053727173,4,8,0,5.0
26.0,53.96,57.52,33.78540302821544,1,1,0,5.0
26.18,60.1,34.98,37.87966306036603,2,1,0,11.2
29.74,67.3,55.7,23.841369350235563,1,0,0,9.5
31.25,49.31,59.62,3.746382157921724,4,2,1,19.8
25.54,65.98,69.67,35.91758169335669,0,8,0,5.0
30.08,49.47,60.63,15.57860198944624,0,6,1,16.7
26.15,51.15,60.56,48.48117837002735,4,8,0,5.0
30.52,56.23,50.8,7.580204552616054,3,7,1,24.4
26.71,55.16,44.94,33.60242188198397,3,1,0,6.8
29.18,66.16,70.0,25.050730944783894,1,8,0,5.0
29.93,55.77,48.12,42.3826988591817,1,9,0,5.0
28.12,58.63,70.0,5.958749926017076,1,3,0,16.8
36.79,67.93,54.96,21.23077221090454,0,5,1,12.8
24.99,66.72,29.41,7.688380263204847,3,0,1,34.8
22.87,44.91,24.78,47.91147912441181,2,0,0,11.5
23.75,61.43,52.94,15.669749819482238,0,2,0,10.2
27.99,52.83,35.74,41.906762403494795,2,2,0,7.4
32.65,51.77,59.46,6.424112908148522,0,4,1,24.7
32.29,67.95,50.47,46.370958222020235,0,2,0,5.0
25.92,52.79,48.84,9.44302576025664,0,5,1,20.5
27.59,59.58,58.65,32.95779945893011,4,0,0,5.2
24.28,50.9,34.64,16.204934247456844,2,4,1,25.4
25.08,61.53,34.32,21.9298395591487,2,9,1,21.7
32.1,65.89,70.0,5.7434419760815425,1,10,0,16.7
27.62,67.62,64.74,42.20216089415974,3,0,0,5.0
25.13,65.26,63.03,39.426062125330134,0,4,0,5.0
32.04,64.28,62.11,28.430732701163024,0,0,0,5.0
37.69,72.0,68.84,3.4869256752711353,4,5,1,21.0
22.05,52.83,36.27,3.602688765929579,3,8,1,29.0
26.45,51.02,41.39,19.87711634279567,2,0,0,20.4
23.86,55.45,24.43,12.976410222858858,2,4,1,31.9
30.78,67.39,59.69,41.39059582583058,0,7,0,5.0
30.98,57.31,46.71,30.153648899752135,1,5,0,13.4
32.86,61.27,49.02,15.523619190410837,2,9,0,20.3
28.65,60.71,44.52,26.933891335454906,4,7,1,13.1
37.18,67.2,44.25,22.32169913347615,1,2,0,19.4
36.49,59.74,55.86,15.618423555489686,3,4,0,21.2
28.82,53.22,38.74,9.725633325966381,1,2,1,26.1
38.52,65.09,55.29,33.54392985963446,0,8,0,9.1
30.77,56.66,41.53,38.482569325624574,3,10,0,9.9
33.0,64.0,50.0,35.42369613463844,2,10,0,5.2
34.78,55.26,29.66,10.009417390727771,0,2,1,35.3
33.83,56.14,43.31,32.52812789348373,3,6,0,11.2
26.57,60.91,47.87,19.936181802557094,2,5,0,16.9
25.25,45.43,65.6,29.36451665330926,0,1,1,5.0
37.53,70.73,37.05,19.553828182468102,2,8,1,28.0
26.18,52.68,52.49,29.64116737322864,1,3,0,5.7
27.91,56.12,55.18,19.750433335164193,4,0,1,14.7
28.1,43.56,59.25,23.837550165704748,0,0,0,7.3
27.44,54.73,62.9,25.11939893039325,1,3,0,8.8
33.46,60.65,34.68,4.758705652067436,3,1,1,35.7
35.54,60.01,48.23,29.089483836362497,4,7,1,13.7
31.33,67.83,68.19,22.739944438119174,4,0,0,7.6
25.38,51.53,63.5,7.095191069667262,4,2,0,19.2
33.4,72.33,23.7,46.53174856196537,3,9,1,14.0
28.77,51.58,35.29,22.571476490892028,1,7,1,21.9
35.38,55.86,42.48,41.187913680651036,4,7,1,10.0
32.24,55.75,45.85,13.259975744960533,0,7,1,21.1
33.4,62.87,43.1,42.36443911819757,1,4,0,5.0
24.02,45.09,67.89,0.2705341086931434,2,9,0,16.7
30.6,53.91,34.29,17.022549268882553,4,4,1,27.5
30.23,72.24,57.55,23.59170665671805,3,1,1,13.3
24.76,43.52,35.03,19.2999462855423,4,2,1,24.3
34.85,58.22,40.91,35.993597547757844,1,2,0,12.0
32.67,56.77,40.22,10.127032155411463,1,3,0,27.3
28.65,62.64,41.6,34.80001220044046,2,7,0,12.9
33.16,56.99,39.99,3.1121663254314367,3,7,1,30.7
31.5,53.39,52.53,18.117189458479864,0,6,1,20.9
20.76,55.99,62.58,41.59928686766287,1,9,0,5.0
27.5,62.57,26.79,17.856177277812584,2,1,1,28.1
24.47,48.15,50.29,20.70856288501648,1,7,0,15.3
33.83,61.27,70.0,34.428658846074775,4,5,0,5.0
30.87,65.28,46.28,8.78169563955738,1,5,1,26.5
25.12,59.64,41.7,41.286381152368406,0,6,0,8.3
35.74,61.66,43.17,2.1331114066128256,2,7,1,31.5
32.77,69.64,45.76,39.15627499721049,4,10,1,8.2
34.96,60.68,50.5,32.51600180509078,0,7,0,10.5
26.63,64.94,56.15,29.792144439138248,2,4,0,6.5
28.66,50.21,39.99,35.25810489550219,1,0,0,9.6
32.25,56.33,41.25,3.5225730041322234,1,1,1,30.1
30.54,55.89,36.73,10.177450733273158,3,6,1,29.4
35.63,59.21,51.58,13.641340283133285,2,8,1,24.1
37.39,69.61,67.14,17.002579484309216,3,4,0,14.3
36.12,65.18,32.53,48.82000372106533,4,10,1,5.9
27.47,50.13,43.95,10.331614669387424,2,3,1,20.0
23.54,56.34,60.76,13.163368295995937,3,4,0,11.5
23.17,50.72,53.22,12.221069527595057,3,3,0,18.0
35.61,69.21,45.08,45.56070451694339,1,8,0,5.2
29.43,48.63,56.66,27.44861365072562,3,10,1,6.0
34.36,73.45,40.11,39.148911022813046,0,7,0,10.5
26.79,61.62,45.64,49.41367487127132,4,2,0,5.0
35.45,66.58,36.72,12.340878814306693,3,0,1,28.4
28.58,62.64,30.24,19.878763554566742,4,1,1,26.2
27.77,42.89,59.1,25.554578350434205,3,0,0,9.5
21.74,44.09,59.39,11.285827998317387,4,0,1,13.5
26.98,68.44,39.49,37.990178031811205,2,7,1,13.2
36.16,66.29,49.05,0.8549716145542785,2,0,1,31.3
31.0,62.0,44.0,14.730163454124662,4,0,1,23.1
29.89,71.8,41.42,2.249595031555679,2,6,1,31.9
37.02,71.06,58.82,46.950652060317104,4,5,0,5.0
26.72,52.56,31.72,24.566496082073876,4,6,1,17.4
39.85,60.31,29.29,16.583818035474057,4,1,1,32.2
26.0,57.75,41.81,8.450179792019636,2,1,1,24.4
30.42,50.01,26.27,21.124012260885777,0,2,1,26.5
30.53,63.85,56.3,21.99674518204091,4,0,1,11.1
28.26,50.41,34.56,9.233048364481123,1,0,1,30.2
31.09,64.92,39.02,32.46788719492035,3,10,1,16.9
36.52,66.41,59.41,14.914701462639362,2,1,1,19.0
26.59,61.53,38.46,29.47053956489214,3,9,1,14.8
26.57,57.0,70.0,10.001473301251673,0,5,0,12.4
35.78,62.29,42.45,29.129861499248598,2,2,1,17.5
25.85,59.28,48.78,39.40275361067035,3,0,0,5.0
27.3,58.19,21.84,46.905551632692145,2,6,0,13.1
29.18,67.41,29.21,2.637309256797149,3,6,1,36.2
30.79,62.82,29.74,18.5624182199954,0,0,1,28.4
30.12,47.45,64.3,22.26810222418516,2,9,0,9.4
31.52,68.51,29.7,48.61653182214558,1,4,1,12.5
22.84,59.33,62.69,40.11367716969534,1,10,0,5.0
30.17,61.17,53.11,48.80318232856278,0,3,1,5.0
30.52,62.11,23.07,0.4195039669117273,0,7,1,42.9
24.26,46.73,63.59,28.54970756723384,1,4,0,5.0
23.55,44.85,38.3,12.1371917752851,1,3,1,26.1
40.0,66.66,43.95,42.491521544853626,0,4,1,9.2
24.8,49.86,36.62,27.551670338210226,2,7,1,17.7
27.56,58.15,53.0,34.44591454760253,0,1,0,9.2
29.35,61.82,63.95,7.744125397669604,4,7,0,20.0
23.12,63.07,41.38,40.59637627386985,3,10,0,5.7
27.58,64.59,62.12,27.954506198381747,4,1,0,7.3
27.72,64.68,48.14,10.261058012062524,1,6,0,23.6
37.6,71.97,34.16,34.56861813398729,2,5,1,20.4
29.76,60.63,45.62,12.028969510722732,0,10,0,25.0
31.98,58.87,58.24,40.739578331897945,1,0,0,5.0
38.05,71.56,50.94,45.20389326609669,1,2,0,5.0
28.79,48.06,37.93,24.340050742900726,2,10,1,20.1
28.65,55.95,65.2,24.976253712880748,2,10,0,5.0
29.61,74.1,58.36,45.70782928236151,1,9,0,5.0
28.23,66.99,61.65,6.912200938513314,3,3,0,18.5
23.16,45.03,54.29,39.70121659194895,4,6,0,5.0
34.71,54.08,46.09,22.75658996177138,2,4,0,16.9
29.72,60.95,45.86,34.71372448603589,4,4,0,10.9
27.3,53.57,30.09,38.34535442164378,0,8,1,11.5
31.53,62.71,63.53,16.78853876544227,3,2,0,11.9
21.28,52.32,20.0,40.19884407782394,0,9,0,12.4
30.02,66.59,44.84,22.14438161612467,2,3,0,14.8
37.11,61.41,60.83,18.23600333623861,4,3,0,13.6
29.84,55.15,70.0,36.59756552672061,1,5,0,5.0
28.67,61.38,48.54,5.81391235872239,0,3,0,24.5
30.4,61.28,25.58,42.369128708004986,4,6,1,13.3
27.73,59.27,54.2,5.970804910586919,3,9,0,22.9
27.83,50.6,54.62,25.751630105792255,1,1,1,9.2
28.93,70.5,64.49,46.42329041571849,0,3,0,5.0
31.65,57.0,56.28,31.784245206929775,3,5,0,7.7
24.24,50.03,61.83,44.696957401875764,1,5,0,5.0
33.8,60.2,43.21,28.89668677857422,4,9,1,15.7
30.61,56.22,43.7,30.84460686493142,3,3,0,15.4
32.93,62.73,59.96,36.955615896456436,2,6,1,5.0
28.58,56.91,45.99,29.677327961905913,3,0,0,13.7
27.07,58.87,54.62,27.23065170031247,2,2,0,12.8
26.62,66.89,62.01,18.630733460528837,3,5,0,6.6
26.85,55.82,64.93,32.167639107904286,3,7,0,5.0
24.65,52.32,60.58,2.8505695902041217,3,6,0,18.3
25.95,57.37,31.82,11.020828351026696,1,3,1,31.3
26.58,70.19,43.73,28.949892469816312,4,2,0,8.9
29.77,63.09,47.01,42.641084754996925,3,8,0,9.4
30.34,70.27,32.51,16.18543353002515,2,2,1,27.0
30.81,47.67,38.48,36.57549632955324,4,8,1,12.2
26.62,52.74,33.14,15.925142260467956,3,3,1,22.6
27.56,59.15,37.01,29.79938635781486,4,7,1,14.9
21.97,48.06,43.61,41.611838645883495,2,1,0,5.0
30.29,72.81,52.72,0.246652984883311,0,2,1,28.4
34.23,53.35,37.66,14.106847916424531,1,6,1,26.1
36.05,73.59,58.17,36.31862531631418,3,4,0,6.1
29.25,63.08,52.62,5.07581143259212,0,8,0,24.2
30.97,54.68,37.37,19.324048426744895,0,6,1,24.0
34.57,55.72,20.0,7.715273448485332,2,8,1,38.1
22.71,50.4,40.46,30.633355446588645,0,7,0,10.5
23.7,41.13,58.8,30.46167073758232,4,2,0,5.6
28.78,46.7,36.68,2.6099888446467876,1,9,1,35.3
36.0,68.0,62.0,32.585161983776544,3,1,0,7.0
29.06,68.31,52.37,7.196654567949229,3,2,0,25.9
40.0,64.56,32.4,16.516105032678453,2,7,1,28.3
32.47,67.69,65.89,21.681352969851876,2,10,0,9.5
26.52,49.31,24.53,9.716088809047058,2,3,1,36.8
21.54,43.75,56.74,15.171930221388036,1,10,0,15.5
34.9,57.7,66.08,4.112377562693364,3,10,1,21.7
32.8,73.72,52.98,9.902621762096242,1,7,1,23.4
30.14,59.84,37.42,40.52668345983224,1,8,1,7.3
32.65,62.07,47.91,6.975718594103203,1,10,1,25.5
25.0,43.01,70.0,41.204017752293545,4,3,0,5.0
30.44,57.3,35.77,18.659344519920033,2,0,1,23.9
29.06,51.8,55.09,49.31144295789035,4,0,0,5.0
26.91,53.87,31.06,32.31865001245733,2,2,0,19.9
32.1,65.89,70.0,5.7434419760815425,1,10,0,16.8
36.99,70.45,29.04,20.961145870260765,3,8,1,25.0
33.2,53.06,64.27,8.544233171085908,4,8,1,16.2
29.68,55.95,57.79,1.4191195296384407,3,1,1,21.9
28.08,52.1,36.43,49.74582598241569,3,4,0,5.0
36.17,70.81,32.25,7.8822748730652705,1,8,1,32.9
27.76,65.79,45.56,17.731387712860975,2,2,0,19.3
30.11,59.1,51.32,19.402834010194553,0,3,1,15.4
38.79,66.25,48.58,33.163855359879626,0,1,0,14.7
37.05,69.22,44.58,44.97674419809227,0,8,0,7.5
38.65,71.63,59.06,22.853541561584528,4,9,1,12.3
31.06,55.41,33.8,12.975409944878475,2,8,1,28.7
26.93,51.37,50.87,22.9286722883833,4,5,0,11.4
28.88,54.81,33.23,43.57625989661804,2,3,0,12.5
30.24,56.13,30.91,42.02199119526356,0,0,1,13.8
25.2,60.02,69.92,15.704082877233283,4,5,0,8.1
21.48,45.7,31.28,44.40603577195653,0,9,0,8.5
30.73,58.57,39.43,28.884226659318664,3,6,1,18.2
33.61,64.0,22.98,38.97088520578518,4,5,1,19.8
26.9,57.31,68.61,38.70443999685534,0,1,0,5.0
32.12,77.32,23.3,22.587459119192815,0,4,1,30.5
34.28,52.14,44.07,45.35804789465294,0,9,0,5.0
26.2,66.49,58.35,39.14153041979799,0,9,0,5.0
27.37,52.05,37.96,31.662482947299033,1,3,0,15.2
27.22,58.67,43.43,45.07773804718813,3,9,0,5.0
24.39,61.39,39.84,15.131470145183446,4,0,1,23.6
30.96,71.01,55.69,19.35043702407414,3,5,0,16.0
29.71,48.75,26.24,36.02115263843702,2,9,0,19.3
27.6,61.91,38.15,43.25841716386854,4,5,1,10.4
30.02,68.96,35.81,38.00361949607258,3,8,1,8.9
21.84,58.1,32.37,40.457312729650546,2,10,0,10.3
28.0,54.0,43.0,35.72949594499648,1,6,0,11.7
32.33,75.18,40.55,44.26207905532967,0,8,1,5.0
32.64,71.49,45.45,25.624355130718335,0,3,1,17.5
28.85,58.66,43.76,2.843195364794382,2,0,0,29.0
28.49,62.9,43.12,37.635544343283236,0,6,0,6.2
21.67,49.56,59.18,38.8866663121859,4,5,0,5.0
30.84,59.19,45.38,48.04313932216992,2,10,0,5.0
35.65,71.86,53.99,39.24657647436761,2,0,0,5.0
24.84,58.91,43.15,34.06451120960221,3,1,0,6.9
20.41,47.39,70.0,32.05035108198389,2,6,0,5.0
24.32,42.11,32.47,35.407535381573915,2,7,0,13.4
32.86,62.77,31.22,13.618355493599433,3,5,1,30.1
34.09,65.92,61.83,49.13919970403616,2,5,0,5.0
21.67,49.56,59.18,38.8866663121859,4,5,0,5.0
38.87,66.29,56.82,48.06232237674028,0,4,0,5.0
33.81,55.89,56.88,48.018527998713964,1,7,0,5.0
24.97,57.24,56.69,6.86298466018474,4,9,1,18.3
29.46,60.17,40.6,46.1875537501513,3,4,0,5.0
39.67,70.21,40.71,15.164020708081571,3,3,0,26.3
24.04,44.61,65.64,5.563796614353855,2,7,0,17.0
35.6,73.58,37.94,7.95452103513084,4,0,1,31.6
25.41,59.6,47.88,28.749809972170382,2,0,0,12.8
30.48,50.15,24.47,31.763395809454398,0,8,1,23.8
36.49,58.68,47.81,46.898318709312974,1,1,1,5.0
26.8,60.69,60.28,8.73162682189933,2,10,0,21.0
37.6,61.35,36.62,38.24979495114741,3,0,1,15.5
27.74,60.46,44.85,20.093262843685515,3,10,0,20.4
35.84,53.53,41.21,28.399142331981142,0,10,0,15.4
21.57,52.34,32.89,35.71324227535783,3,8,0,10.9
39.78,72.13,29.77,20.077144124121123,1,3,1,30.7
31.09,62.05,42.38,25.915107651890075,3,1,0,17.5
27.21,64.76,57.04,28.807023093051132,2,4,0,6.4
27.82,65.01,36.96,22.76709560872051,0,5,1,19.8
39.85,60.31,29.29,16.583818035474057,4,1,1,34.9
31.81,57.99,62.68,30.08887586449431,4,2,0,6.4
37.55,64.6,43.06,12.434911842881046,2,4,1,24.2
25.9,44.58,27.68,0.27456450765804274,4,2,1,33.1
34.04,65.18,55.33,44.53351098276085,0,2,0,5.0
26.95,62.85,63.53,11.307573807071696,1,5,0,13.7
35.08,64.76,34.93,29.972233732506854,1,6,1,21.0
30.12,59.49,45.57,38.58832592467709,4,2,0,9.0
24.16,49.19,63.53,1.8807573118760967,4,9,0,16.5
31.64,51.55,63.79,19.860616171545303,2,9,0,10.1
35.2,68.47,37.24,12.779286278699637,4,8,1,27.8
32.38,55.82,40.91,31.354635666531205,4,5,0,14.8
29.71,61.87,54.45,49.07514518162075,4,8,0,5.0
21.63,57.62,34.24,13.173706844585025,4,3,1,25.9
25.05,54.36,40.75,16.466714101408986,0,8,0,22.3
36.76,66.87,45.44,23.56091719133286,4,7,1,18.7
29.94,57.63,50.05,29.273589783046326,2,7,0,10.7
25.9,44.58,27.68,0.27456450765804274,4,2,1,37.5
36.17,64.23,54.97,33.56020291164455,2,5,0,10.7
32.77,60.55,61.77,11.794652156834657,1,8,1,15.8
30.51,65.48,56.53,4.304927151209526,1,1,1,22.8
23.39,59.59,32.49,10.308354869348928,3,4,1,28.4
29.39,46.86,25.84,1.6550094450174746,4,7,1,40.9
40.0,79.27,54.52,5.343896846977664,1,5,1,25.1
37.0,62.94,55.83,39.52903205502143,2,7,0,5.0
32.23,69.85,66.56,34.76033444637546,0,2,0,5.0
31.13,57.22,49.42,19.575566875330107,2,0,0,18.9
27.41,53.99,29.32,2.876422319582972,4,6,1,35.4
21.36,44.67,49.8,35.626407054412375,1,5,0,5.0
24.59,58.22,64.12,42.90093962577271,4,6,0,5.0
32.28,64.92,25.67,32.206694260409,0,2,1,23.2
27.98,63.97,45.35,10.424837746894195,2,0,0,21.0
35.73,62.22,25.88,42.533926727866884,2,4,1,17.2
26.95,62.85,63.53,11.307573807071696,1,5,0,13.0
27.46,63.46,32.44,11.996677081242362,4,5,1,30.1
34.41,62.43,33.3,20.22928535075687,2,0,1,29.4
26.65,56.41,66.61,48.02779005954053,2,10,0,5.0
34.0,65.0,31.0,42.810213491783244,3,9,1,13.7
33.4,62.87,43.1,42.36443911819757,1,4,0,7.7
29.75,62.25,68.76,24.51248321082841,1,9,0,6.0
23.6,54.64,32.83,16.712846013126825,4,0,1,20.7
29.43,66.72,40.93,18.933866964359442,0,10,0,21.4
24.17,52.54,33.16,18.828960501272334,1,10,0,22.6
36.28,59.06,26.66,36.36236579646053,0,3,1,19.9
29.99,62.52,49.88,42.186448309163595,0,7,0,5.0
27.5,71.05,41.74,11.079838930002738,0,0,1,23.0
30.53,63.85,56.3,21.99674518204091,4,0,1,13.8
25.12,50.56,52.48,49.13870479288164,4,4,0,5.0
29.02,47.24,42.83,48.11154839778469,2,10,0,5.0
30.11,59.1,51.32,19.402834010194553,0,3,1,15.7
28.51,55.73,42.73,26.91326652316985,3,4,1,16.8
29.03,55.12,58.72,36.78278235784093,0,10,0,5.0
28.1,47.62,47.44,16.591327763711906,4,7,1,18.5
31.12,58.29,37.01,46.12383204103044,1,2,1,6.1
33.11,79.52,30.26,7.230378919224744,0,2,1,30.2
30.63,48.47,42.44,15.184102962232515,3,4,1,24.0
23.84,40.24,61.13,25.67535562475602,4,10,0,5.0
31.46,52.2,31.78,26.768546006623794,2,0,1,23.7
29.65,55.27,57.09,14.487551377352009,0,4,0,17.6
37.68,64.53,62.03,32.29237382768349,1,4,0,5.0
31.61,72.2,23.07,19.196983422422694,3,7,1,29.7
31.41,56.68,46.38,44.52404366263406,2,6,0,5.0
30.13,68.83,49.19,2.4201653135781265,1,9,1,26.0
31.13,73.3,29.78,49.043906835542714,2,0,1,9.9
28.3,50.98,67.77,36.27492210314706,0,10,0,5.0
24.63,50.31,63.27,45.39349413475565,4,8,0,5.0
25.11,67.21,30.73,13.671366010130248,1,2,1,27.1
35.01,65.35,36.5,7.293674428574254,1,8,1,33.2
29.94,66.26,49.69,20.459886153183543,1,10,0,13.1
31.14,58.05,62.54,30.072386121455537,2,1,0,5.0
34.43,59.77,62.97,31.31238723388442,3,1,0,5.0
29.93,66.3,55.91,5.302449413531162,0,1,1,23.5
29.28,54.61,62.26,30.332267210183783,3,0,0,5.0
21.26,40.17,21.0,2.037006125714985,2,10,1,42.0
30.7,59.76,39.31,40.85630463319171,4,9,1,8.8
24.68,58.73,43.06,28.59517051334091,4,4,0,11.3
32.95,62.26,50.04,27.52747044179365,4,6,1,13.8
32.64,66.3,39.89,26.410894277194096,0,2,1,18.1
30.53,63.85,56.3,21.99674518204091,4,0,1,11.0
21.85,49.88,44.21,22.635457213926703,1,0,0,18.6
37.77,55.25,50.88,24.976416951047675,4,4,1,14.1
25.43,56.25,52.07,29.713429058788748,0,5,0,8.8
29.04,45.29,36.71,16.49048686292399,1,1,1,23.5
26.16,67.1,44.73,10.128999825623103,4,9,1,22.5
33.83,56.31,25.41,29.250815098469452,4,3,1,23.4
28.75,60.69,32.81,29.497533112849876,0,0,1,20.6
25.52,45.73,48.04,29.86119930956459,0,6,1,9.7
23.48,58.98,66.26,31.730504133601162,1,5,0,5.0
28.8,55.76,35.61,18.62189988953539,2,2,0,21.5
30.75,52.41,37.5,39.905386708412095,2,3,1,13.4
25.36,63.37,30.4,27.758458861458163,0,2,1,23.5
31.68,60.87,25.77,10.838279982591098,3,4,1,34.3
27.0,53.0,43.0,20.1730111959179,0,4,0,20.1
29.4,63.14,41.1,43.64560671514507,3,8,0,8.4
38.22,57.94,50.07,27.68730303818248,4,6,1,14.3
28.71,64.1,44.78,15.91142195434525,2,3,0,19.4
35.9,54.1,36.4,24.01503907457359,0,10,1,25.1
30.17,61.17,53.11,48.80318232856278,0,3,1,5.0
26.19,61.82,26.83,45.84039024504163,4,2,1,10.1
30.75,60.98,45.39,32.1036139655908,1,7,0,12.3
29.26,43.57,38.57,18.648751475098667,4,10,1,22.7
25.85,48.14,39.33,21.716303715637398,2,3,1,16.4
35.28,65.1,40.67,6.576949753172262,3,2,1,28.5
26.53,54.66,31.33,36.012144931472314,4,10,1,15.2
28.52,52.04,64.54,30.8227629000199,0,6,0,5.0
32.4,61.14,47.06,7.260653231509057,0,10,1,24.6
27.58,42.95,54.69,32.220963990847075,4,8,1,7.0
29.65,73.8,41.76,15.63671995039143,0,8,0,20.8
29.74,67.3,55.7,23.841369350235563,1,0,0,9.5
34.3,52.7,60.28,25.350398537828895,4,10,1,11.5
37.6,58.72,21.63,31.238555769519916,4,0,1,28.6
30.12,69.25,21.43,35.71427200259769,2,6,1,20.6
33.99,56.59,20.08,36.135030426689084,4,3,1,21.6
30.78,58.39,37.15,10.087728404937646,0,2,1,25.3
31.53,66.76,34.6,12.255138838980951,3,9,1,31.7
26.55,52.44,67.67,16.400516618955557,0,2,0,9.6
38.05,71.56,50.94,45.20389326609669,1,2,0,5.0
20.76,55.99,62.58,41.59928686766287,1,9,0,5.0
31.44,60.25,50.87,4.556707101259611,1,0,1,27.8
28.66,50.21,39.99,35.25810489550219,1,0,0,11.2
26.38,62.82,27.4,37.444078959167584,2,0,0,17.6
24.8,61.32,54.78,24.16902034845941,0,1,0,12.1
33.57,71.2,44.05,35.1541095484947,0,0,0,12.2
40.0,65.47,42.28,17.267727675067903,3,0,1,26.0
37.27,71.63,41.84,14.19765882503402,0,10,1,25.6
30.04,70.55,48.8,34.46553908568995,2,5,0,8.4
26.2,51.04,51.58,37.860450231258746,3,5,0,5.0
30.2,50.46,46.49,48.06964081220254,1,7,0,5.0
30.34,71.91,39.7,32.68014428939046,1,5,1,12.4
33.37,63.15,52.75,44.99640033794107,1,1,0,5.1
30.98,62.94,45.32,7.208639271792822,2,7,1,27.2
29.16,60.54,23.72,7.617163361436374,0,3,1,32.8
32.89,60.09,59.65,47.282156320454924,1,10,0,5.0
29.52,46.94,40.51,16.199666424746685,3,1,1,22.5
26.41,55.23,43.13,24.09469005581693,0,0,0,13.5
25.19,58.09,62.65,23.92679032637443,1,2,0,5.0
26.0,52.0,48.0,23.435134308620203,2,10,0,14.0
31.14,58.05,62.54,30.072386121455537,2,1,0,5.0
29.18,67.41,29.21,2.637309256797149,3,6,1,37.3
29.46,52.15,55.43,26.012336556002158,4,3,0,6.5
27.97,47.17,23.87,13.824742050963945,1,7,1,34.9
40.0,71.51,47.58,49.13818272447503,1,1,1,5.0
32.16,62.99,54.53,25.41202786557633,0,9,0,13.8
28.0,54.0,46.0,8.957713594604805,1,6,1,25.6
29.87,54.64,41.07,11.98467063133305,0,2,0,21.8
30.77,60.08,39.33,24.902020084285926,0,8,1,17.9
32.76,74.84,69.17,0.30244250010699747,3,8,1,14.8
35.85,65.73,46.71,1.9596455716749506,1,10,1,28.6
31.7,55.64,40.28,27.271089964724464,4,3,1,22.6
37.53,67.28,40.79,0.6153166973847046,1,3,1,38.0
29.39,46.86,25.84,1.6550094450174746,4,7,1,42.3
32.76,59.14,55.84,24.035957705001167,1,5,1,11.5
29.5,50.06,63.05,7.603293511765874,1,7,0,19.9
28.38,63.35,70.0,17.572247539278163,4,3,0,9.0
29.37,62.57,51.8,41.60816694057441,3,10,0,5.0
30.06,47.8,60.33,41.101805629641284,2,0,0,5.0
34.46,54.47,58.14,43.76075662211821,2,8,1,5.0
32.92,65.89,35.29,0.2752684202656397,4,6,1,36.9
27.3,58.19,21.84,46.905551632692145,2,6,0,15.3
24.63,60.8,31.01,39.24849737083701,3,6,1,15.1
36.9,71.22,41.65,10.450332422365138,2,6,1,25.0
30.33,57.26,50.77,32.25577194746838,0,1,0,12.9
29.03,55.07,21.85,24.489494335211415,0,10,1,24.0
29.68,51.55,20.35,1.1335890959340233,3,0,1,40.7
29.68,59.22,36.21,30.4005758735573,3,0,0,15.3
29.83,58.93,43.95,48.09615320454563,3,9,0,7.0
30.56,60.51,28.79,34.99970862749143,3,10,1,21.1
25.12,59.64,41.7,41.286381152368406,0,6,0,5.0
25.31,51.61,33.05,47.114858168876374,3,2,0,8.8
39.61,73.34,50.25,10.540245330483666,4,5,1,26.2
24.07,56.17,37.66,5.971599750095508,0,7,1,33.1
26.74,56.43,41.86,49.413456039496076,2,3,0,5.0
30.44,69.49,24.3,18.01042377257145,3,8,1,31.6
31.81,66.62,69.44,41.23338085424062,4,7,0,5.0
30.82,64.35,50.99,44.13466263098131,1,0,0,5.0
38.03,60.56,64.39,26.6699966841077,2,4,0,10.6
36.59,67.13,61.03,45.264660415681966,1,10,0,5.0
40.0,68.24,47.7,49.43676200448866,0,4,0,5.0
36.71,69.72,41.43,20.269128421904448,1,5,1,26.7
27.22,60.5,39.08,35.36450387705262,3,2,0,16.9
30.34,54.73,62.24,22.149214958543983,0,1,0,8.7
32.44,66.7,44.68,5.954705767751911,0,8,1,28.5
29.28,54.61,62.26,30.332267210183783,3,0,0,5.0
33.25,59.02,58.34,14.10225628422933,0,9,1,20.6
21.66,44.54,59.31,44.57602565231598,0,10,0,5.0
30.39,50.71,35.06,49.49571941489386,1,4,1,5.4
31.38,57.81,50.23,19.911140054483205,1,0,1,16.2
32.85,62.84,33.74,9.311833335829128,3,2,1,31.9
27.14,52.85,56.68,46.27430633293686,4,9,0,5.0
30.83,43.14,58.64,41.03661082253655,0,10,1,5.0
25.88,57.09,44.64,34.16397630093642,1,1,0,9.4
33.56,59.78,61.64,32.740051566764386,2,7,0,5.0
25.31,51.61,33.05,47.114858168876374,3,2,0,10.1
23.68,41.79,27.14,2.0012265436325674,2,9,1,33.7
27.29,57.56,53.09,2.9478026899000085,0,7,0,24.1
32.66,55.25,20.0,15.835627159771448,3,6,1,35.9
28.27,52.86,22.36,2.354659057422986,1,2,1,38.4
24.87,66.48,38.24,40.98247689024574,0,0,0,7.1
31.81,70.13,21.18,26.009422015211996,3,2,1,23.5
33.57,71.2,44.05,35.1541095484947,0,0,0,8.5
32.12,69.24,36.58,28.288366123562774,3,1,1,24.7
26.14,52.36,40.32,4.70252789770112,1,6,1,30.8
33.03,50.75,42.07,31.7190383822002,2,8,1,17.6
34.81,52.08,24.15,29.19715791013854,0,5,1,24.8
29.66,49.78,23.81,29.22482487752446,0,2,1,20.9
30.2,52.48,47.01,21.595536563196955,0,4,0,19.0
24.56,58.5,32.41,29.83680049253048,1,5,0,16.3
40.0,71.79,58.99,11.048161592112715,0,8,1,19.7
29.59,61.69,42.35,40.90269952911946,4,7,0,7.8
30.81,58.48,41.17,49.224920986276814,1,9,0,5.0
26.59,49.71,34.99,36.63846988517598,2,6,1,14.4
31.08,51.34,55.35,29.190466001894595,1,5,1,6.2
27.03,63.04,37.86,5.885212308744165,4,3,1,26.7
25.07,48.14,38.76,42.84234492847931,1,0,1,7.2
25.59,63.6,46.33,42.35783066541022,1,1,0,5.0
25.68,50.02,55.22,25.821919848274042,0,4,0,5.0
28.93,59.75,28.26,22.727366898499906,4,6,1,25.7
24.03,58.77,40.78,42.13406138179838,2,4,0,8.1
30.2,50.46,46.49,48.06964081220254,1,7,0,5.0
32.17,55.02,37.37,17.936831564886713,4,8,1,25.1
24.23,64.12,49.89,25.36903561002555,2,5,0,11.6
35.17,70.71,27.27,16.750494730914017,1,3,1,30.5
35.45,66.58,36.72,12.340878814306693,3,0,1,28.5
27.0,53.0,43.0,20.1730111959179,0,4,0,19.1
30.67,67.01,70.0,3.595667145974124,2,8,1,20.1
29.0,57.95,20.71,23.80098876384013,3,5,0,33.2
28.4,64.69,20.0,4.771499615197378,0,10,1,39.9
32.06,71.03,52.21,25.94519273175573,1,10,1,12.4
29.62,68.68,36.49,41.96475059978408,1,3,1,7.4
36.68,73.77,45.6,41.24680640437694,4,5,1,9.0
26.0,52.0,35.0,39.4864430411808,4,0,1,12.4
31.49,71.13,61.76,43.40843678094013,0,0,0,5.0
27.1,62.84,62.37,40.54357584551108,0,3,0,5.0
31.15,66.9,49.75,7.830163334732948,4,1,1,23.5
27.47,63.37,35.75,20.558852184546804,2,6,1,22.9
25.72,60.71,43.46,45.50845207874734,1,10,0,5.0
32.61,72.07,32.62,21.36212081297273,1,4,1,23.0
31.68,59.06,58.41,48.957893990123395,1,6,1,5.0
32.58,48.15,44.44,32.72835573986462,2,6,1,10.9
20.69,57.12,59.85,45.03681832579477,4,9,0,5.0
36.29,68.59,62.11,15.202684122662458,4,7,1,19.1
39.86,58.58,45.17,13.188909847223268,0,7,1,28.7
40.0,71.69,45.98,39.72895718005542,1,7,0,9.9
30.38,63.18,56.23,27.444108432998494,2,9,0,8.4
27.14,68.62,46.27,10.213307193875393,4,10,1,23.0
26.52,59.29,37.89,24.005522695202053,0,8,1,22.5
23.2,50.07,39.24,28.505431219951305,3,3,0,16.6
21.63,57.62,34.24,13.173706844585025,4,3,1,28.7
38.84,61.78,60.96,33.80396604936962,2,3,0,8.7
25.14,49.84,20.0,47.17073929988535,0,3,1,17.0
27.41,48.69,52.62,1.0419009752355934,0,10,1,26.8
27.16,54.78,41.9,19.404442920207586,0,7,0,23.2
38.13,56.75,55.03,26.40135171920027,2,10,1,17.2
30.44,44.11,42.92,41.57101126403447,4,4,1,6.0
24.14,50.03,56.4,4.458322964439187,3,5,0,25.2
30.43,47.52,45.72,6.701947773889999,2,5,1,30.5
31.94,43.31,56.99,30.31431044673486,3,1,1,7.7
32.4,61.69,38.95,49.66731012615478,0,6,1,5.0
24.3,54.99,32.02,44.17300652812402,1,0,0,7.8
27.68,57.8,70.0,44.83041767484186,3,10,0,5.0
28.91,41.55,69.89,6.26002847912423,2,5,0,13.7
33.77,59.19,26.58,47.32553158361104,4,10,1,13.1
29.0,58.0,40.0,35.27190888559172,3,2,0,12.6
22.28,43.79,63.73,28.48233188153339,1,3,0,5.0
28.87,58.01,36.28,23.435380574994102,4,9,1,23.4
38.19,61.79,70.0,30.894062027108816,2,8,0,5.0
26.44,47.39,51.83,34.46058067334406,4,5,0,5.0
30.99,55.81,33.94,31.684401021316837,1,2,1,20.7
25.71,43.52,40.7,16.380679799137027,2,5,0,20.2
39.78,63.55,29.54,28.510254522630785,1,7,1,27.9
33.19,59.66,56.19,21.43814347188851,2,6,1,14.7
35.15,72.72,54.71,37.065850156201904,2,8,0,5.9
31.36,59.58,69.23,32.96620539740981,4,3,0,5.0
24.04,48.68,40.49,19.294869335982778,4,9,1,23.2
30.34,56.6,37.66,11.175206422126616,4,5,1,27.1
21.31,57.18,24.62,41.94797009942548,3,1,0,13.9
33.64,66.85,33.19,31.08352278203409,3,0,1,18.7
27.49,58.98,48.37,36.47430687771261,3,10,0,7.2
28.92,49.12,20.0,0.35354723692655465,0,7,1,41.3
38.18,64.93,44.1,48.61351281918941,3,2,0,5.0
34.54,69.83,51.36,33.816556813491566,0,0,0,13.9
30.17,61.17,53.11,48.80318232856278,0,3,1,5.0
28.79,61.59,40.95,20.058734150004298,4,4,1,21.1
22.46,48.46,43.17,0.13380477456213513,1,9,1,30.0
34.53,60.32,35.86,25.308538100132893,3,10,1,20.0
38.08,63.07,27.4,35.79895216544154,0,1,1,21.2
32.37,57.03,65.34,28.37077829168309,2,6,0,5.0
26.77,47.3,36.53,16.716812555793542,3,0,1,24.5
28.61,63.87,29.29,36.97319013899544,3,1,1,17.3
28.09,63.65,22.19,47.84404330357731,4,4,1,11.0
34.78,55.26,29.66,10.009417390727771,0,2,1,35.2
24.14,51.65,39.68,9.57401758725967,0,8,1,29.1
32.12,61.45,49.19,23.54926682922045,4,1,1,13.6
33.62,72.93,27.1,47.13795588018277,3,3,1,11.8
28.1,47.62,47.44,16.591327763711906,4,7,1,17.3
22.76,48.08,34.55,48.07279349989304,2,3,0,7.3
25.42,65.93,20.0,11.59299073260941,4,7,1,33.7
29.07,56.03,37.1,19.075281077342822,3,9,1,20.9
35.1,70.14,56.12,44.68181201572069,2,7,0,5.0
29.4,59.77,36.99,5.379168936706508,4,2,1,33.1
31.41,50.97,45.98,15.599939210831904,4,4,1,19.8
29.13,46.65,36.41,9.818782857946124,2,2,1,30.5
28.67,55.39,64.88,4.85738897005612,1,5,0,14.9
25.55,68.17,51.97,9.04464647832125,2,4,0,22.5
37.45,74.47,28.23,44.57481704530014,3,1,1,15.7
25.99,48.98,52.04,43.426403811133106,1,2,0,5.0
30.0,60.0,44.0,0.4577876076100107,4,4,1,32.1
32.4,61.14,47.06,7.260653231509057,0,10,1,28.6
35.4,66.88,56.01,20.049905953833193,1,7,0,14.1
25.47,48.38,36.0,17.526741317765033,0,4,1,25.0
32.63,71.17,55.93,25.425918921124378,2,4,0,11.5
23.79,58.36,23.74,15.457960452150726,3,0,1,27.4
29.84,55.15,70.0,36.59756552672061,1,5,0,5.0
24.33,66.27,70.0,8.135244509412265,0,2,0,10.1
30.4,73.93,50.87,28.703111670621396,1,1,1,12.1
29.62,57.58,56.91,11.34892755271641,1,7,1,16.4
29.19,60.94,42.0,31.926611642868473,3,5,0,12.5
22.93,53.13,31.62,15.878556225481061,3,10,0,26.4
35.22,60.12,46.49,11.086844993135802,4,0,1,25.1
27.43,58.71,58.37,6.96780791948986,3,6,1,19.3
37.83,76.34,37.18,40.49963365214395,4,5,1,13.2
35.36,66.71,31.57,40.57269234334554,4,10,1,15.4
25.27,55.44,29.6,25.933603496406622,1,2,1,25.4
23.56,50.55,43.22,5.942289066013356,3,1,1,27.2
33.65,64.1,41.88,40.825665576727864,2,3,0,8.0
27.18,64.47,30.84,4.203241813775904,3,6,1,36.5
30.55,64.61,50.52,11.534760724733678,4,7,1,24.5
28.24,40.02,40.05,48.80990197630204,3,7,0,5.0
23.49,45.84,58.18,8.228722373838687,1,10,1,18.1
30.47,57.1,59.57,40.542835714488646,4,10,0,5.0
32.83,59.11,29.94,24.0387963020611,1,9,1,23.7
23.91,49.16,24.07,14.967643710732586,0,8,1,30.3
28.91,55.03,35.94,37.27731126579168,0,0,0,16.2
32.63,71.17,55.93,25.425918921124378,2,4,0,12.4
24.57,61.8,37.23,18.66205533811523,2,10,0,23.5
29.63,51.13,59.87,49.093640769175764,4,9,0,5.0
30.5,56.85,37.55,24.452906045511813,3,9,1,20.8
32.82,66.47,59.62,5.98737680914544,3,2,1,21.6
28.52,72.19,59.12,48.89974466665561,1,9,0,5.0
29.9,50.37,36.94,10.23484184536126,3,3,1,30.1
34.13,60.59,68.17,41.74538718624003,3,9,0,5.0
29.59,52.76,46.61,37.91935081622793,2,9,0,8.4
21.31,57.18,24.62,41.94797009942548,3,1,0,13.6
25.37,56.61,56.98,36.19823093745796,4,4,0,5.0
29.51,56.71,43.38,42.38035521491235,1,1,0,6.8
32.9,63.12,47.43,7.406947320138213,0,0,1,26.4
22.3,56.51,42.72,24.610979648808996,4,9,1,15.5
29.19,47.17,37.7,2.367069270139438,0,2,1,32.2
22.81,48.89,28.47,5.155199779778663,2,3,1,33.4
38.11,67.76,40.16,3.939567258017851,2,9,1,35.3
34.32,72.1,42.27,27.529572630119155,4,2,1,18.1
22.55,57.45,46.58,32.02320041274629,3,6,0,9.2
25.0,50.0,64.0,44.56057945658022,3,1,0,5.0
28.75,65.49,48.78,46.72201234342923,0,4,0,5.0
31.48,74.48,40.94,17.152749490912168,3,7,1,23.9
26.33,50.2,45.34,44.41945756970682,1,5,0,5.0
22.33,50.62,42.7,2.095281413197281,1,9,0,28.7
29.14,58.06,43.94,3.625561323715459,1,6,1,25.9
24.0,45.62,24.15,17.701091791129652,4,10,1,33.0
25.08,60.16,44.64,46.41965126363428,4,9,0,5.0
30.96,57.8,42.72,47.08924218866667,3,8,0,5.8
35.38,55.86,42.48,41.187913680651036,4,7,1,5.9
28.88,54.57,38.98,9.362365140980133,1,6,1,26.6
34.18,58.31,46.39,21.51458377928794,4,3,1,22.2
29.75,58.55,65.87,15.190642300089912,1,0,0,11.6
30.93,67.78,70.0,37.69413898150151,0,2,0,5.0
28.74,60.87,37.06,37.99544615192528,1,3,0,11.4
30.03,59.76,24.55,37.74185061577206,4,0,1,17.1
26.85,55.82,64.93,32.167639107904286,3,7,0,5.0
38.39,69.51,65.09,25.419858213379154,1,5,0,12.9
24.54,46.43,32.67,49.50961887781721,0,2,0,5.0
33.28,69.6,60.82,47.251985775579634,1,9,0,5.0
24.37,53.17,55.48,1.123499464324823,3,10,0,23.2
32.12,76.73,34.45,10.398810739456826,0,10,1,31.9
35.48,77.07,59.6,43.339164907743196,3,4,0,5.0
27.56,50.27,33.38,30.442256631430485,0,3,0,16.7
23.14,56.97,42.97,40.77409325446081,0,6,0,6.3
31.12,67.16,45.77,44.13103667120655,3,0,0,7.9
33.24,67.38,66.34,41.45663639762381,1,5,0,5.0
26.11,61.27,51.36,48.57073859829729,0,0,0,5.0
25.4,50.75,42.4,41.98370661122587,0,0,0,5.5
28.28,67.72,55.83,17.58702901902739,3,9,0,13.5
29.93,55.77,48.12,42.3826988591817,1,9,0,5.0
25.98,51.85,70.0,37.66231609239186,0,7,0,5.0
32.53,60.02,29.35,10.101253055579617,1,10,1,32.2
23.79,63.74,20.0,20.910359342406153,3,10,0,31.4
27.93,47.92,50.02,5.003484613435166,0,2,1,22.6
32.41,55.04,32.15,23.904441336387432,2,5,1,24.4
31.0,64.07,51.2,22.984927566511903,0,10,0,18.5
31.6,44.66,29.0,42.77783998681209,3,2,1,15.2
33.73,55.28,55.87,22.3611297965956,4,10,1,11.2
23.52,62.06,63.73,31.129946900547605,3,10,0,5.0
31.44,54.65,44.13,48.71877315329065,4,7,1,5.0
23.83,60.51,31.59,41.79454799164899,0,1,1,8.2
23.54,47.71,27.92,21.195430499482892,3,0,1,27.2
29.63,51.13,59.87,49.093640769175764,4,9,0,5.0
26.63,64.94,56.15,29.792144439138248,2,4,0,6.2
28.84,63.97,65.22,49.25888492580432,0,4,0,5.0
29.06,48.7,52.49,46.464517666335546,0,4,0,5.0
24.26,61.88,65.71,12.62783366728597,1,3,0,11.9
31.1,50.28,40.57,39.858727057568096,1,1,1,10.7
22.16,53.56,37.96,12.01905990004678,3,0,1,27.3
29.68,51.55,20.35,1.1335890959340233,3,0,1,45.0
29.28,63.52,20.0,21.674366068723387,4,10,1,28.1
24.09,57.64,70.0,13.491551932782508,4,4,0,11.7
27.76,65.79,45.56,17.731387712860975,2,2,0,18.0
26.12,56.29,67.0,16.45670320478385,2,3,0,10.2
25.37,61.39,48.09,42.27386917360486,3,7,0,5.0
34.94,62.17,41.64,36.00625423464227,1,3,0,8.7
26.44,51.89,42.5,36.90582028582634,1,8,0,11.2
26.52,49.31,24.53,9.716088809047058,2,3,1,34.1
28.85,63.24,39.74,13.315812413607176,3,5,1,24.7
32.94,56.93,51.95,40.82645776801576,2,9,0,5.0
25.77,49.55,51.79,33.78489211575399,2,10,0,5.0
27.47,55.26,45.89,46.16014454344394,4,4,0,5.0
28.17,50.1,57.67,10.63765440478997,4,1,1,18.2
25.22,53.11,39.07,49.83403677157764,3,9,0,5.0
25.86,45.62,35.68,10.997713502427692,3,0,1,25.9
31.64,57.41,46.37,49.48253191768456,3,5,0,5.0
38.74,67.83,43.16,15.760643786212231,2,2,1,24.4
30.06,53.68,70.0,7.049365041377103,4,3,1,14.6
33.96,61.85,38.37,41.13165130135935,2,9,1,11.2
32.53,58.97,39.94,36.99914212572761,3,2,1,11.0
25.41,54.6,67.69,48.7053871368826,2,7,0,5.0
36.94,59.89,32.39,44.95405254128695,0,8,1,14.8
27.8,66.95,64.26,43.835539842004415,1,10,0,5.0
32.59,60.71,42.68,3.5716564512612625,4,10,1,28.4
30.78,66.91,63.26,35.851292557040246,2,5,0,5.0
40.0,61.8,50.44,25.661554207687864,0,4,0,19.6
36.66,76.82,39.74,3.6024646228339066,4,4,1,30.3
30.66,53.38,41.56,3.1785266336797404,4,6,1,31.5
27.67,57.87,33.61,24.611228411997878,1,7,1,20.1
36.12,65.18,32.53,48.82000372106533,4,10,1,11.0
27.38,63.54,38.63,30.486128417738673,2,2,0,13.9
28.15,66.16,50.58,19.804317217437532,1,5,0,16.0
26.82,51.3,34.82,6.293071463074823,3,0,1,30.1
27.42,45.99,47.82,18.152675712863203,0,0,1,16.5
30.63,60.56,22.33,37.42649985156138,0,3,1,20.3
32.89,59.55,40.12,39.394192612206474,4,6,1,10.3
31.08,56.03,45.64,15.49584689023309,0,4,0,19.4
23.22,49.73,51.54,7.377570940683087,1,7,1,20.7
26.98,68.44,39.49,37.990178031811205,2,7,1,12.5
23.16,48.77,42.61,16.188968168942473,4,3,0,20.8
29.13,56.72,67.72,27.72166392486712,1,2,0,5.0
37.12,73.45,56.53,34.84957741494166,2,10,0,5.4
27.2,53.22,65.54,13.872132572271884,0,4,0,12.1
37.65,60.86,24.45,32.82925318211147,0,3,1,24.3
36.42,75.12,46.56,42.621236267838086,4,2,0,6.8
27.7,55.99,39.51,37.92499529111399,1,10,0,8.4
33.14,50.64,55.05,43.241607650627024,2,3,0,5.0
26.5,45.75,61.25,29.68725135949079,3,4,0,5.0
27.33,58.15,22.18,41.7100672638223,0,6,1,13.0
27.18,65.88,42.06,26.253589064299643,1,10,0,17.7
31.29,48.4,35.57,7.649919659129095,4,0,1,33.6
27.96,48.06,57.42,33.22512468921243,1,5,0,5.0
30.93,47.92,53.87,27.059249574196585,4,9,1,10.0
34.72,67.85,69.81,6.6013860392873935,2,0,0,18.8
33.16,66.73,50.78,19.293978272545033,2,3,1,17.1
30.12,47.45,64.3,22.26810222418516,2,9,0,11.8
29.16,51.64,30.31,30.80338563992085,1,3,0,22.2
37.99,74.34,48.62,34.44786935521274,1,10,0,15.8
31.69,58.0,68.66,27.088452372816214,3,8,1,5.0
31.67,48.24,38.06,17.46403979266456,0,6,1,25.4
32.17,55.02,37.37,17.936831564886713,4,8,1,26.9
27.76,48.25,32.92,22.603882653290235,1,2,1,21.4
20.82,42.97,44.06,10.792023375221916,3,9,1,21.9
25.8,66.1,30.14,7.249448624728605,1,10,1,29.7
26.86,61.34,45.62,48.05195377060368,0,5,0,5.0
27.95,53.87,46.04,43.98646065750782,1,3,0,5.0
38.12,68.6,34.16,29.982082198425015,4,5,1,26.0
35.72,63.95,56.88,32.351651939854065,0,0,0,7.7
32.47,67.69,65.89,21.681352969851876,2,10,0,5.0
26.0,53.96,57.52,33.78540302821544,1,1,0,5.0
33.0,64.0,34.0,32.04417542406777,1,7,1,21.2
24.41,53.52,66.7,29.787246429729734,0,4,0,5.0
30.15,64.35,67.45,43.94478337524298,0,7,0,5.0
27.18,59.42,53.2,43.97881302618807,1,7,0,5.0
29.8,59.73,35.64,34.120144612921074,3,0,0,17.0
34.57,78.28,41.55,38.38638824498677,3,10,0,12.9
25.96,48.42,38.06,22.816902609387874,0,10,1,19.9
36.18,59.14,62.07,2.860187671569381,3,3,0,24.1
32.45,50.4,49.3,44.04582015995227,3,7,0,5.2
24.79,54.34,46.13,30.412995062145765,1,5,0,9.5
25.0,43.01,70.0,41.204017752293545,4,3,0,5.0
32.7,69.18,36.19,11.918825501797848,0,8,1,33.6
26.11,52.09,44.94,5.106722478121878,0,7,0,29.3
32.6,54.47,50.6,39.86288147250597,1,8,0,5.0
34.36,73.45,40.11,39.148911022813046,0,7,0,9.5
30.86,61.47,38.53,32.2645513976235,3,5,1,16.1
34.09,65.92,61.83,49.13919970403616,2,5,0,5.0
32.76,64.78,54.27,30.709588957306355,2,3,0,10.6
25.71,59.93,51.81,1.4529599664215076,1,9,1,24.7
26.25,48.11,47.36,33.945884601069494,1,5,0,8.4
34.53,58.86,52.25,28.49836273752771,0,5,1,16.0
26.7,43.08,32.35,35.985649178620626,0,2,1,17.4
28.89,52.69,65.95,38.75821914484773,1,7,0,5.0
23.68,46.46,50.13,32.309776818810704,4,5,0,6.1
22.92,45.66,20.23,4.44661279840573,1,3,1,41.2
38.44,62.45,46.09,41.69657641449087,3,2,0,8.5
30.56,55.9,40.77,35.13173551334759,1,5,0,9.2
33.51,66.81,32.19,38.54283633713773,2,6,1,13.3
32.59,63.12,70.0,43.08050810549007,4,9,0,5.0
29.88,70.26,34.36,12.763297877997577,1,7,1,26.7
33.98,51.19,32.23,14.237054430982553,3,8,1,32.6
27.38,66.23,51.93,7.9070322797675505,2,6,1,26.1
22.39,55.39,53.07,13.630480156914032,2,0,0,15.5
25.21,65.01,49.34,4.931753644886927,1,9,0,19.7
28.32,57.04,36.82,8.930998895557362,0,7,1,27.8
37.59,56.26,44.68,34.73629610270118,3,9,0,13.9
29.73,65.86,46.73,7.993365209273434,1,2,0,24.8
24.0,45.62,24.15,17.701091791129652,4,10,1,29.6
24.93,67.58,47.18,5.597264451009592,3,4,0,21.7
31.41,50.97,45.98,15.599939210831904,4,4,1,22.5
27.82,58.21,39.11,29.111664143169357,3,7,1,15.6
29.19,60.94,42.0,31.926611642868473,3,5,0,10.3
26.71,56.92,34.15,21.982667217841506,3,10,1,23.1
33.1,57.5,42.07,19.10913268818733,1,0,0,21.9
24.25,54.71,65.01,9.583064739937713,3,8,0,10.6
35.64,77.44,40.68,48.887328338264176,4,6,1,7.0
33.02,65.44,50.47,40.40127461910156,2,10,0,5.0
26.35,68.18,46.83,48.652901958457804,4,4,0,5.0
28.27,52.88,43.3,35.36540433586148,0,10,0,11.2
34.01,66.76,38.99,44.10170260707238,4,10,1,8.2
37.03,63.45,39.53,44.05310101464508,3,1,1,11.4
32.59,62.11,51.5,9.24352575679091,0,10,1,19.2
25.29,59.98,64.0,42.76307300378471,3,6,0,5.0
27.49,53.12,50.69,32.423718035545974,1,9,0,5.0
28.74,54.8,58.08,27.68299555357419,0,4,0,8.6
33.53,69.87,62.59,3.1544145613617234,4,9,1,17.9
33.07,56.67,54.06,7.174072175330892,4,2,1,23.7
31.83,62.84,55.56,43.39869059414407,0,1,0,5.0
28.77,60.04,35.99,7.1614507060315855,3,3,1,30.6
35.14,69.23,39.79,8.702181355245042,4,2,1,29.2
30.44,69.49,24.3,18.01042377257145,3,8,1,29.7
25.53,66.93,43.97,10.784387264433198,0,10,1,22.3
23.31,62.72,32.33,15.770539277128643,1,6,1,29.2
21.93,44.5,63.49,48.965100516341586,3,3,0,5.0
34.49,73.5,53.12,20.574482702078157,2,9,0,14.1
27.43,49.52,64.39,36.64322852736598,3,6,0,5.0
25.95,57.37,31.82,11.020828351026696,1,3,1,28.7
27.7,62.14,37.45,30.176662961177254,4,10,1,14.5
21.97,48.06,43.61,41.611838645883495,2,1,0,5.0
34.5,66.51,62.55,4.565043545971759,4,1,1,19.3
29.37,65.27,42.64,46.946530778483876,3,6,0,8.4
29.47,68.26,30.54,37.700316807019284,4,5,1,15.6
29.25,57.38,56.74,12.056042569188513,1,1,1,19.2
28.09,53.58,27.41,39.72060641623107,2,2,0,14.4
32.64,56.48,33.02,7.6253257418656855,4,6,1,33.8
27.52,52.93,58.25,41.760262255992885,1,6,0,5.0
27.1,61.29,41.14,44.586273103707505,4,9,0,5.7
32.06,61.93,57.19,21.52117179856666,1,4,0,12.8
25.49,51.92,39.46,46.97406666009988,1,0,0,5.0
25.05,54.36,40.75,16.466714101408986,0,8,0,23.1
30.45,47.88,24.31,2.012891636552905,3,4,1,36.5
27.96,62.45,52.25,40.71075652208044,3,6,0,5.0
28.06,44.09,58.46,7.560686798156169,3,9,1,20.5
26.02,48.46,37.47,28.7629133356949,2,2,1,19.4
35.97,56.08,39.97,0.16850080452721627,0,8,1,32.9
31.51,54.73,65.9,47.827999998674805,4,7,0,5.0
24.99,55.26,37.78,2.3759215087772123,1,5,1,28.7
31.38,51.49,61.27,33.29461768295782,3,6,0,5.0
39.41,63.5,41.68,21.402613698927293,0,5,0,22.6
32.7,66.93,54.09,40.78977048344734,0,0,0,5.0
34.63,66.78,45.11,33.86024958873002,1,3,0,11.6
34.76,52.47,56.36,31.99359543705991,0,9,0,8.9
31.4,55.24,50.94,26.137545313329824,1,6,1,13.3
28.21,50.33,47.6,9.699480467708653,0,1,1,21.3
24.74,60.57,32.84,40.159967838583626,0,1,0,10.6
28.09,62.05,41.9,40.578553745573124,3,10,0,9.9
35.56,74.88,52.16,39.56486596020542,1,1,1,5.0
24.06,53.06,37.08,4.911260441833249,4,8,1,32.2
33.17,71.81,25.25,40.910428662927,0,7,1,15.4
28.96,54.32,35.97,27.318162399695993,4,0,1,19.6
27.67,45.92,36.55,32.82841790895655,2,8,1,15.6
29.92,50.41,62.32,31.136492232450507,1,2,0,5.0
29.67,60.0,70.0,49.363137001567544,3,9,0,5.0
26.7,45.04,35.26,13.625987279347418,2,5,1,26.6
25.36,62.86,41.08,23.718402584046817,1,10,0,18.9
32.5,52.21,45.37,36.25828681836208,4,4,1,12.9
22.08,55.41,30.32,49.79087287721807,3,9,0,5.3
30.0,42.84,46.81,1.2641156228489714,2,0,1,29.4
27.74,59.78,39.31,41.48996016497451,0,7,0,5.3
29.96,54.53,67.99,18.285396773531183,0,2,0,8.1
26.26,67.11,38.22,34.59009904885421,2,10,0,10.6
36.12,65.18,32.53,48.82000372106533,4,10,1,12.0
26.4,65.11,55.15,47.598001996611245,0,7,0,5.0
32.69,64.23,53.47,7.114377246664544,1,8,1,22.1
26.8,53.34,39.36,40.87383680338545,3,9,0,7.7
38.47,55.14,50.1,17.329627654959438,3,2,0,22.4
31.1,54.3,49.85,6.708206818884416,4,4,1,24.7
35.21,61.64,45.77,16.32200540029427,4,3,1,19.2
24.82,48.36,32.63,30.28472491275071,3,6,1,15.9
25.96,58.08,31.11,15.016624140860912,3,8,1,27.1
30.84,47.62,28.08,33.889818217082976,3,4,1,21.0
35.96,58.63,40.76,36.3837503857744,3,7,0,12.8
33.69,71.85,50.83,42.01338340965862,4,4,1,5.0
29.16,60.54,23.72,7.617163361436374,0,3,1,39.3
30.53,70.52,56.87,12.604382173729967,4,2,1,11.5
40.0,68.47,49.84,35.242880565819455,3,3,0,12.5
24.91,47.48,32.77,5.478037507538602,0,7,1,31.9
24.83,57.64,41.53,30.67520872696373,3,9,0,13.6
30.03,69.45,36.59,24.358352252450338,4,1,1,20.8
27.34,51.79,44.97,24.96823291086296,0,9,0,9.6
30.47,57.1,59.57,40.542835714488646,4,10,0,5.0
36.05,70.84,30.08,11.721654331754305,0,0,1,33.2
25.04,63.36,32.13,38.20232979370329,3,6,1,17.0
37.51,57.76,60.62,12.799959096352442,0,6,1,20.6
37.81,64.17,31.59,7.156567171602185,4,6,1,36.5
29.03,66.58,27.4,1.2973809546495518,2,2,1,42.0
33.4,49.71,50.01,1.8793926550195184,1,8,1,27.6
27.61,69.47,34.64,13.70093274300077,0,3,1,22.5
27.59,52.12,42.52,33.337967364782436,3,9,0,12.6
22.24,53.86,57.32,42.77610574817737,3,2,0,5.0
27.26,62.16,33.59,22.53623448508415,0,0,1,22.7
27.14,67.86,70.0,48.29674829646407,1,9,0,5.0
29.16,53.59,60.85,19.644563627451117,4,7,0,7.5
28.74,51.47,58.63,48.06661404262451,1,3,0,5.0
32.18,59.36,26.84,8.40297091862769,1,2,1,33.6
34.41,61.06,44.38,30.318973360491185,1,0,0,15.8
29.88,69.91,32.28,20.694029369392773,4,2,1,24.3
27.72,47.55,65.62,34.56831105388088,4,10,0,5.0
29.0,58.0,34.0,6.133625381353741,4,4,1,33.1
29.47,59.62,31.33,26.069664458167292,3,8,1,20.9
31.36,52.48,65.81,36.78458125052457,2,1,0,5.0
26.73,53.73,35.6,36.402028245836796,4,4,1,14.9
27.08,64.97,38.34,27.712696441443935,3,2,1,17.0
21.86,61.37,27.44,32.1606573198923,1,4,0,17.7
29.22,57.29,29.75,28.138051673138165,1,10,1,21.9
24.51,62.55,65.83,34.39297635360406,2,7,0,5.0
37.04,64.29,36.18,18.564444593826394,3,0,1,27.0
36.0,60.0,43.0,2.6755262844142758,4,4,1,29.7
20.72,56.64,38.74,34.52083507199542,1,0,0,9.6
29.91,71.44,52.85,23.490431151435043,2,4,0,9.6
29.65,55.27,57.09,14.487551377352009,0,4,0,15.1
37.59,73.0,62.01,41.01105931092889,3,2,0,5.0
29.8,52.93,39.95,47.212118579126866,0,8,1,5.0
32.78,54.47,30.46,23.43867278368823,2,7,1,24.7
21.23,56.98,70.0,24.919792888456932,3,1,0,5.0
28.43,58.72,43.9,39.08836558008553,4,8,0,8.0
33.28,70.59,39.69,35.12960137993406,0,0,1,13.5
25.21,65.01,49.34,4.931753644886927,1,9,0,22.5
33.1,74.93,42.35,32.073960251730874,3,3,0,15.4
24.18,61.7,52.14,24.717060692181487,4,0,0,12.7
31.51,53.32,48.71,5.68423490877033,1,7,1,26.8
29.59,63.02,50.53,16.176458080109096,0,9,0,17.4
34.91,53.17,64.9,42.03189156347047,4,6,0,5.0
29.03,66.58,27.4,1.2973809546495518,2,2,1,36.2
30.2,44.61,36.62,36.89865144400445,1,7,1,9.9
37.83,72.8,47.8,22.302594577298507,4,1,1,20.5
28.72,54.05,46.87,26.220161252803937,4,10,0,14.0
32.76,50.53,26.65,2.9629165922539613,4,9,1,45.1
32.44,64.0,39.76,12.819188513154922,4,9,1,28.7
26.26,67.11,38.22,34.59009904885421,2,10,0,11.4
30.44,56.07,54.61,45.455345489000834,4,9,1,5.0
40.0,77.75,43.9,17.157954761245286,3,9,1,25.5
35.86,70.31,54.4,19.086494723401575,1,2,0,19.4
37.44,65.48,63.18,11.494123360111331,3,4,1,16.9
21.95,59.83,69.07,40.22568099178444,4,10,0,5.0
30.87,55.7,69.78,28.503463387228923,2,4,0,5.0
34.9,69.62,40.23,18.997393161005892,0,10,0,21.2
32.59,60.47,55.36,40.63795514939654,0,9,0,5.0
33.47,61.96,52.46,14.567294860669067,4,7,1,19.6
36.29,66.45,28.19,17.257625768663193,1,9,1,30.2
40.0,61.8,50.44,25.661554207687864,0,4,0,17.8
38.53,69.75,61.48,38.3148314617345,1,6,0,5.0
24.4,57.91,27.16,4.750429239059156,2,4,1,39.3
22.85,55.1,29.09,32.173477948739546,3,5,0,20.4
21.81,44.3,53.45,49.87860689461473,2,3,0,5.0
35.12,61.28,35.3,34.21275244309097,3,8,1,18.1
33.67,66.03,37.65,11.810809016105289,1,0,1,26.6
30.46,56.64,41.97,47.59723781725779,4,1,1,6.7
33.79,70.29,36.68,24.49233907137388,0,10,1,22.1
32.99,64.5,30.16,39.16344864663761,3,6,1,13.9
31.47,62.21,66.18,10.744042853708347,0,3,0,14.4
31.94,61.2,41.82,33.233019589342206,2,2,0,14.6
34.04,60.33,70.0,4.228673785837323,4,5,1,15.9
36.05,70.84,30.08,11.721654331754305,0,0,1,33.1
26.46,63.81,50.64,41.02577842872232,4,9,0,5.0
32.71,63.88,37.18,20.86442568353142,3,1,1,26.0
33.99,56.59,20.08,36.135030426689084,4,3,1,23.6
26.85,57.04,22.3,48.74327648688809,3,1,1,12.7
28.78,57.35,64.43,32.36971031704844,4,5,0,5.0
29.51,47.21,49.01,29.853925368175748,1,10,0,11.7
27.54,61.78,69.59,8.79894269538783,0,5,0,14.8
40.0,72.53,69.09,35.979921536435846,2,0,0,5.0
38.47,62.64,70.0,42.47885890948328,1,1,0,5.0
38.77,73.1,64.83,13.62767894595765,4,6,1,15.9
27.34,64.09,45.24,47.2132545594837,4,6,0,5.0
31.31,58.34,38.88,20.01860112583223,2,5,1,20.9
40.0,61.65,27.12,13.150661062082786,3,2,1,33.3
32.02,55.71,67.83,37.98520966433328,1,3,0,5.0
29.83,49.84,47.91,14.948911322046554,3,8,1,20.3
30.33,66.06,44.53,18.307148837188425,3,3,0,21.9
30.52,62.11,23.07,0.4195039669117273,0,7,1,39.5
27.1,61.29,41.14,44.586273103707505,4,9,0,6.1
29.18,67.41,29.21,2.637309256797149,3,6,1,36.0
33.3,67.48,42.24,12.722279093244172,2,0,1,26.5
26.0,52.0,36.0,14.586024081557646,1,7,1,24.1
29.25,56.07,33.6,49.28221254912038,0,5,1,7.2
30.43,50.53,39.32,25.989703967326676,0,3,1,21.1
35.09,73.25,64.96,40.48150550369722,3,6,0,5.0
30.9,61.42,48.45,16.6813734782333,2,0,0,21.0
38.4,70.12,44.15,48.16220354112091,3,6,0,5.7
28.78,59.46,29.35,21.3894644031209,4,5,1,27.8
27.23,45.13,46.5,24.989938066699953,3,4,1,14.2
23.02,62.92,28.92,23.25730777745286,0,7,0,21.1
32.52,64.65,24.55,36.982944866189534,4,8,1,20.1
26.48,62.9,33.45,35.706767888719725,4,5,1,11.3
32.29,56.56,63.14,15.672409599892696,2,0,0,12.2
23.19,56.16,38.28,49.83197599481444,4,5,1,5.0
23.99,49.61,27.08,38.76157801230868,3,4,0,16.2
34.54,58.84,53.98,13.241441561659052,0,9,1,17.9
29.95,70.97,49.89,6.116497608761024,2,9,0,24.3
27.1,62.84,62.37,40.54357584551108,0,3,0,5.0
22.6,60.21,36.97,35.347061156424985,4,10,0,13.4
30.46,57.4,50.66,6.512180787952493,3,1,1,25.2
20.26,41.18,47.6,40.14326269316071,3,4,0,5.0
34.96,60.68,50.5,32.51600180509078,0,7,0,12.4
31.94,52.61,58.38,0.7172158412276475,2,4,1,21.4
30.52,70.95,33.52,18.568300338517226,2,10,1,28.4
27.17,69.52,47.69,37.086652970521435,4,3,0,10.7
24.82,49.2,36.28,35.80153507969686,1,6,1,9.7
35.91,64.54,51.18,0.02910046136579414,1,9,1,28.6
27.91,48.69,33.26,36.83046718563438,3,2,1,15.7
29.82,52.4,40.42,20.231605872604735,4,3,0,20.2
26.59,61.53,38.46,29.47053956489214,3,9,1,15.5
28.07,71.21,43.64,46.28884376549908,1,9,0,5.0
28.4,64.69,20.0,4.771499615197378,0,10,1,38.9
37.77,55.25,50.88,24.976416951047675,4,4,1,16.2
27.91,58.92,33.61,30.549303551568446,3,1,1,14.3
34.72,67.85,69.81,6.6013860392873935,2,0,0,17.2
37.69,72.0,68.84,3.4869256752711353,4,5,1,16.2
31.92,57.22,51.32,16.26645870638514,0,4,1,18.2
34.72,65.09,62.52,30.653739089050852,1,4,0,5.0
32.91,58.24,59.48,34.3244541986629,4,0,1,5.0
32.94,64.13,60.88,2.453733436768374,3,2,1,24.3
22.28,49.48,37.92,31.291494243377336,3,0,0,10.9
24.72,49.17,70.0,4.079895900782537,2,0,0,12.5
35.26,66.79,31.43,40.5245532975499,1,9,1,13.2
31.56,55.15,56.8,26.032753566431776,3,0,1,10.4
28.79,64.17,68.25,43.24291240342954,4,9,0,5.0
22.3,60.64,40.78,44.649940037989026,4,2,0,5.0
25.14,46.88,28.19,6.2778071725847875,2,1,1,37.3
32.16,62.99,55.68,48.551795786170324,3,0,0,5.0
27.9,61.55,43.02,27.036240682894196,2,9,0,14.2
31.34,59.69,60.78,37.23549097292087,3,4,0,5.0
26.66,64.42,45.56,29.656984945343318,4,5,1,12.5
32.22,54.87,69.52,18.308186032075174,2,1,0,8.5
23.56,47.6,35.22,19.386725381462483,3,7,1,22.1
26.81,68.51,57.27,33.076983960730246,4,4,0,5.0
31.83,62.84,55.56,43.39869059414407,0,1,0,5.0
27.95,52.04,60.22,6.8418596327739,4,4,0,16.4
27.29,48.55,37.91,32.022260807635405,2,5,1,14.6
24.13,65.79,35.41,44.289079743338085,3,10,0,7.8
23.84,61.45,20.0,27.17267028010877,4,7,1,26.6
39.9,73.93,32.55,15.8769772809018,0,10,1,29.5
30.41,57.18,58.29,9.930468024773825,3,6,1,18.2
31.12,58.29,37.01,46.12383204103044,1,2,1,6.5
27.22,51.42,53.92,19.02406082601812,3,8,1,15.6
24.9,48.01,55.16,4.467491215909858,0,3,1,18.6
31.56,55.15,56.8,26.032753566431776,3,0,1,8.1
32.65,57.34,24.75,35.60010549478443,3,4,1,22.7
29.35,62.25,39.85,14.047635594808028,2,2,1,25.7
29.78,70.86,33.51,29.69923498489061,1,2,0,22.3
22.18,48.97,24.49,28.55017889771812,1,3,1,20.9
23.8,61.91,42.75,47.09561888420747,2,2,0,5.0
29.77,53.93,44.28,40.27347307760662,4,9,0,5.0
22.08,55.41,30.32,49.79087287721807,3,9,0,8.2
35.0,75.25,35.02,23.477582628018634,2,8,1,23.9
35.64,58.1,59.75,17.940227253099643,2,1,1,20.1
22.12,53.06,40.13,13.761578922781265,2,7,0,23.0
36.36,66.52,63.86,25.132280961453436,2,8,0,9.0
34.44,59.55,55.47,44.66586779310458,0,9,0,5.0
30.7,57.61,50.29,10.118681900305116,0,5,1,25.4
26.41,55.23,43.13,24.09469005581693,0,0,0,18.6
29.19,60.94,42.0,31.926611642868473,3,5,0,14.2
27.65,50.22,42.85,37.714461283055485,3,0,0,7.7
28.32,55.53,39.8,33.521176499816896,1,0,1,10.9
29.54,67.83,40.1,41.37825321263635,2,1,0,7.8
30.76,66.64,56.32,21.70588475655984,3,2,0,14.8
34.53,58.86,52.25,28.49836273752771,0,5,1,9.7
37.12,73.45,56.53,34.84957741494166,2,10,0,7.6
38.62,70.77,25.82,46.45418601764874,4,0,1,14.3
36.79,58.13,54.07,37.550154049159275,3,2,0,5.0
33.95,61.0,45.29,30.346577708404,1,3,0,11.3
32.33,57.56,43.39,49.00764101568981,3,3,0,5.0
24.97,57.24,56.69,6.86298466018474,4,9,1,17.4
33.35,59.4,66.69,11.130913248092616,2,7,0,16.5
32.45,52.61,41.79,26.18538794900731,2,8,1,17.9
26.0,52.0,48.0,23.435134308620203,2,10,0,14.6
29.13,43.28,36.14,30.697629993849247,0,8,1,18.2
30.49,59.19,51.04,42.88365803597872,3,1,1,5.0
24.83,57.64,41.53,30.67520872696373,3,9,0,13.2
29.41,52.65,48.35,14.678766692983785,2,0,0,23.8
28.93,50.28,20.33,12.30100479699564,3,10,1,36.4
28.97,59.7,23.81,43.26046235801472,2,5,1,11.6
22.55,58.99,43.67,12.544480364452475,2,5,0,21.2
21.18,47.08,48.85,47.927150016309724,4,6,0,5.0
29.61,53.81,38.02,16.211019280091048,2,10,1,27.3
30.91,63.67,38.76,11.304439361366637,0,7,1,26.6
36.93,71.6,35.49,1.8571858771308625,2,3,1,32.7
35.71,57.85,44.78,2.2072229392075373,0,1,1,32.0
33.97,70.45,35.84,24.878632742121543,4,8,1,24.2
26.57,54.52,46.1,0.6343325038983716,0,10,0,28.3
27.81,66.3,59.63,44.16325120721608,1,1,0,5.0
29.91,67.67,41.74,30.022475617099705,4,10,0,16.1
33.33,68.93,44.04,25.177385120294222,2,10,0,16.9
28.97,68.66,31.32,6.484197072951837,1,6,1,33.3
25.12,58.07,40.47,26.65943647062951,4,8,1,15.2
25.25,64.81,47.16,26.62003873822912,1,7,0,16.9
32.34,52.54,32.24,9.436682491273752,0,6,1,29.0
35.7,57.43,35.8,12.361584139273813,3,1,1,27.8
33.63,64.13,34.63,39.242619586315925,4,1,1,14.1
27.51,61.14,61.53,31.435768516750535,2,7,0,5.0
30.73,64.04,58.01,14.058625483913445,0,1,1,18.6
32.23,65.73,36.41,44.069243929999935,0,7,1,10.2
30.5,52.65,63.66,23.928259058621887,3,3,0,5.7
37.98,57.42,48.64,33.35058096060838,2,7,0,9.9
26.81,65.88,59.33,31.08611909560903,2,4,0,5.0
32.4,60.04,70.0,46.66221954118063,4,3,0,5.0
40.0,67.48,41.87,8.72999540973839,4,7,1,31.4
31.94,43.31,56.99,30.31431044673486,3,1,1,7.0
23.03,49.38,40.47,49.31393546756766,0,10,0,5.0
22.54,52.75,31.79,15.38924801760877,3,4,1,23.4
40.0,74.04,47.46,24.622366904020282,0,1,1,15.9
28.66,62.69,52.78,35.138336014176005,4,9,0,8.3
27.4,56.16,45.88,7.58403605487899,4,0,1,22.9
29.37,62.57,51.8,41.60816694057441,3,10,0,5.0
22.18,48.97,24.49,28.55017889771812,1,3,1,23.1
38.05,68.85,57.68,16.19858485533629,0,10,1,19.8
31.92,55.47,48.31,32.24197735296284,3,1,0,8.9
36.14,74.84,61.48,35.743039760195934,4,9,0,5.0
30.34,56.6,37.66,11.175206422126616,4,5,1,29.1
27.43,56.68,24.36,13.285598684833122,1,10,1,35.6
36.48,63.87,20.37,43.22845714394521,4,8,1,20.8
25.57,54.15,30.23,15.8226585317656,3,0,1,24.1
25.11,67.21,30.73,13.671366010130248,1,2,1,30.7
30.71,67.85,56.82,32.370091354472436,0,5,0,6.8
37.81,64.17,31.59,7.156567171602185,4,6,1,37.0
30.74,66.87,53.32,37.586256780081115,4,10,1,5.0
24.68,43.45,57.28,33.264319742920215,2,6,0,5.0
37.06,75.75,28.48,20.97829481579099,2,5,1,28.7
27.1,54.31,64.72,10.433956757860624,4,2,0,12.9
31.58,55.46,70.0,38.12972934388678,3,10,0,5.0
33.72,61.76,45.98,1.9725255906035022,1,3,1,31.5
29.54,46.05,47.43,39.092663009989344,1,3,0,6.8
40.0,75.94,34.96,32.36163858400197,3,4,1,17.7
26.15,51.15,60.56,48.48117837002735,4,8,0,5.0
22.68,61.46,42.62,18.406295840985493,2,7,0,18.2
27.62,44.14,40.81,23.82026742438721,2,6,1,18.9
33.21,56.71,52.11,33.45110434555994,4,4,0,9.7
29.69,68.57,47.16,48.774066258949645,2,10,0,5.0
33.91,72.18,53.83,6.6672180542381385,4,0,1,20.8
27.2,62.82,65.08,18.90804414176097,1,3,0,12.6
31.3,62.39,42.41,16.335716288254236,0,9,0,19.0
27.7,60.18,26.58,22.204660163239566,4,1,1,26.4
31.51,61.78,30.0,46.75534025710207,2,1,1,9.8
34.34,68.17,58.41,39.13687578084356,3,3,0,5.0
25.93,61.01,45.93,49.333412375684325,2,0,0,5.0
28.82,61.5,42.75,36.72409636868048,1,2,0,11.8
32.04,68.28,40.21,16.32986736489611,3,6,1,23.0
33.02,55.73,60.55,37.93797421828184,4,3,0,5.0
30.7,55.96,30.0,30.230990471712982,0,4,1,18.1
30.32,74.54,28.58,20.502430646474167,2,7,1,25.9
25.71,43.52,40.7,16.380679799137027,2,5,0,22.6
32.31,64.95,55.13,14.652243344788063,4,1,1,22.2
25.66,59.28,49.09,30.943166728739445,0,0,0,9.5
24.17,51.74,42.57,30.02937966939141,3,4,0,12.0
36.61,59.51,61.5,25.565915753844475,0,3,0,12.3
28.48,54.42,23.99,31.148441874087997,3,3,1,25.4
31.59,69.57,52.01,27.719922339969127,0,9,1,12.8
25.0,50.0,56.0,1.4003105744890498,2,8,1,25.4
27.37,52.08,45.62,5.856422151636326,1,3,0,25.6
30.4,73.93,50.87,28.703111670621396,1,1,1,10.8
30.56,59.57,43.35,37.4896764629883,4,7,0,9.6
25.23,48.23,21.3,0.07109371699760003,0,3,1,41.8
29.29,49.2,35.91,33.74079096027961,3,1,1,14.0
35.28,65.1,40.67,6.576949753172262,3,2,1,32.6
37.67,74.24,42.28,3.9933900516255894,3,9,1,31.5
35.78,56.41,50.19,31.2183357785628,3,5,0,13.9
29.89,52.86,50.67,13.176000801146975,4,4,1,17.4
34.8,76.07,30.81,11.417868253490104,3,9,1,29.7
24.15,40.44,44.93,14.088284783510579,3,2,0,21.4
38.5,58.84,52.22,34.54283392393933,0,1,0,8.1
23.57,44.14,37.94,24.829991192029173,2,9,1,11.5
33.96,52.94,35.23,8.812931934479163,4,10,1,33.4
39.12,70.65,46.22,15.883378299767404,1,3,0,25.7
37.75,55.56,50.84,24.166956163364922,3,9,0,15.0
29.23,70.7,54.12,27.0150860774232,4,3,1,8.0
21.54,58.62,46.04,21.904144994996877,3,6,0,17.5
27.91,58.92,33.61,30.549303551568446,3,1,1,15.2
20.55,57.33,36.43,33.96875251840898,3,10,0,12.4
25.76,59.69,42.9,16.286679798228082,1,6,0,21.5
23.19,56.16,38.28,49.83197599481444,4,5,1,5.0
30.83,64.19,23.01,38.41130385562538,1,7,1,19.7
32.86,61.27,49.02,15.523619190410837,2,9,0,17.5
29.32,47.61,44.18,45.02422713390912,2,10,0,5.0
26.83,55.99,70.0,12.87647898065481,0,2,0,10.7
25.31,51.79,51.38,11.601208229231158,1,9,0,16.0
33.94,62.1,56.9,18.268814351698246,3,2,0,14.8
26.12,46.35,49.55,13.377518481841804,2,5,1,21.7
35.88,78.27,46.3,10.500966668657375,2,2,1,23.2
31.75,69.81,26.93,26.404097833987855,2,0,1,26.6
23.87,47.11,30.61,32.21009194962756,3,0,0,15.2
27.82,58.21,39.11,29.111664143169357,3,7,1,14.7
25.61,54.53,30.19,20.21433778333956,0,8,1,24.3
38.83,74.56,58.73,13.543854251336413,0,10,1,18.1
28.58,65.43,55.68,49.71370820976675,0,8,0,5.0
34.63,64.0,53.06,11.043447977277786,3,1,1,22.6
33.17,50.88,48.64,30.673183022599854,0,8,0,9.5
25.28,57.75,55.42,49.34569894465145,3,9,0,5.0
40.0,64.56,32.4,16.516105032678453,2,7,1,32.6
35.0,59.47,32.84,30.430759420781676,1,8,1,19.6
22.26,52.88,34.12,17.759159191398506,2,1,1,22.8
27.21,46.35,35.11,23.500924314345273,2,4,1,18.5
27.76,52.38,36.17,1.013321647106663,2,5,1,32.8
34.57,63.31,53.18,33.86151696718494,3,4,0,9.1
24.65,46.46,27.78,45.48865103292735,4,6,1,7.0
27.43,56.68,24.36,13.285598684833122,1,10,1,34.5
32.24,49.43,40.27,12.932512574116089,0,1,1,27.3
35.82,64.69,38.55,13.701690010509438,3,6,1,27.8
35.01,71.58,39.2,40.00846989322818,0,10,1,15.7
29.05,44.58,47.92,13.898957639872005,3,6,1,24.4
34.85,58.96,40.06,31.500382800420635,4,5,0,15.6
26.67,55.69,30.74,19.466911404826693,2,1,1,30.6
32.84,62.04,32.05,23.495045710581298,4,8,1,23.8
25.09,43.46,52.01,33.19189288554257,0,8,0,7.1
29.17,66.03,46.22,9.200274662434927,3,5,1,27.9
23.98,55.05,31.37,14.047721755963044,1,2,1,26.3
33.6,60.98,68.08,4.729489975413193,1,9,0,20.8
23.62,47.19,34.46,47.16369818280112,2,7,0,5.4
34.49,73.5,53.12,20.574482702078157,2,9,0,16.8
24.45,67.55,32.45,19.090201322980167,3,2,1,23.7
23.54,47.71,27.92,21.195430499482892,3,0,1,27.3
31.97,74.57,25.98,25.33426857696079,2,10,1,28.9
28.93,52.02,34.13,15.383543554855839,0,1,1,25.5
27.48,60.62,44.8,14.13854086379679,0,8,1,21.0
31.32,55.37,58.58,11.84199722473609,2,0,1,16.5
31.36,66.19,53.63,49.440348239074325,1,1,1,5.0
25.13,65.26,63.03,39.426062125330134,0,4,0,5.0
28.69,51.59,39.81,24.953402688023473,1,0,1,17.6
32.56,68.67,23.64,8.702549166993068,2,9,1,36.3
24.25,54.71,65.01,9.583064739937713,3,8,0,13.9
30.87,53.52,41.73,45.427288347486126,0,5,0,5.0
22.43,56.08,31.03,35.492961806730875,3,8,1,17.5
30.33,66.06,44.53,18.307148837188425,3,3,0,22.1
26.15,52.69,49.11,46.36170398773799,4,2,0,5.0
28.29,46.16,41.47,40.50499140817951,0,4,0,5.6
33.59,57.66,54.37,33.6661033501951,2,10,0,9.6
29.07,56.52,53.78,22.366088580776598,1,1,0,15.9
22.15,48.66,61.0,11.855825050028335,2,5,0,15.6
21.18,47.08,48.85,47.927150016309724,4,6,0,5.0
26.49,61.97,42.04,26.152350545479862,1,2,0,15.6
30.66,55.71,61.87,9.987025553556355,1,9,1,16.9
37.57,64.34,38.29,13.887536397878508,0,3,1,32.0
31.69,58.0,68.66,27.088452372816214,3,8,1,5.0
27.23,57.63,49.84,4.373842838383435,3,5,0,28.9
26.09,50.71,44.3,33.01704934906161,0,7,0,8.7
24.1,63.6,25.87,47.44660119274571,1,8,1,11.8
30.62,61.26,38.62,18.686427763350434,1,5,1,24.2
38.07,67.05,32.47,9.706139890104847,4,10,1,36.6
30.6,55.38,35.35,30.004323529606175,2,6,1,17.2
28.87,57.65,56.9,36.10498387193793,0,0,0,5.0
30.88,57.26,21.02,9.805642449661933,1,1,1,40.1
30.2,57.56,52.01,9.231448003108312,2,10,1,27.1
35.36,66.71,31.57,40.57269234334554,4,10,1,16.2
26.6,59.53,54.76,48.528821090059324,0,3,0,5.0
35.43,50.87,44.74,39.10439204613048,2,2,0,9.3
33.0,64.0,51.0,43.28388543692355,4,3,1,5.0
31.04,45.07,31.17,8.477731463962284,1,4,1,33.1
26.63,59.52,31.78,0.08688969725722528,3,5,1,32.5
27.05,53.34,70.0,45.72863746804174,2,2,0,5.0
37.53,59.1,32.18,32.08119684266033,3,2,1,21.4
23.34,53.4,38.18,44.36589413513929,4,6,1,6.3
31.28,61.86,62.26,26.22704705023767,0,3,0,7.1
34.22,66.2,65.25,46.346807784460886,1,6,0,5.0
37.0,55.83,42.57,9.082120979240017,0,9,1,29.1
30.37,48.11,52.79,17.69511330042016,4,7,1,13.3
30.46,57.4,50.66,6.512180787952493,3,1,1,24.3
25.6,58.84,34.42,11.286162650986503,2,1,1,27.5
31.04,52.32,62.57,30.084477475611248,2,8,0,9.0
28.07,61.55,53.65,41.13161251106201,3,4,0,5.0
27.37,49.31,43.7,28.05084992026193,0,6,1,17.4
30.93,67.78,70.0,37.69413898150151,0,2,0,5.0
33.94,62.53,22.09,29.00875935044562,0,0,1,24.7
33.45,48.18,38.02,34.574044439644275,1,2,1,16.1
30.81,47.67,38.48,36.57549632955324,4,8,1,11.4
26.97,51.74,34.74,30.581629260674838,3,3,0,18.9
24.57,56.6,34.73,40.31004069527192,1,7,0,6.4
27.48,58.97,62.73,35.3313026078116,1,7,0,5.0
29.04,70.01,36.9,40.51138656229916,0,0,1,15.4
33.42,61.58,56.87,7.081323672877865,4,3,1,19.4
28.67,55.39,64.88,4.85738897005612,1,5,0,15.2
35.96,58.63,40.76,36.3837503857744,3,7,0,8.2
32.34,69.02,43.22,33.428509913958685,3,0,0,10.0
27.0,54.79,41.03,3.2074564337449485,2,9,1,31.3
34.21,67.02,41.72,32.56102002082108,4,0,1,14.8
28.66,41.97,62.44,41.35223517367543,3,0,0,5.0
32.6,70.04,38.74,19.385329694047865,0,5,1,21.7
38.55,58.08,53.88,18.784622190294435,2,6,1,19.5
31.81,70.13,21.18,26.009422015211996,3,2,1,27.2
24.59,47.16,21.81,43.940214395372315,1,0,0,16.0
30.0,60.0,61.0,19.91870968730383,2,1,0,11.9
30.87,58.93,70.0,33.5522754528229,1,5,0,5.0
24.26,61.26,47.06,9.78716559183328,3,3,1,20.4
35.44,68.66,47.39,32.08989165319894,2,10,0,14.1
29.32,66.28,55.01,37.28028559299001,2,8,0,5.0
29.41,52.65,48.35,14.678766692983785,2,0,0,18.4
34.19,63.11,35.01,22.148598286020714,1,1,1,22.5
26.62,60.59,21.88,31.915375146643417,4,0,1,23.6
27.2,62.82,65.08,18.90804414176097,1,3,0,11.8
29.73,65.44,62.54,14.150920783546638,4,6,1,15.7
27.6,58.3,56.77,28.95983669716361,2,2,0,5.0
36.08,64.21,51.97,37.33377753307405,3,2,0,9.5
33.39,58.29,46.97,26.415579503404995,0,10,0,16.3
37.55,64.6,43.06,12.434911842881046,2,4,1,26.8
28.35,55.27,47.18,43.124870853477915,2,0,0,6.1
27.02,45.11,48.36,32.76838185995159,0,9,0,7.6
31.55,50.78,32.59,9.175668615345673,2,6,1,35.6
32.06,56.81,35.82,47.02162552794192,0,8,1,13.6
30.98,62.94,45.32,7.208639271792822,2,7,1,26.1
32.59,59.67,42.91,39.691490160517766,3,6,0,8.1
34.8,58.49,45.25,29.614103327180608,1,5,0,16.9
25.41,49.09,44.03,29.599162857164472,4,0,1,13.6
32.15,57.67,51.66,38.75062892897151,3,9,0,5.0
27.11,66.09,67.85,35.590905411531416,0,10,0,5.0
30.08,61.49,52.42,17.16964185583877,3,5,0,16.2
36.81,60.97,46.15,36.59476548116548,0,7,0,11.2
31.58,72.67,27.01,17.515100790910466,1,3,1,25.3
36.11,61.24,27.61,45.50705120918161,2,1,1,12.7
30.5,62.99,36.07,13.421418996759076,3,2,1,25.6
28.25,53.46,37.81,8.173691952716734,4,5,1,25.6
23.28,56.67,68.46,6.5047092777826885,1,3,0,15.2
31.04,52.32,62.57,30.084477475611248,2,8,0,5.0
23.29,59.14,42.14,20.485401280347343,3,3,0,16.6
29.05,51.18,54.12,6.639643102667869,0,4,0,25.4
31.37,74.91,34.64,37.54407033015741,3,2,1,15.1
25.04,66.1,46.92,36.30949757879128,1,7,0,5.0
27.35,67.26,42.1,14.443541276430011,4,5,1,18.8
24.44,51.85,42.54,44.170762938545245,0,10,0,5.0
28.71,50.83,38.48,21.040127976677102,1,5,1,21.1
21.93,44.5,63.49,48.965100516341586,3,3,0,5.0
31.84,70.47,33.25,25.560153399778873,4,6,1,22.9
33.96,63.95,35.17,20.03375425454405,2,10,1,27.5
33.71,68.66,44.72,38.81535222203078,3,1,0,8.0
34.66,55.05,59.87,20.485876856399127,3,5,0,13.3
27.0,54.0,28.0,17.91787335772545,1,7,1,25.9
27.09,52.83,49.64,37.25761592491574,1,0,0,5.0
29.51,61.2,48.69,31.297427134870443,2,10,0,9.0
35.31,70.81,53.98,41.33480934913943,3,1,0,5.0
27.23,57.59,62.86,28.018116419334383,2,6,0,5.0
39.45,77.38,41.31,45.276203588487576,3,2,0,8.8
35.64,52.08,40.4,3.6958736595807617,0,10,1,33.5
31.18,72.57,46.74,6.879736941842624,2,3,1,27.1
35.85,71.0,37.57,23.637456391764864,3,4,1,24.0
23.21,61.42,38.75,29.05261215145326,3,8,1,12.6
26.4,59.16,66.66,23.142488660332894,1,10,0,6.0
38.69,61.57,53.46,39.60234988295043,0,1,1,7.4
30.3,53.26,50.53,23.74755572270554,0,3,1,13.2
31.64,57.41,46.37,49.48253191768456,3,5,0,5.0
33.25,71.64,34.87,46.180809795477536,1,10,1,11.8
32.78,68.98,42.07,32.40718356733681,3,3,0,12.4
37.32,62.83,35.2,20.657610958569627,3,6,1,25.5
24.32,46.37,64.36,9.219670522957335,4,2,0,17.2
29.84,56.17,52.61,46.86606283116927,1,8,0,5.0
31.15,66.9,49.75,7.830163334732948,4,1,1,25.3
29.8,60.5,33.18,43.98795308923067,3,2,0,11.3
24.1,56.35,69.1,24.084837629109114,3,10,0,5.2
26.79,58.42,26.41,10.718982495730916,4,5,1,33.1
37.8,71.38,52.18,1.4064501605061952,3,5,1,29.7
28.41,58.76,58.06,40.289244928887804,3,5,0,5.0
28.06,66.55,38.84,44.38186908064349,3,9,1,5.6
32.26,74.11,50.32,35.404181439705766,1,9,0,5.5
27.87,61.38,57.51,10.936911028645818,3,7,1,16.5
35.48,68.25,34.7,36.305836149821936,1,10,1,14.7
29.19,65.8,33.2,20.263146725801178,3,0,1,23.1
22.6,60.21,36.97,35.347061156424985,4,10,0,9.4
27.83,48.97,45.35,20.329131267199642,2,6,1,20.9
37.98,68.23,38.81,0.6761208636636318,1,7,1,37.5
28.99,66.71,43.03,46.53116649870774,1,6,0,5.0
20.18,49.8,27.78,43.64102830171721,3,3,1,11.2
26.96,58.09,33.74,42.289664307865195,2,4,1,7.3
28.08,63.94,40.47,22.718580763250202,3,7,0,22.6
25.6,58.84,34.42,11.286162650986503,2,1,1,27.4
29.71,48.75,26.24,36.02115263843702,2,9,0,23.5
35.64,77.44,40.68,48.887328338264176,4,6,1,7.5
39.42,76.38,57.33,21.22046039574357,0,3,0,13.7
29.23,44.55,33.21,35.847966539977,1,0,1,12.3
33.0,64.0,39.0,31.107031420893076,1,6,1,16.2
27.33,64.51,61.53,32.340161931850595,4,4,0,5.0
30.77,60.08,39.33,24.902020084285926,0,8,1,23.0
35.3,59.61,44.25,0.6772211860384403,2,5,1,30.6
31.21,58.81,41.61,3.3924649688886643,0,6,1,31.5
30.02,68.96,35.81,38.00361949607258,3,8,1,11.7
20.52,53.81,70.0,30.241981518274564,0,8,0,5.0
28.49,62.9,43.12,37.635544343283236,0,6,0,12.0
33.03,66.47,60.26,24.168810470197045,3,1,1,12.1
27.33,52.91,29.81,30.94530557646828,2,3,0,19.6
29.87,53.12,36.23,47.92955812493825,0,0,1,6.0
29.69,64.42,57.32,11.470842950716847,0,10,0,17.6
34.92,58.53,27.98,46.57662236738756,1,1,1,15.6
35.14,69.39,45.5,6.058594305526999,0,10,1,28.5
29.98,53.76,60.3,14.17934989942538,2,4,0,16.0
32.42,69.43,36.08,38.67715977424297,1,7,1,14.3
26.2,54.23,41.59,45.3244882499208,3,5,0,8.9
29.42,67.16,30.27,4.4850374351542595,0,7,1,34.3
26.28,53.99,20.0,7.6181483547906605,4,1,1,37.4
30.95,52.62,32.97,37.99476140544655,4,9,1,11.2
32.33,74.41,49.11,47.14203120917072,2,2,0,5.0
38.55,72.39,57.25,34.552006388425454,4,6,1,6.4
23.28,48.81,34.98,20.92594177918227,2,9,1,24.4
33.73,61.45,61.26,42.56126216720017,3,3,0,5.0
38.05,71.56,50.94,45.20389326609669,1,2,0,5.0
30.87,55.7,69.78,28.503463387228923,2,4,0,5.0
24.91,52.61,26.29,7.500131641119934,3,1,1,32.5
24.62,63.54,33.9,30.178171453504227,2,10,0,15.4
30.98,62.94,45.32,7.208639271792822,2,7,1,28.0
29.44,59.33,21.43,18.74766962411753,3,1,1,28.4
31.81,50.57,52.14,28.927791663416507,4,0,1,9.0
24.84,53.53,34.79,43.30485896324564,4,4,1,9.7
34.33,69.34,32.53,0.22931925011198118,2,3,1,40.1
33.27,67.2,40.49,6.632795337142738,2,6,1,29.5
28.97,42.16,45.5,30.401024001525297,2,9,0,14.4
29.63,52.15,29.15,29.75772241459058,3,8,1,21.3
31.62,57.89,39.02,22.267664424088895,1,0,1,19.3
25.84,57.48,40.97,0.2050737570737704,3,7,1,36.6
29.73,58.45,60.67,25.712793191630645,2,1,0,11.8
27.86,58.24,49.66,37.39571467024006,3,0,0,5.0
36.1,60.94,59.0,2.020365473386332,1,2,1,26.3
29.69,56.63,36.01,47.10979980175098,4,8,1,10.3
29.21,62.99,20.75,13.28883678604596,0,7,1,31.4
29.37,51.15,57.25,42.43975657629217,2,1,0,5.0
26.22,64.73,37.01,48.78104422089006,3,10,1,6.6
34.76,54.23,27.93,44.44071829746137,1,6,1,11.5
29.25,55.35,49.89,12.127552392781793,0,0,0,22.8
24.84,54.15,44.72,34.06948102056373,1,3,0,11.5
35.11,64.06,54.89,24.427344025596792,1,10,1,13.6
25.12,46.17,43.74,28.160777437932726,3,5,0,11.7
28.74,59.78,62.23,41.412887463851874,3,10,0,5.0
31.75,60.66,70.0,34.949195158659116,3,0,0,5.0
31.27,51.8,65.63,4.386959981555805,0,7,0,16.6
33.03,66.07,33.81,48.400860624614076,3,1,1,7.6
31.92,63.7,57.16,30.379090156562487,2,2,0,5.8
32.94,59.38,30.73,43.70689401005443,0,6,1,11.3
40.0,63.42,58.35,30.569643824862204,1,3,0,11.1
29.92,50.41,62.32,31.136492232450507,1,2,0,7.7
21.11,49.36,65.09,27.73724985887278,0,5,0,5.0
29.0,57.95,20.71,23.80098876384013,3,5,0,25.6
25.86,69.87,40.56,44.17845227054821,1,0,0,5.0
28.0,58.95,32.66,47.15989016946636,3,7,0,8.0
30.36,62.15,33.85,33.333036395416265,4,7,1,19.2
26.74,63.11,41.43,18.60495537716907,4,3,1,22.2
33.57,71.2,44.05,35.1541095484947,0,0,0,10.2
33.69,70.29,30.14,36.77214141265445,1,7,1,14.0
34.85,58.22,40.91,35.993597547757844,1,2,0,13.5
27.79,60.14,41.16,12.838339496983004,1,6,1,25.7
21.37,45.22,40.86,42.004916528919345,3,7,0,5.4
33.14,57.63,47.22,33.106731918415036,2,9,0,10.5
23.59,54.55,43.39,16.93543696703167,4,2,0,19.9
29.13,60.0,59.01,11.188137954496236,1,2,0,17.1
31.42,63.91,37.37,15.600425762823994,0,3,1,27.6
38.53,71.59,55.4,49.10477278639045,2,9,0,5.0
30.26,50.57,43.21,24.241105508677236,0,7,1,13.5
30.06,56.63,49.63,18.441956424995887,1,2,1,13.5
29.38,70.63,46.25,5.128506132700944,4,6,1,33.5
26.76,43.31,43.64,32.323255614395855,3,5,0,10.3
31.32,65.36,47.86,24.211447111384064,0,8,1,18.0
24.2,41.69,33.6,13.192375510566922,3,2,1,27.0
29.23,44.55,33.21,35.847966539977,1,0,1,13.3
21.15,56.41,40.51,14.957325921426923,3,4,0,21.0
27.95,67.23,46.01,43.63490851769719,4,1,0,5.0
31.03,67.49,41.49,48.90219110997426,2,5,0,5.7
31.75,62.4,34.97,48.91898303768788,0,10,1,10.5
28.84,59.5,20.0,7.381037357122033,3,10,1,37.9
28.79,61.59,40.95,20.058734150004298,4,4,1,17.8
34.09,70.6,61.54,32.39890540011089,2,8,0,5.0
34.68,58.89,27.43,0.6227850192114914,4,7,1,39.5
24.69,55.52,22.39,11.755752194243541,1,2,1,35.4
32.94,59.38,30.73,43.70689401005443,0,6,1,14.8
29.9,41.0,54.27,35.36109416283239,3,5,0,5.7
30.28,66.13,41.03,48.50878967179892,3,5,0,5.0
33.11,79.52,30.26,7.230378919224744,0,2,1,32.1
28.68,68.2,43.9,5.9961594520953625,4,1,1,27.6
27.79,54.72,69.39,9.212022509198608,0,3,1,12.4
29.68,74.89,47.11,45.15918189025711,4,0,0,5.0
40.0,76.34,22.1,38.81607472954987,0,5,1,23.2
36.31,53.88,36.31,4.343823681494996,2,1,1,33.9
28.97,42.16,45.5,30.401024001525297,2,9,0,12.4
28.12,45.77,43.16,22.30411221867855,4,2,1,12.5
36.25,60.68,42.98,32.65787694733675,0,8,1,16.0
29.82,71.87,24.39,42.37630388729613,3,10,0,14.1
37.12,73.59,58.49,29.58536290224638,3,0,1,5.7
32.99,63.72,50.3,7.152835398760837,2,7,1,26.5
33.3,71.48,57.21,7.540152075115297,0,10,1,23.3
38.58,64.3,54.91,38.88667935042294,4,6,1,6.2
23.42,58.92,31.9,0.255312455620027,2,1,1,32.4
26.81,50.5,47.46,3.178953474940932,2,7,1,25.0
25.52,48.3,60.18,40.19893069372462,4,10,0,5.0
24.68,58.73,43.06,28.59517051334091,4,4,0,12.7
25.07,48.14,38.76,42.84234492847931,1,0,1,5.8
30.65,47.72,37.49,36.192234774969215,1,3,1,11.8
38.04,56.36,50.4,7.81816892422571,2,10,1,23.3
37.54,62.31,37.71,28.821377224603882,2,5,1,19.9
33.24,68.84,58.57,21.129793831766815,4,1,1,14.9
40.0,78.33,45.34,28.027240763945976,0,3,1,14.9
25.47,51.22,21.2,7.2397705068708404,2,0,1,37.1
30.56,52.13,44.67,40.66356081444175,1,7,0,10.1
29.08,60.86,42.96,42.565042165449796,2,10,0,8.0
21.2,48.29,57.03,18.484967666991146,4,0,1,8.6
25.98,52.5,64.54,34.470409238879895,4,8,0,5.0
38.42,58.28,58.78,27.237271200011072,2,2,1,11.8
21.09,49.87,63.43,45.11248951774955,3,6,0,5.0
33.51,59.04,44.65,11.545307254092968,4,0,1,25.6
36.5,52.36,24.4,27.924034017321457,3,6,1,27.6
28.56,50.73,40.11,36.737295221144855,0,2,0,11.6
30.3,50.47,46.43,9.654682884194232,3,1,1,19.8
32.64,56.9,51.27,20.735023784200358,4,3,1,13.3
28.56,50.73,40.11,36.737295221144855,0,2,0,13.3
30.11,63.4,62.56,38.76878782671121,4,5,0,5.0
33.65,56.09,54.8,41.08674623875575,3,2,0,5.0
36.09,74.92,37.36,13.614493498102604,3,3,1,28.8
25.42,55.67,20.0,10.391364552995363,2,9,1,37.3
37.05,73.86,31.98,33.53016788818171,0,4,1,17.6
35.64,69.14,49.98,44.024666408081394,0,1,1,5.0
25.7,62.98,30.45,9.096176909648213,4,7,1,36.0
31.2,67.76,37.33,33.16940045839799,2,0,1,14.4
36.86,63.61,26.57,31.846974220518486,1,5,1,23.0
23.96,50.84,54.62,4.482977878530131,4,9,0,19.7
22.65,53.84,38.27,47.751237506388684,4,8,1,5.0
28.74,56.8,54.07,45.51660499404332,2,1,0,5.0
22.97,44.59,43.69,49.69775963588976,1,0,0,5.0
37.6,71.43,54.12,40.22303211094497,1,2,0,6.9
23.17,44.36,26.03,28.138328947381176,4,9,1,24.2
24.1,54.53,37.08,45.820700963367536,0,6,1,5.8
27.57,60.24,46.64,43.06439738784894,0,2,0,5.0
34.0,65.0,38.0,12.788778343256297,1,6,1,30.0
28.38,67.05,48.86,44.849074799605916,2,3,0,5.0
25.72,53.66,21.91,6.629694793418856,3,0,1,35.2
29.28,50.3,33.27,20.109035700774907,1,3,1,25.7
20.52,46.83,35.07,32.54525613345164,0,0,0,16.0
25.87,52.61,51.85,43.628346355649576,2,3,0,5.0
31.29,58.97,28.89,24.97206015923971,0,6,1,22.0
38.53,70.2,28.94,6.416264991281162,2,4,1,37.1
34.49,73.5,53.12,20.574482702078157,2,9,0,18.1
27.41,56.77,45.73,22.79400386813233,1,8,0,15.9
20.56,55.98,65.55,34.10037928287195,2,0,0,5.0
26.8,52.7,41.8,37.6545234760645,2,2,0,7.3
27.03,56.26,35.68,27.89086098077984,0,5,1,15.7
26.65,60.53,40.45,34.3738298975518,2,0,0,12.0
29.68,55.32,30.31,13.39970102092735,1,6,1,32.5
24.26,47.47,41.47,13.696008711059799,3,0,0,23.6
38.86,75.86,37.69,18.072390470383326,1,9,1,25.5
21.09,58.26,53.18,25.673488400050555,4,7,0,5.9
24.38,52.1,61.63,16.366175711942084,0,10,0,10.9
36.83,69.28,25.17,21.404905068504277,3,10,1,30.2
40.0,75.29,47.3,45.19832918077593,0,10,0,6.0
34.68,58.89,27.43,0.6227850192114914,4,7,1,39.7
30.74,55.94,48.96,6.588580884703194,4,1,1,24.9
28.63,59.57,61.32,22.153139276856336,2,9,0,8.0
35.94,78.88,56.11,38.98471374063669,2,0,0,5.0
36.38,55.25,66.99,30.725630006187703,3,6,0,5.0
31.43,63.1,43.59,15.138543032377683,0,7,0,23.2
37.98,63.73,31.31,8.028904825584032,2,9,1,35.0
29.48,42.68,55.33,21.32920237924204,1,9,0,14.5
34.1,57.5,52.38,41.66307591332463,3,8,1,5.0
36.27,67.64,67.95,4.540605183831625,1,10,1,23.5
26.77,47.3,36.53,16.716812555793542,3,0,1,26.7
29.08,58.44,44.95,17.250371124824255,1,5,0,24.0
25.4,49.86,56.53,19.278110503614542,0,3,1,12.2
38.22,70.27,63.95,2.5584806471036723,0,2,0,19.4
29.88,43.2,21.33,33.25898489401401,0,2,1,23.9
36.62,58.47,20.56,13.37690994162512,1,8,1,40.9
25.3,51.45,24.59,25.22628146363447,4,0,1,20.9
37.23,62.96,32.84,25.134761597302408,1,0,1,26.8
34.0,65.0,64.0,41.591497185634616,0,1,0,5.0
25.42,55.67,20.0,10.391364552995363,2,9,1,31.9
31.51,55.1,30.6,21.439745181084525,3,9,1,31.5
26.95,62.85,63.53,11.307573807071696,1,5,0,9.6
36.59,67.13,61.03,45.264660415681966,1,10,0,5.0
22.74,59.33,60.29,36.23018530089268,4,1,0,5.0
35.71,67.62,25.16,11.501734235776867,3,7,1,37.4
25.95,57.37,31.82,11.020828351026696,1,3,1,28.0
32.08,69.28,53.59,34.07510303076503,1,7,0,5.0
29.99,62.52,49.88,42.186448309163595,0,7,0,5.0
31.75,69.81,26.93,26.404097833987855,2,0,1,21.3
27.83,51.16,44.2,6.741887658944207,1,9,0,22.8
30.29,69.78,31.58,33.29917375310077,0,8,1,17.4
37.21,59.96,69.61,22.263684073738016,2,6,0,7.9
25.42,58.73,53.39,44.22583143683835,3,5,0,5.0
36.35,71.25,37.03,48.0459887990449,4,4,1,10.3
24.06,65.98,28.05,7.465170178419362,0,2,1,30.7
39.58,71.07,39.53,46.824266236341884,2,7,1,10.6
24.14,60.35,47.55,43.74626453006524,4,5,0,5.0
25.31,52.69,46.3,8.818475306265988,3,9,0,21.7
30.3,65.41,62.34,21.82873442324044,2,4,0,8.2
25.49,59.63,68.9,40.74244754016268,3,0,0,5.0
32.94,56.93,51.95,40.82645776801576,2,9,0,5.0
31.0,57.54,48.96,11.898076887460501,3,0,1,19.0
32.83,59.11,29.94,24.0387963020611,1,9,1,22.8
30.16,48.47,29.99,0.2993475894287445,0,1,1,35.9
32.31,63.38,48.51,4.664511395211774,2,3,1,26.2
33.94,63.51,41.89,31.129456279386826,2,0,0,17.0
28.49,61.78,47.46,9.315513836274947,4,3,0,25.9
29.06,71.99,38.56,8.04362866596146,4,9,1,29.3
28.07,57.06,54.6,4.130913946677817,0,5,0,21.8
34.53,58.86,52.25,28.49836273752771,0,5,1,11.7
26.9,56.65,22.83,11.63086108274069,4,8,1,33.9
29.49,67.11,63.28,33.57201166859564,0,5,0,5.0
33.65,56.18,56.49,28.55661305486005,4,5,1,10.7
28.02,53.05,28.07,18.3631106213756,2,2,1,24.9
26.72,58.18,37.93,46.69634857886996,2,0,0,5.0
33.72,52.61,37.01,43.11715154683149,0,4,1,12.2
39.23,60.7,42.78,18.58872476307643,2,2,0,22.0
32.79,56.76,45.12,4.177981215972593,0,4,1,29.5
28.89,50.23,31.86,14.077091048983876,3,10,1,27.0
32.35,50.94,60.56,22.25096132799651,1,8,0,12.5
25.0,50.0,64.0,44.56057945658022,3,1,0,5.0
32.97,61.72,42.69,15.031914930958013,4,2,1,21.7
26.49,52.95,43.97,28.367980242136483,0,4,0,14.7
32.66,67.55,32.86,24.873899325643755,2,7,1,19.1
32.17,56.59,62.96,16.082549070858963,1,5,0,11.9
25.09,43.46,52.01,33.19189288554257,0,8,0,6.7
29.77,63.41,50.3,40.14783988361248,0,4,0,5.0
26.39,52.62,22.27,49.58019375221264,4,1,1,12.1
20.55,42.03,63.54,38.40604203904891,0,0,0,5.0
21.57,50.51,47.72,28.37812517805642,0,10,0,12.3
26.68,44.49,63.42,32.03445090562355,2,0,0,5.0
23.88,57.05,35.25,40.936642599422335,2,0,0,11.5
21.17,41.47,69.82,39.23771255140653,4,10,0,5.0
34.61,67.18,64.16,41.1337257343388,1,4,0,5.0
37.26,67.14,45.88,47.61735694575335,4,5,0,5.0
29.46,43.41,40.69,32.38431175090039,0,10,0,11.4
38.07,62.7,66.49,30.242007330836522,3,3,0,5.0
26.02,63.08,29.67,27.809344381160123,2,5,1,20.9
34.81,71.07,65.13,47.72730595455506,4,0,0,5.0
22.27,53.67,28.01,20.468700948396634,0,7,0,21.2
28.48,60.34,33.57,23.344308663592077,4,4,1,20.7
31.35,62.93,34.02,26.78322744661782,1,0,1,18.9
33.25,59.02,58.34,14.10225628422933,0,9,1,17.5
32.2,69.66,64.67,42.91992999434673,2,2,0,5.0
25.25,46.12,56.39,39.64435247806452,0,1,0,5.0
30.85,62.67,70.0,48.57840074127605,2,3,0,5.0
31.89,64.06,35.44,4.925619044897189,3,5,1,35.1
30.0,60.0,29.0,11.165313644823554,3,2,1,34.8
26.19,63.25,43.84,26.268844636322484,2,9,0,11.6
29.63,55.16,68.27,48.555033130186615,2,6,0,5.0
23.37,45.91,67.84,32.428436285627946,4,8,0,5.0
29.13,56.72,67.72,27.72166392486712,1,2,0,5.0
30.98,72.26,70.0,27.661610983887957,4,10,0,5.0
35.89,69.26,56.39,48.82596404939882,4,9,0,5.0
30.99,57.9,54.41,21.97268585446219,0,4,0,15.5
29.88,54.42,65.71,3.544334708054037,1,2,0,14.4
24.54,53.73,20.6,31.98615981420557,1,7,0,23.3
20.56,55.98,65.55,34.10037928287195,2,0,0,5.0
30.48,67.9,25.48,20.668705912677527,1,8,1,25.3
33.87,54.76,35.38,20.820793554190235,2,7,1,24.5
23.94,52.75,22.5,21.517910677217923,3,8,1,27.3
30.13,58.46,60.18,7.926568720686211,2,7,1,17.9
23.48,58.98,66.26,31.730504133601162,1,5,0,5.0
31.12,58.29,37.01,46.12383204103044,1,2,1,9.6
31.39,55.54,33.3,0.9779506310270192,4,10,1,36.4
27.07,58.87,54.62,27.23065170031247,2,2,0,5.0
38.38,71.17,56.45,28.888725779328734,1,10,1,7.3
34.09,70.6,61.54,32.39890540011089,2,8,0,5.0
27.63,58.09,46.23,32.73273463660468,0,6,0,10.7
27.57,53.84,61.93,33.39529417291408,3,6,0,5.0
28.39,51.27,70.0,39.50940340769697,1,2,0,5.0
31.28,61.86,62.26,26.22704705023767,0,3,0,6.7
34.07,61.51,36.87,0.9472700773736853,1,8,1,37.0
34.17,50.98,30.6,27.387532431987072,0,6,1,23.6
28.67,57.85,35.03,4.14566736341429,3,8,1,30.7
33.95,67.71,34.77,40.313585845325015,4,7,1,14.0
34.17,68.22,31.05,33.13217299102513,2,9,1,17.7
27.8,66.95,64.26,43.835539842004415,1,10,0,5.0
29.01,58.45,25.72,4.471713262594784,3,0,1,39.7
26.24,42.54,70.0,12.228265099407759,4,8,1,9.5
33.35,65.13,26.44,43.07427695348059,1,10,1,17.1
32.14,67.16,57.06,15.57451475814196,1,8,1,18.5
28.84,67.18,30.09,40.721336024060264,4,3,1,16.0
37.07,65.57,29.2,15.045550469992492,3,4,1,33.7
25.41,59.6,47.88,28.749809972170382,2,0,0,8.8
40.96095788603852,53.0690397402893,23.77590555970007,22.8702360856398,0,7,1,35.5
33.48305005450834,73.9103227495655,27.641175104488504,26.48569267343655,0,1,1,23.8
31.94686563689098,32.80609285154679,22.773792895317474,15.286304245435717,1,7,1,34.8
43.50719751025437,54.195103379669426,49.40111756550254,15.478348194520313,0,10,1,21.6
39.379365096940106,47.055083132989594,22.58808427937053,49.16080394219268,0,9,1,16.6
26.00036109658341,35.82669980399382,40.14329447848593,41.98657365959656,1,7,0,11.3
39.33079000766188,41.92908074790573,19.53697175263681,2.0849807137544305,1,3,1,44.6
38.76786663299418,44.90660768840507,20.14312023399996,19.9372696259107,2,2,1,36.3
34.60103391463373,44.21343333322746,51.022995689046525,6.680090550165163,0,9,1,22.9
32.16457414408678,85.78477263501674,32.92966281867131,26.242350637305158,0,9,1,22.5
25.001825888803033,83.04434880569161,32.17173167692833,21.019626678662355,4,10,1,24.1
41.18264852820717,69.70053750429076,65.36736467096742,38.254773024815336,3,3,0,5.0
43.91874949088797,31.81443590966615,70.36253736295444,13.968968509845054,2,0,1,12.2
37.91407611260966,67.26487951080085,36.69390795978296,11.926977819593482,1,4,1,29.7
31.77357565870587,43.698899540460935,45.59566040417741,21.350091594978544,4,8,1,19.2
33.59026273511343,84.26847866838466,75.46856590224034,24.845229009536972,1,10,0,5.0
28.855557976445766,88.24712089402584,11.112468082707988,10.842826493172208,0,0,1,40.5
33.47512251603263,88.10346543160281,70.04022825580122,25.354093782024755,1,8,1,5.9
32.70458265872974,39.13059031852302,42.49942758566695,17.287362348725754,3,4,1,21.6
34.340044583578404,66.77068327750999,32.656251971589384,29.648639666281078,4,6,1,22.3
31.759093789735445,34.78738891553828,65.81195331505384,26.141631760256427,2,7,0,7.3
44.8692637239069,55.91812823324332,34.36478296542498,25.646258759559014,1,4,1,24.6
21.922226264762962,33.65483643179399,79.90620291797521,32.215383505995995,0,7,0,5.0
38.109478754357355,81.38379364062968,59.195295039823854,44.88304375001792,3,9,0,5.0
32.831661503662474,46.34505476130606,60.179381464208795,40.43691396429907,0,0,0,5.0
43.24382742864318,58.84336660688578,79.52404831009619,35.11289643835387,2,1,0,5.0
39.75462936106392,70.22292257014028,21.988344786746403,49.56536028578144,4,5,1,17.8
41.900888247608194,56.47702883161715,47.61253742402976,42.95916232576457,2,4,0,8.8
33.14873086890995,58.9542837596407,12.53593423481176,48.112907973482876,0,7,1,19.0
41.75642757150604,67.17811722623341,62.961190980765416,0.7955612839202431,1,3,0,27.2
28.326193997215782,51.99805992527743,44.77357907684224,45.62509187886673,3,1,0,5.0
40.50540263068976,48.284860220840955,68.11455547436667,17.376467850187545,2,3,0,13.0
24.783477875961808,77.7731970143619,75.01625042904352,11.454331540304763,2,3,0,7.0
36.40222183063697,86.79136640367679,61.27827202543121,28.34898594370694,4,9,1,6.7
37.51899150120559,67.15652905700642,17.614528318242296,26.990355755771994,4,1,1,27.7
32.825820956696894,76.82052865832279,79.9537278005772,6.192135146659206,4,8,1,11.3
43.722043157494696,33.39872887179605,46.998581163541154,34.15969153030344,3,0,0,18.1
35.35993273242188,46.63267004598598,25.105695882993423,47.81214956692254,2,2,1,14.2
40.25088658773486,70.03045577203693,61.20108558333561,24.347800837640136,3,9,0,12.7
20.404476543233653,53.001849107681565,68.05670761835906,44.86494815174416,3,5,0,5.0
37.97135459185671,53.29285429307241,72.43406220174688,21.253941534810433,4,7,1,10.5
25.084931667559527,74.30992068801949,16.838382883957916,35.51511007130729,4,7,1,23.2
32.38870811860217,53.67871845405669,28.74949344853312,7.228915943930919,2,3,1,34.8
40.305134016853216,73.01490144373885,32.792670026796586,22.012323692952467,4,5,1,27.2
20.49941308038876,34.11272393645311,17.70151517777775,42.08677748457226,1,1,1,17.6
33.58207666455937,53.72883319518628,40.333555430235776,28.855181496057213,3,1,1,17.6
37.31428204393358,38.20651402434366,45.61313596927062,6.998247169652794,0,8,1,31.1
25.31843107197684,55.39664811740474,58.4912998742181,28.135304764090307,4,7,0,5.6
20.763614250203606,78.00303785946815,15.299643915587325,28.963102086077264,0,10,0,26.5
39.34500793581338,46.08307792505221,65.2698292212464,36.90370751715436,0,0,0,5.0
30.13756244016632,65.68410292112026,27.693294769858767,31.63239496963599,3,7,1,20.8
28.77052047614945,40.63116325821709,65.71040005030393,32.86700836268891,2,5,0,5.0
24.822157119044093,54.065385865940385,71.98468907832753,30.323922656816272,1,9,0,5.0
41.45930539655812,84.31526439386239,48.10747925426246,38.29635116566578,2,2,0,11.9
43.37882742637464,32.92330214979613,45.42619802353179,33.70609282187212,0,8,1,14.5
26.282840789314985,81.6271910123711,59.08478517958017,30.110911000815754,3,3,0,7.1
20.612863223725967,84.03960015045561,34.97988831934694,11.482200878066939,4,6,1,27.2
28.803555339719217,81.1145878569614,79.07435923777118,11.517395160236848,2,9,0,6.3
43.68204232103251,56.14041266865136,10.125016375557001,34.65628295002483,3,10,1,31.1
38.070158857327336,56.94845963100017,24.535620633368744,38.84247893420789,0,8,1,18.9
33.72712388888344,53.75008868858888,23.734368469237936,22.05287730946947,3,4,1,31.4
21.57495597934329,62.01374234227974,57.45758213971591,30.615059765112747,0,6,0,5.0
20.52148665228544,38.13739716634845,11.50551200931657,38.05556639099476,4,7,1,23.0
25.622118324720567,39.106200959858384,27.594637732616338,16.517951574768077,2,10,1,28.9
27.59246139213343,86.13441204140999,61.06687052609604,0.5076651770366536,3,8,0,23.4
35.360277783614805,77.2030246751354,68.66746341404897,17.036644460456685,4,1,1,8.6
22.748230097306205,85.36762878317892,22.920492808935833,32.11324027305717,0,1,0,19.0
36.08129242620415,59.33617634617531,29.55814172191816,23.939821783344556,4,4,1,28.5
33.21553840152497,48.972182614369,54.30096415080252,16.218409857425602,4,4,1,16.3
22.74890441534941,82.71520693066574,10.115599498080597,36.147448676888835,3,1,0,23.6
38.384760393188856,59.26281295451405,54.34880871819239,12.502463688896981,2,8,1,22.5
44.366101065967875,87.96701320699034,30.705150331615812,22.030625805705796,0,10,1,31.9
28.26159577569825,85.14878461499926,48.36236199807397,12.168389564922855,4,2,1,23.9
25.83074198506536,43.07106018587416,50.16882493602079,11.739259610716902,4,5,1,18.0
39.451302415707715,51.969963631143415,58.11971113067999,12.012141930956894,0,9,1,20.1
25.455753570370263,58.890613116323685,45.64731279054498,0.9018929055808089,1,7,0,27.0
39.06689175307257,88.659020311154,41.73459284950056,19.56921295060379,0,2,1,25.9
21.976942466237634,42.343151427741354,65.55394465913838,37.12532831677853,3,3,0,5.0
39.91801107681263,67.59106550035972,28.54137794013285,19.719552919384668,2,4,1,32.1
35.017886392381726,70.82054214416797,50.056490829829436,13.889458109684089,4,8,1,26.4
34.11451020186861,60.36341123640635,52.64687520110558,17.45202302968767,3,1,1,17.6
28.629513158415058,64.23919796998727,69.8441363579677,33.07717861115371,1,7,0,5.0
33.973235293623574,79.88040199214022,56.96761054036428,38.71565222092122,2,8,0,5.3
42.54152392770243,33.88441706730002,30.460941466454464,7.368333631789725,4,9,1,36.6
21.4317663574782,74.33004689579877,53.81966538597337,40.45565744782061,1,0,0,5.0
27.332861797923883,47.71086131425106,68.32770874322495,2.994761709332261,1,8,1,16.0
32.82690331163385,78.93743977682404,48.17970616518046,1.0900044709020562,2,1,1,31.9
29.004220782523998,62.82449077396293,58.926525337736834,27.823485395648113,4,2,0,9.8
33.01456022145754,76.68228948542205,72.76284096043818,9.673195760827348,3,6,1,10.6
41.699777213145495,64.35667239698606,31.463293667744065,22.64878690400361,0,6,1,29.8
31.43038093915571,59.36205762722484,53.393463697753134,0.783727046745164,0,5,1,28.4
35.70287782680753,38.31524255621969,25.533780894607652,14.261785052043491,1,4,1,37.4
35.40622541244276,32.1133833342987,13.839194795613896,10.356621686907092,2,5,1,41.8
21.677885109791017,51.34610235021627,14.1087252137023,8.717686788534973,2,2,1,36.6
20.707591311895854,45.3663482097743,19.68243032809051,22.510235892355908,1,2,1,26.1
22.441353529482917,57.366659624336194,53.28119822335772,42.75005764015162,2,0,0,5.0
31.462739924541502,62.91685726271386,11.887129104585355,26.589545440315383,2,10,1,31.5
32.53660122422754,55.12350992211414,49.38176448069976,15.774210301589314,0,0,1,17.7
25.573847543303263,46.37314237223997,43.12020261606095,14.13959310284681,1,5,1,19.2
37.66841843630441,37.99954247870458,46.1057680485633,26.115486430318036,1,4,1,19.4
28.09596181547507,66.1928882334285,68.59682304383902,17.711379566795387,4,6,0,6.2
22.839266003564827,30.355060780391195,12.221707230898033,6.858257140242885,4,0,1,37.9
31.651741257211995,89.05496889517768,78.70874231249361,41.931330780320195,2,8,0,5.0
36.09515154712062,75.92968508945766,66.18499182436935,0.04264884012165626,4,7,1,23.8
29.87302142785706,31.205518739214146,31.006709601128033,42.10855241088039,0,8,1,9.9
28.407638928056784,31.33512804806216,42.30183381742856,32.161277008014416,2,7,0,12.4
29.205628047773704,82.82537297130104,27.229682048554082,45.3906974391673,3,0,0,9.5
25.157573382110115,51.235487196436885,19.74499768316293,36.34466019805883,1,0,1,20.9
44.32090322402008,75.87194880418679,14.342031565413413,36.316476452053905,2,3,1,31.4
31.790009646263137,58.65747853007845,22.41347527690689,8.065018935391238,4,1,1,39.7
37.09858796695235,81.91417176275394,22.01809540115835,30.016915007030914,1,10,1,29.5
27.479680125808027,51.48421087817032,16.684921372919813,3.9285921023723858,4,1,1,40.1
41.3119905533559,43.85434826534575,72.93003831920936,20.706510826006415,2,10,1,10.6
37.065830439795334,64.44525289652091,67.01376428489586,0.40354269827673206,2,10,1,21.3
40.75095616327215,86.10512909821041,18.91305036768459,20.903235716309936,4,10,1,34.9
40.468345007801716,45.88538509436456,58.271338901593786,33.954081141798156,4,10,1,5.2
35.2811787070592,76.21655785192478,66.93642517712136,0.0844726787656569,3,5,1,22.6
42.85964900062477,70.31527160859224,40.47741949462812,48.61364350700672,3,2,0,8.5
21.16512357557819,68.13022225767396,50.595508961405464,1.4642951673217386,4,10,0,22.9
25.164856361993472,77.3601459573731,11.257308435889517,46.14054450732231,0,2,0,17.8
21.96472649531155,73.9278476856449,79.19219491005538,27.862515501051778,1,5,0,5.0
34.122490779149246,82.74688053689025,75.70953561438564,24.599169803888117,1,9,0,5.4
30.872849296869482,76.17104387444377,58.28119225727398,25.18622853262184,0,2,1,9.1
25.676375901066635,66.88045952879851,52.13916268159844,0.46751686494187483,3,8,1,24.0
29.236510008221547,76.27664685924536,54.89942981307906,4.979637269081122,0,10,1,20.9
41.923864164222806,85.70169436057385,68.29152090350149,16.82450591949609,2,5,0,10.8
26.103152636127085,67.41815815511289,65.43045218550768,44.41023792819181,4,1,0,5.0
26.75636114377711,49.00365051517602,66.90215875917451,11.927617778323912,2,3,0,12.2
35.63541985560508,86.51856821510586,30.53371660057881,19.104849192392432,1,3,1,31.4
24.283265025800183,66.00525427548683,66.89063858679378,23.858356610063108,3,9,0,7.8
23.436513693575662,68.27095095714665,53.62337883469441,5.22662825863795,0,7,0,20.7
43.40449846200454,49.61925543343925,52.42719284680056,20.702687491452153,2,7,1,22.7
28.445725978687282,76.07768944634932,24.16206427431749,23.81430929806254,1,8,1,27.0
36.67653019876224,50.70180220339085,42.29726095115786,48.32906697077841,1,1,0,5.0
44.809953599558256,45.55835727345041,78.6564031099838,47.79038005993131,4,10,0,5.0
41.378173776912725,51.735103998334026,23.060654272253323,49.064055625944505,0,2,1,15.0
21.216690077102708,49.464529484050374,45.64308772290706,45.71520958174127,4,9,0,5.0
37.505104800186686,39.45291274088097,28.39715076111934,10.30385889492944,3,6,1,37.5
21.272993991334424,88.60155925120807,33.68633408293256,11.751653722133431,1,7,1,26.4
20.896610912683915,57.43729235944935,13.942148421562628,8.131588656977428,2,7,1,39.7
42.7082001803763,88.60504405946722,55.70058621955346,41.99123701571305,1,2,0,5.0
43.55051810966265,49.67922559646538,73.7620073881481,14.789768735477999,2,5,1,10.7
31.93355614533219,60.52361529195159,61.402616669558206,1.3713223862720003,3,8,0,28.2
40.46451487539019,32.444575226680506,36.15581849462336,5.53113110470953,1,4,1,37.7
39.77544477958285,56.1908459915761,37.84118859107438,36.12552683785038,2,4,1,16.4
44.78218269104898,85.39013296172514,21.760191365899296,15.686107145247636,2,9,1,38.9
38.008079917638696,65.23606127038708,11.371614170889703,28.31689644076919,2,8,1,33.3
31.862141660742154,55.4326250745864,41.37871334531515,31.680921774555937,4,5,1,14.5
28.90608577126401,39.07976489457634,40.743420914272356,34.48627813724341,2,5,0,10.1
44.23818949950949,57.297892755642884,62.64285365102492,49.25405562685522,3,0,0,5.0
22.222285502560155,82.02635941055956,60.92788237742167,21.987864951647403,2,1,0,5.0
29.37384230014634,68.3121532301179,52.798784247838405,8.473535431918593,3,0,0,23.3
32.16699590155392,81.18355516089264,66.46040402028879,20.329364517110548,0,10,0,10.7
25.958318829810036,48.55390517851927,74.7067740337397,14.82957381743406,0,4,1,7.9
30.48839030358036,86.89104019525618,22.064929836304582,4.420125682985276,4,0,1,42.8
43.4471271763196,42.42158557061934,51.508290523857404,37.13905860617056,2,9,0,9.4
36.75141035394962,57.23333314333096,28.78021502881307,43.472930396826946,2,6,1,16.0
41.6309327611708,52.96255746449829,12.22822304981591,47.34399369831457,2,2,1,23.6
44.03181159086676,34.74447031238094,11.261400117961887,2.745067245081223,4,6,1,51.5
30.730237990280237,58.48505768852519,42.5161194687156,23.029927329839637,0,2,0,18.1
29.09778501949358,44.344467071891785,28.566806226110813,43.87806433690181,1,1,1,16.3
26.330469721036998,53.93454134115338,39.838651148910586,49.530344034034364,3,6,1,5.0
37.91502194168393,89.05769729819738,26.48793392827403,19.267488542765044,2,4,1,32.7
36.414162756142446,48.340383803660615,18.396414035378413,11.778623708168078,0,5,1,35.6
28.64426458779336,76.66253978624188,61.0762154668148,39.76162760554563,4,9,0,5.0
37.44048990390533,58.78437447309331,23.511517169070544,10.38611276707851,0,2,1,36.8
24.438411969141555,52.20851735457271,49.02207893984144,0.43837727693672446,4,4,0,28.2
42.09125370634082,33.53059958422211,50.51769055462341,30.428004317697127,0,7,0,17.1
22.969227996435503,53.76021818786755,64.6882226355977,10.442501008060834,0,10,0,11.5
42.65779502837705,50.86960859780578,79.13651299250553,32.073115683031205,1,10,0,5.0
24.03796177177247,87.43957323804734,24.573265911998153,43.35541046771378,0,8,0,15.4
44.643429898389684,51.867389355286114,28.734082876280393,41.6772089290831,1,7,1,19.0
36.05142394472761,57.66810808016352,44.44634941039431,12.721096080116235,2,6,1,24.8
37.34691916743928,42.002082538557026,64.11914476421362,43.61535360456771,2,4,0,5.0
24.438713302503228,38.31384847821407,49.95233013253495,9.497644812733114,2,5,1,21.2
20.965717171553997,69.62687796811078,36.72082888604345,7.021609271578111,0,6,1,28.2
36.70366654186424,36.64134309373003,75.34170065355748,12.779917832653325,2,0,0,8.8
26.570548469054373,54.123672057372616,32.62743293895127,22.93814238268729,3,9,1,19.4
32.255358218892106,33.25629018358889,53.203069012958245,42.98839691248799,4,1,1,5.0
32.44582994017466,63.83363987633256,23.309386649280672,29.466748936144587,2,3,1,24.8
42.190827166666594,30.599653211792816,59.792087908112045,7.453007359368163,3,4,1,24.9
23.40557973454008,49.53316318841446,16.668688233385314,21.5646136199811,3,0,1,33.0
20.10848972877781,85.29478481788104,62.36441976580661,9.081300467388493,0,1,0,17.1
38.693271940792485,74.893278267369,78.75189645302568,6.800813033560477,0,1,1,10.8
37.7158880700333,59.04107112779475,37.59520008535051,15.26225452368346,2,4,1,28.5
25.25400969476603,60.17829143833275,39.44397210774386,26.83441922396092,4,2,1,14.7
37.717919497388074,31.77736380761903,38.13475185098739,38.957815088033776,4,8,1,14.8
29.576036787635424,76.5885249541903,24.826116760210276,31.208370040705134,1,4,0,27.7
27.292120865676765,58.59851718592666,77.6211966885199,38.66985748783586,2,4,0,5.0
39.866684755399106,49.483920134315696,63.67737900379749,24.047100858469094,2,3,1,11.9
37.203573065591314,75.10429684490862,64.6119937283051,6.306357669875346,3,1,1,20.6
25.870121596321333,47.089326096545484,10.528601615874475,26.235191187706214,1,2,1,32.1
42.16276404254325,56.64861457606684,47.52030142443813,7.037543327178364,0,8,1,29.1
24.82065074216397,55.64164549284719,11.181626123082197,39.81829181943996,4,10,0,25.3
36.78318460039658,50.101028291349536,17.369732124207868,26.58712225399998,3,4,1,30.9
30.890590366070846,43.81920408797029,59.44550442395924,48.2572237345704,4,0,1,5.0
42.99674750415076,66.67561552975926,16.157794356379945,39.91243508451327,0,4,1,26.3
35.03836100801566,89.36120183283671,28.36550639145835,38.608688401490035,0,6,1,17.5
37.47714778327027,51.80739173070656,52.657275544088556,8.085926434387797,4,1,1,25.7
42.64837967501683,39.06185171611502,11.382171068546372,2.8813879587419433,4,4,1,48.9
20.037323132564282,37.66230899404634,72.28703316078415,46.06049015043159,4,1,0,5.0
25.49120634869687,55.657274411301884,11.970198499659963,15.042103257066564,0,0,1,39.1
25.62054494778337,56.79224366477944,44.50899642927143,7.986626483011239,3,2,1,27.2
21.510660261349315,42.048108725072666,27.284680428886514,1.4072812074687746,0,5,1,37.3
24.549147209603746,79.8043304120857,54.98445058020851,29.714574668560843,4,7,0,5.0
32.79208309415506,52.79064352117629,49.181428782670125,37.21140181347721,4,3,1,7.7
42.67471196366062,75.40666833277086,16.823881166781113,40.70200880330601,4,8,1,23.0
36.604725172463915,74.44226514923872,63.038183821221146,38.201986227289396,1,10,0,5.0
33.10295312213765,31.314816474810662,48.231693746803124,9.293512591245817,3,2,1,22.4
43.760596054056485,33.69915852015552,18.537286263558926,28.453901416422017,1,3,1,32.4
23.905586393834312,42.82797480915563,62.19606004390862,9.724028776177668,3,10,0,16.9
20.30873331658267,33.46032425789188,32.39609497485557,1.158185171827636,0,6,1,30.5
36.022469162732406,49.43550882327395,72.21446573748133,19.524949864522917,1,1,1,6.1
40.43038768182843,41.06802557590659,14.156969588719212,29.520921103557917,4,10,1,35.2
26.802068195231882,36.080979323131864,64.66931842273056,14.597435012004489,4,1,1,13.0
44.95947509996225,48.50827929719013,34.30707774145831,14.694058905402423,0,3,1,29.2
28.520331401748244,31.962533934124096,50.21502598054865,34.37252772712433,0,0,0,8.4
22.29221618086038,55.38007718428729,15.70367592831019,30.521361249312882,3,0,0,24.1
39.580984173756306,56.694399916004535,39.40410538463166,29.6122872625967,0,7,1,19.3
25.75342718230687,54.362566838314564,77.71497425212004,34.52316724682371,3,9,0,5.0
41.930700172176714,80.71051892900653,72.81901166510504,15.477000684656888,0,0,0,12.4
26.724597990978506,46.52477953751101,18.38274436580637,3.0230200072814517,1,10,1,41.6
35.21175117501271,34.6912604137002,25.041289623051973,47.666722437945204,3,5,1,12.7
26.813022245394656,42.61465019821445,18.289820907201,25.943746979566555,1,10,1,27.0
34.962006815966774,32.273862257530695,54.23098603846332,15.669587616729268,2,6,1,20.5
39.3732463569348,47.40527523996224,67.35316778327686,41.8831207413455,3,4,0,5.0
26.623487212299516,84.92257101638529,14.401402835276413,45.743518223722255,4,2,1,18.3
26.2974041431349,44.17379361344299,45.29558268812219,3.070724995128354,1,10,1,33.6
41.47848298913502,46.778265556474025,17.31110054414596,14.98711640131552,4,10,1,39.1
31.16614527245079,34.79877190124439,54.77861239365061,33.6385861948503,3,4,1,9.0
23.198871094313922,65.27056752255376,10.241694356091887,1.1696003555876855,1,5,1,47.9
31.03965401747574,58.99393269763694,51.767079117760915,17.747553815870358,3,9,1,16.2
28.63612194799497,68.98648832470799,54.7566221025319,4.691322889855881,4,6,1,25.4
21.803827268878916,73.06794018342708,16.08579701408459,34.50785149140696,4,3,0,22.0
40.08443272504991,61.04195574194614,25.408982351353217,8.281069800882012,3,7,1,38.6
35.60851656289607,51.064926928983134,19.89031681258316,35.465673442292285,0,7,1,22.2
44.429318072747364,59.51244233373096,31.261523053962783,4.568373654112307,3,1,1,41.9
43.192204608319415,61.062885786231476,29.304155705741316,3.6210215800408396,3,10,1,40.2
31.353524907470707,85.59772612053013,66.75150709073245,3.6388265111092277,4,5,1,17.5
21.30095830054321,84.37115384096484,42.5995339453624,17.65583824409403,0,3,0,18.7
21.68567879082114,65.20150612586617,76.41809318649717,4.584967056011968,3,5,0,8.8
42.777916659764415,89.13437452587796,66.44862078364696,47.63410191230921,2,7,0,5.0
44.48816193252955,48.984106226563696,19.54010904550792,1.8059847024101128,1,7,1,47.5
43.40228685226212,38.352691286618835,26.83434183781288,47.36113808540844,2,0,1,18.3
21.39663135847711,87.28358574796621,15.547175134600916,27.355146572825085,3,3,0,25.8
44.73447626456867,31.652462152722688,76.23758647088981,36.04400582275865,4,1,1,5.0
29.32991834035301,39.15254594146106,22.902926035451806,41.996234493274095,0,0,1,18.9
20.727649494941517,77.03007368760522,29.513267716993536,42.29871130112712,3,5,0,9.4
21.116951603907822,59.237534078279296,70.50669999135226,33.03373949209621,3,1,0,5.0
30.640526740192488,62.930973335148984,74.92002447582226,18.41110284428878,2,9,0,5.0
37.20383217429122,84.99807404652105,12.096423356551817,24.035954315176934,3,9,1,34.4
32.912304760676975,57.2809764184823,58.75782951029399,43.50375784502833,1,3,0,5.0
29.143662540393997,70.43942703651832,25.74157338371713,2.9107244649939967,1,9,1,37.4
40.93871337913403,62.55904478319091,19.499360875488755,16.276069850459002,2,4,1,38.3
37.12454339758388,55.125179189557755,56.80780386929133,11.610261481538304,4,7,1,17.6
27.783021736627415,63.02715980015594,12.16019859464489,29.19459605575514,4,4,1,30.6
31.815478511153522,75.68662274286805,66.18470976619756,43.88384530513029,0,8,0,5.0
23.236246595550575,86.41765666073046,38.72971614282383,26.3653148815784,1,8,1,16.2
31.0215717123202,60.726599171078334,41.999349104898656,36.143727886619516,4,10,0,12.8
40.38285513079747,76.20036321566943,61.73215113143068,49.541330276415074,3,2,0,5.0
42.84226480601985,49.281762896859476,24.996020360116564,21.46306507324352,0,1,1,30.5
26.74489872540307,83.52297219641892,27.924675857594927,18.637320527391683,4,7,1,25.5
34.48328979071704,84.77755149128558,14.401109068128402,24.571307135240083,1,9,1,33.3
27.64105622996914,44.21761013469203,28.679749662819376,40.71492939879772,3,2,1,12.5
40.67809748665603,42.956008745873945,18.171257549464897,42.54752889745105,2,8,1,23.9
30.57903200932256,50.877088258836935,32.98524225498258,31.021153306164795,1,1,1,20.7
36.858769520651904,84.06147093641098,40.2804091044671,23.811624671832888,1,2,0,21.5
36.945401595342574,77.64486846325688,40.781902042791494,14.187898565460323,0,2,1,26.7
33.31619790434561,39.407365306947916,39.5399621912991,38.83115029268506,0,7,1,13.4
33.91521458728222,64.07437282820298,10.670892789401474,37.73196847555641,4,5,1,26.6
43.05362065182213,73.28274269967972,67.8104518433645,9.858270549269548,4,1,1,19.9
21.56001788833674,72.01755933928867,72.95338181450354,28.55464813482588,0,8,0,5.0
44.00996952275004,75.13728124200927,56.2740225054987,26.01773197904585,1,4,0,15.2
30.03964251745895,70.15197832245858,50.749949976036845,35.845326281658124,4,10,1,7.6
31.79094656609786,86.77605071218397,20.839323086303246,7.31682609318483,0,8,1,37.3
23.024163088077458,76.5884415878182,73.23228913486741,42.5274982122582,4,4,0,5.0
30.94871854683191,61.84695403542477,22.865476743419315,39.62601877657584,1,4,1,18.1
24.82520894910548,47.62148303404345,58.31139540343155,37.132429857596364,3,4,0,5.0
24.391399906747495,68.59133175258913,41.68441851909602,15.417145393822151,3,1,0,17.0
22.048043760268406,73.69928529822637,66.01215725733252,26.80877718743956,2,9,0,5.0
28.842792901798813,42.64222811373242,70.74998828292524,41.0645066557686,2,10,0,5.0
37.39006494575111,53.70961534115723,58.036830464033265,27.256720410104172,0,7,1,11.9
32.475756371018505,47.18350896489767,21.382003019622363,23.17624649438842,0,5,1,30.1
32.08952848739161,56.278615609074535,76.98260527684259,16.881162364927054,3,9,0,5.0
21.13983994241245,62.4222666895308,24.919704151622625,41.751562975902836,4,4,0,15.0
29.87806588503539,65.59087194459256,74.27991540635743,10.742482391138125,1,8,0,10.5
35.46871091510945,35.65730448720126,56.25215192365876,7.595508665112504,2,7,1,24.1
43.912315929201526,87.55191459382658,41.04515629375207,8.080831761990753,1,4,1,36.1
26.259454288399766,62.01513104995303,26.86201305800764,7.4706787916523965,0,9,1,38.8
25.767040293629467,43.56583906702543,18.328077093309474,17.503620042106498,1,2,1,28.2
42.05780411963046,32.13529507823852,66.55703591036291,2.4306967749158357,1,4,1,24.3
33.364554553285686,84.83039836911186,57.436076885369914,43.026866220532376,2,7,0,5.0
35.29146178790229,62.70819170981503,13.942580675630783,7.008249749763324,1,0,1,47.9
44.291408760344794,74.81897452969253,46.04518053257099,43.60362433744475,3,7,0,10.3
38.24174654604174,39.66030963086851,70.61313029812942,5.010359759460664,0,3,1,18.3
24.083133457377848,67.42705786686402,49.76003665664892,4.68441663290543,2,3,0,25.6
43.08851838805341,83.90318505761857,62.317102717128606,11.821951520563289,0,5,1,20.5
20.695716122088875,55.77655110295219,72.80510902480086,31.225937741919264,0,8,0,5.0
28.51574785868103,84.91863031889162,75.85030488576447,21.751574138509632,4,10,0,5.0
20.295972871262716,55.87203511349958,52.524647688506995,26.856686032549458,0,6,0,8.0
32.08079594756008,49.89817072073453,71.29888234039393,27.482951899739692,1,0,0,5.0
23.59952152785639,76.42059678220348,76.51204522577439,4.888946424885921,2,1,0,12.5
25.202610171963777,68.84418738328316,11.066996096131096,34.00572523343925,0,5,0,30.0
22.155252769115375,71.12653674609129,14.487450659396828,23.12589574596406,0,7,0,34.6
44.55970150675587,39.59385867138858,78.5593378238135,42.96487313709485,0,8,1,5.0
41.498990879157205,45.5261197796829,33.140684872159966,31.05098822185422,4,9,1,22.5
24.616989317955518,47.82790473626716,79.31101047337556,30.903540378180992,4,0,0,5.0
33.911009130226915,69.02457199069735,59.75578578409538,15.416434523508526,1,10,1,15.6
39.639189682090134,57.8642083609102,15.369362520559712,41.264114833476285,1,6,1,25.4
37.13113148093829,39.577815353887985,15.098765619669958,37.93681638308926,3,5,1,28.3
35.028400206945214,50.88185001741364,18.746928782522637,7.303679850347001,4,8,1,42.0
37.305192101283865,47.12566213216931,65.78554043020073,35.54342197434384,3,9,0,5.0
44.8515104952495,51.453082154101764,68.23950448217846,3.9804054796845567,4,2,1,23.8
25.60779699327265,43.74005595041454,49.98571176200093,49.27451674981906,4,6,1,5.0
20.755625518698753,89.94198570140003,22.46523535182315,20.433731846650815,3,2,1,26.5
28.176975482342883,60.27967378368359,66.66639204451958,31.179396131038896,2,0,0,5.0
34.787487811473895,69.96827944966799,69.45352500312346,16.69810133875751,0,10,0,10.0
38.548115658799375,80.75677595491739,14.064598830524757,29.945346083943146,1,8,1,31.5
44.37098273357239,84.28158622258954,66.16471747013115,43.43497817318014,1,4,0,5.0
23.679181876885707,64.27620149229062,17.834450996713986,28.111081134859344,2,2,1,23.6
38.37620771665865,57.94307436227143,57.567402001357515,5.697698123428996,4,7,1,26.8
24.799699371697542,57.60131819543586,53.03829072075542,8.65597048943636,2,7,0,18.0
36.583664274081684,53.70359868432489,39.52450441343621,44.4856987856447,4,7,1,5.0
23.214112571121962,47.815236848807295,77.61184030661397,3.8712765896068477,0,6,0,10.2
41.663322873924194,35.40619190063259,25.02998561387468,32.67834741232985,3,10,1,26.9
40.452437326327335,71.6077001280376,40.815884064628115,7.576512837620763,0,7,1,31.6
26.428346478202453,83.90555705479505,54.36484071866472,47.1425919597611,4,1,1,5.0
39.1999254470001,37.21402093209724,35.54489680417497,7.232731333439318,3,2,1,35.1
29.49368657205551,87.68038574199944,75.91839403151526,45.06192984784938,1,4,0,5.0
41.45840078308355,34.49858967361966,24.908946716896892,46.591359608696045,1,0,1,18.1
28.126762639254398,62.526247522253286,35.810541311977026,25.002133049502962,3,3,1,22.3
28.67499313226723,83.87553039858811,26.58074495652988,14.461451969538047,3,1,1,33.4
39.13479038598645,40.040812734543564,61.40240736498356,12.942180787458412,0,7,1,20.0
38.53640800301412,51.06942585919074,26.852179880856177,9.463494517171773,0,0,1,40.1
26.194955018699307,59.01907574087086,37.2077835446416,25.996555852261434,0,1,1,18.4
24.294777904798174,84.92033165057988,51.62551871347641,10.591435386655057,1,0,0,19.5
28.748307877867724,34.719157283855345,57.44980121554441,49.77838547878547,2,10,0,5.0
43.932321340566055,73.00455229388245,59.730467688835205,31.20536372744307,4,1,1,10.4
36.65819919083647,59.61316544079267,68.29357862551649,12.865912545870545,1,3,1,14.3
40.03756268437459,76.32065513923405,31.248200528032562,4.3386537230835405,3,5,1,46.3
34.658242580821664,89.01214680550049,44.75517160087502,7.130964465692208,2,10,1,25.0
34.45539529158425,38.3942245514973,30.036114079903236,49.72284864103999,1,7,1,11.7
30.776186336194534,76.21612639325542,30.47463252956327,28.531019482998133,3,8,1,21.4
37.65049018863425,56.909744276641106,32.79235244928962,46.164929154389746,4,5,1,16.6
23.667612502732602,74.14519238759246,33.24329094745177,48.12374013946727,1,0,0,8.4
33.68262267287342,52.95926529009925,59.39773189779489,21.79268001630481,3,7,1,10.4
21.437347434218022,42.82527224539051,51.46848927571608,26.327853111432546,1,1,1,12.0
37.61138703400717,30.71375569710357,16.460434267055398,27.60990393917678,3,7,1,29.4
29.716979202240765,42.4487770108315,12.942908103759896,36.394402762951756,0,10,1,24.0
39.09757273066401,88.70037112642228,61.81816447459104,36.46597571632683,3,1,0,5.0
40.14405474183393,31.016773043479006,62.330307416706844,23.108226049210067,4,7,1,10.5
44.14116827752541,53.10809905709338,59.93362038327751,35.54501902396884,4,10,1,6.0
42.42937415874614,35.01380801535908,79.90753405382902,2.0035458859806288,0,8,1,17.5
28.789656042679923,83.39466550585593,73.54020442943597,48.35796769774654,4,1,0,5.0
36.380158530924334,88.77951159523022,28.122796924433388,1.4351136641208684,1,7,1,39.6
37.56894259547987,30.240360123432175,61.14886280333335,25.21869094034153,3,10,1,9.7
42.054702448762384,45.92397332835068,17.063092519852596,27.141326893259293,1,4,1,34.5
37.40045800489062,45.15551560210481,73.35301155419597,31.018107431687476,3,3,0,5.0
44.77522921784181,46.06533113516103,47.659612050813784,21.567718850950385,4,6,1,21.8
24.345924076384534,48.078125518802494,32.85486295499854,9.060549391634975,4,4,1,30.5
28.668970862267777,43.64179713304807,23.561859964898307,40.748247334532564,3,7,1,18.1
43.96998478987488,66.3456803277585,57.94347876883023,27.90510465395288,1,3,0,12.0
36.19450935956783,54.71760770427889,16.25123791855812,11.729816147744693,0,0,1,40.7
27.73468162541459,57.637756366811175,58.63753741290659,3.663661992463141,0,6,1,22.9
41.084475297204214,85.00303810073375,60.06428012516496,33.821866993616304,3,0,0,8.3
28.646734425456316,52.37694392141231,58.11891838526122,32.6027006929887,2,10,0,5.0
31.002564336630407,40.28865998326762,49.29984315790569,23.79820607281117,1,10,1,16.6
32.54208101658097,60.039649298357595,63.76802567677912,34.64569148571106,4,2,0,5.0
32.86795356649286,54.499052935825844,75.29970917914787,29.95919954089513,0,2,0,5.0
28.39441165786716,65.82291170448435,51.05459739496491,36.68287797853508,0,7,0,8.8
41.17389931865269,39.72649713484512,42.25416314055025,36.410226231781394,0,2,1,11.5
28.81064853824593,89.13111172554491,70.03719856867663,6.991478829691589,1,5,0,14.6
25.170843135796275,49.085648920570065,59.88861687272014,15.721187418996102,0,8,1,15.5
29.346774466499085,47.63260513096278,71.8833595983784,37.551515058977735,4,1,0,5.0
31.84636431585225,30.56021959944278,78.23921333702242,38.43325910822307,0,4,0,5.0
33.58887063901205,38.29359134621517,46.5719031452069,13.326407387862293,0,7,1,26.0
35.4160865664287,49.18667309789022,23.295949097892994,2.1465618979947534,1,4,1,43.1
37.4791408063121,71.43489159032916,63.0525953870859,27.302749925283308,2,10,0,8.8
31.63073712084453,46.74019653820083,26.660664922062765,28.516308382658128,1,7,1,25.2
32.47465904463775,68.61553532776412,13.761614380512892,6.350985525056946,1,4,1,45.5
42.52284550667763,63.01119484557964,65.61954208529696,46.472006748994005,4,10,0,5.0
20.731195401298272,89.91760029039507,77.9717545355527,49.8328153937294,1,4,0,5.0
20.8622772652181,36.77280536316364,23.5417165484732,41.37358446601353,0,2,0,17.5
35.0077062526602,48.23833086745499,48.18654605717752,32.68459331954812,2,9,1,13.9
28.985813474487294,52.19147983757627,20.894544921843245,30.03503673058091,3,10,0,25.7
21.551273233366402,33.687757831239885,41.39064882805076,10.537326442047885,3,0,1,18.7
33.93011383529256,52.306079010443035,66.62785905598011,38.09656406849628,0,6,0,5.0
43.639568367556805,50.795439314387494,60.34700111604927,30.698990570876006,4,6,1,11.9
43.6856477539155,74.87889226342418,16.868785934429518,40.27908510602032,4,2,1,28.7
41.31636345753323,38.99405985997012,20.92435319050036,43.92047770210838,2,7,1,20.2
41.10291424448529,47.70462785382185,18.89438137230832,20.139416659128194,3,4,1,35.9
36.72548159377399,55.91875527579122,71.11729976042804,37.709908621362224,4,5,0,5.0
23.749601029230462,78.95799433429576,17.6170751462994,7.932520569739476,3,0,1,38.6
31.686222277080677,83.94982147597622,75.29480516055183,20.43974528080865,4,6,1,5.0
38.38215555738387,49.00113536054117,46.44669717073439,2.781898555967355,0,7,1,30.3
21.01256614558356,61.9542617201098,50.73739217434089,33.17672689011077,4,2,0,5.0
36.544898556172896,49.51644767306121,25.212293645679182,47.84416825746797,4,3,1,16.0
38.617588754431694,59.6855788078268,42.22915188217081,24.962956487145753,2,6,1,18.3
27.86936234234359,33.48503781596048,49.51096253147466,13.692957153623103,4,5,1,22.1
22.438785088483204,85.55108530669379,53.6671050386687,39.210834680417854,3,2,0,5.0
28.231189491897304,49.29855223019105,14.011674048408079,28.135628468483088,2,2,1,28.4
44.67614704835707,64.9579976721312,55.70530271886813,2.092067833879996,0,2,1,29.7
41.307223681293735,46.79555395322313,16.638544114984363,3.6040649264983737,4,1,1,47.1
40.73230708159723,85.88354341364213,48.94147571001361,28.72400758626158,1,5,1,15.6
44.427127817714435,72.06387912886652,77.93171620837671,37.089737033047854,2,0,0,5.0
31.976441919832276,84.59550491133639,27.8766706254281,16.084788057474796,1,8,1,30.1
41.84799981231543,79.58535787225021,27.50756695182973,11.867488805411275,4,2,1,40.2
38.30564615460655,63.90004723208108,75.50627320256159,48.76039300620252,1,0,0,5.0
25.848907396402268,31.020208198718553,67.15020105096539,16.256720768443316,1,1,1,8.4
24.444302250509786,33.897787302038,25.645761342128072,46.02065410652509,2,10,0,11.9
23.017793744860178,61.48803071954629,10.119459449327763,28.813517331499895,1,4,1,29.5
31.879797509721463,30.190205990804518,46.240145972840814,15.00410429136681,2,8,1,20.7
25.444078595387005,75.93922847689169,43.27418039127066,38.04052557668173,1,9,0,7.6
20.70977940044033,51.16009779280069,16.211239993418484,27.414305904628765,2,5,0,26.3
40.80892845968602,83.04957641236635,49.34906635668133,25.444402200173492,1,7,0,18.9
35.0150160296416,74.98830482064398,42.61263795211733,33.83954660747256,3,10,0,13.2
30.284650216284227,77.5843044975988,13.84967156845042,35.9058268619734,0,1,1,24.4
26.994668579965676,38.83713324804126,25.953358030918803,19.774452978038852,3,10,1,28.1
21.741802779864184,38.731726603035156,71.45072538977347,15.835551117134445,2,0,0,6.3
22.360439206729904,78.14002009754861,18.118995576475584,45.726977491348315,2,0,0,15.8
29.72177145794117,41.72927169450901,26.526732132543213,26.768287098351983,2,4,1,23.1
36.54869415091855,50.22844560314237,75.99869214784462,18.50338842580639,4,3,1,6.2
27.256426594246168,64.9058031451907,28.770597202283994,13.262640647152091,0,9,1,31.1
24.055620089033237,31.053992577602113,67.6454109585114,32.2461586824377,1,7,0,5.0
36.06320253251427,42.989328479444886,31.976545774906473,49.567083662594264,4,5,1,12.2
44.48696933472412,88.87476089672393,23.043098072526455,41.96384537116915,0,4,1,20.8
34.59930533164479,43.176560374858454,19.337927836367477,20.203716333224232,2,4,1,32.9
22.689255761636154,32.809634699650736,13.451795372149345,16.236771466750476,0,0,1,34.6
38.18336339833857,81.41375011665151,28.4326322408002,41.822014818687094,4,10,1,15.7
25.434674803217007,85.72476204611232,59.19256487773805,14.154016718384854,0,0,1,13.5
44.31813738500351,75.47178231705236,76.09075378921426,29.50760362827886,2,0,0,5.0
20.482939189446814,41.21183067470161,35.80881894636301,8.133086705564107,0,5,1,23.3
41.624203151057145,78.66466505517621,17.26881098224198,29.593027016780916,2,0,1,32.0
38.179995766824284,76.95200268949688,59.75197516186793,32.88508168538024,2,9,0,12.2
37.63483784076971,62.91196518477323,27.727122474343115,15.857505399764127,1,5,1,37.3
41.09407676189787,52.76167000293602,11.021191188819609,9.799117855479544,2,3,1,45.7
35.571462482428025,75.33732927177263,48.758151178911795,44.42694519809778,3,7,0,5.0
22.063470396266254,79.58999822662611,17.150383937344987,20.37457513736081,0,2,0,30.5
21.08796746637697,74.12171761844075,58.58862766215359,32.03240420321107,3,4,0,5.0
36.35693239456093,33.482918069918,34.45607653592788,22.410569029327092,4,5,1,21.6
37.92562229358267,46.34888966965087,55.757534032046586,45.08355622678676,1,1,1,5.0
41.665754778687045,55.99679167420658,17.784601720137566,15.955692821141481,2,2,1,36.3
25.004368003637943,78.54454153097765,61.21803533987804,39.11507007867325,2,9,0,5.0
42.01551918870342,40.35957277382647,36.18762330611298,38.898577826357595,3,2,1,17.4
33.00794640382312,34.27759171307958,13.263043542146416,11.792787542923605,3,5,1,39.3
35.86596996941665,41.87321196820312,37.72898165213733,14.5022526121862,0,9,1,27.0
37.55086889663352,58.39302716469035,78.92333219877753,18.290109761096456,4,0,1,5.9
32.880813277026,53.36509490843966,44.36147824747256,17.74336401316065,1,9,1,20.6
37.10368629115362,40.0581061392766,76.27721203967519,26.176573552676462,4,2,1,6.0
39.23436493869801,37.333681580965276,10.757605556447817,38.86949470360909,4,4,1,28.3
33.22232448603774,62.689547903052485,49.93915477117345,25.173204212958293,2,8,1,12.4
35.391888748536154,43.839713397564566,44.398559458148675,8.5941099433388,3,0,1,32.0
42.12464650546862,58.637979426434256,66.93158802497001,48.00825231140222,2,4,0,5.0
30.796735207081497,46.86035644775143,10.643993940096264,40.78298548939657,2,1,1,24.6
43.88583490868345,41.54247602631813,60.062584151611254,49.5018031891432,0,2,0,5.0
31.184328643104855,84.784954186774,12.617803419249,13.625603968014566,4,6,1,39.9
30.947859909416337,84.72689290539273,38.97426158426745,23.841376110707568,2,2,1,21.8
23.891968331874573,88.12858133349482,72.99360746348623,44.180273221416485,4,1,0,5.0
27.23321598323477,52.853721314419786,52.737904762853,18.285802514248502,1,4,0,15.5
27.742006465467867,60.76805352428851,41.8997154212142,5.059315384737206,0,4,1,30.5
32.821750001251374,88.0317872281516,50.422745823111555,7.870574334274577,3,7,1,26.7
24.77927003526619,85.46121813433476,67.17860432401085,17.18605440460472,1,10,0,8.7
43.72901127871421,38.23612031732726,41.79977915561958,2.5896633277077976,4,7,1,32.9
27.3330189555642,39.505009445909124,42.53582067558402,48.44003454197298,1,4,0,5.0
28.28675397623822,36.659297430315306,30.55729754512896,5.611654311329345,0,9,1,36.0
23.89512425256453,64.47911112791832,49.10095488182782,49.74861171361094,3,10,0,5.0
22.953467897111466,61.35592734505961,40.316101438380684,20.98372502163729,3,3,0,15.2
36.174214117553845,46.953437463444594,31.05605962315626,10.595417815675672,4,7,1,32.3
29.15374242095264,82.57144216844026,22.740966281545454,29.49963872663805,0,8,1,20.7
23.16407420013711,50.76137395829602,51.02976620352673,12.565824031779094,3,7,0,18.3
27.211235180161193,87.69813964093929,29.29795171291183,43.93837214415296,4,9,1,11.6
37.32494604195524,30.40424741208425,61.61179217650258,7.220529607754733,0,4,1,22.2
39.845932872186424,48.096464369694644,40.00117592636069,3.7396777841134323,3,4,1,38.0
33.31148442838973,63.295158055026945,50.66045949219885,5.160241914647318,1,5,1,22.5
44.230124643775,44.94985978034303,68.44656507028587,39.01184032070942,1,2,0,5.0
34.65167969777388,58.66106712336572,37.16644580238507,18.320495109854335,2,8,1,25.8
35.88077422433782,30.770410312809776,43.07592864971131,38.77349241160631,4,2,1,14.6
25.10587011847278,59.39965315611228,14.071408482211428,13.855389088292263,3,2,1,35.9
34.53799423860276,46.070295638535015,22.340114529278694,49.27672681813276,3,8,1,16.7
20.59606084528114,46.549070958915095,36.63611742483842,7.263146085185934,2,0,1,27.5
26.414029168085108,72.08918302056668,21.760088632985493,19.261424113470017,3,4,1,30.7
34.11133433373951,69.55428433966051,24.156085005993816,41.06855453145768,4,5,1,16.3
31.92182815021885,71.95229712055135,64.29116611204438,42.28030118156173,3,2,0,5.0
29.953997270237675,77.1372933241038,41.22311388708407,24.17827619602275,4,7,1,14.5
40.80053918186749,51.56981199870866,19.902502923648722,18.39838590016435,4,7,1,34.9
24.828054184851602,58.75926655120087,33.8268860788737,49.101138678295655,0,6,0,5.0
43.48571708323182,31.65258513320175,19.96677869282928,8.06458514573114,1,10,1,45.6
26.94785573244672,30.272085737258504,49.177214709965746,3.786585484702071,4,3,1,25.3
24.744660482866763,89.19399892622957,26.280285724334902,39.886690408459046,0,10,0,13.6
32.517031634871934,79.3584917654274,37.06713605539598,22.27102335236956,4,5,1,25.7
30.21832156021271,70.82792687336561,26.082974187843078,0.18440889780687586,3,10,1,43.6
32.81565850500348,31.880777175050508,79.05838106219177,21.09843955703302,4,3,1,5.0
38.17345925226162,68.37310683453214,15.612598791210825,42.381687107092205,3,1,1,22.6
43.407849585565685,51.85425570948924,25.290741072699213,29.84865485382329,4,6,1,27.5
39.646065194808834,48.63400070527119,70.317437249429,2.6577043188251492,2,1,1,20.2
20.8216999382973,81.84832476488117,73.39229838014944,8.436103680968538,1,8,0,10.3
24.984271435941125,40.35051578477009,12.480353300672652,42.58795624674892,2,1,1,21.4
33.83997516414452,54.981550690380786,45.41794633924121,38.077789077277046,2,3,0,11.0
20.292791311180657,48.84273537167348,42.925374754839325,31.30266682328945,2,1,0,9.1
22.552066417197008,60.63067871365419,53.74560818342317,10.008531857786663,1,2,0,17.6
26.89493761714741,79.37940930051707,58.890236905186775,31.990088068179123,0,2,0,5.0
25.595994851715076,52.64432526675756,21.879826817845057,23.38003658694159,4,6,1,25.8
28.146780759794133,65.48594105791616,53.68185475285645,45.358321080395875,2,7,0,5.0
24.36456810170187,34.00649509130376,44.6160997223692,22.336646015128142,4,8,1,15.7
37.468333537235694,83.3542718813521,54.57817305517835,20.834741690919838,1,7,0,16.2
23.25012185883427,54.907862924691074,35.2378567039408,38.68006019399638,1,9,0,8.2
31.589064089179246,74.51528813099495,43.84529999585116,16.849487362900405,3,5,0,22.5
33.982081654733975,39.33752766205745,51.257353112036064,25.946506379301397,0,5,1,10.8
36.29105326529506,68.37029649464392,66.51019015157368,6.780822705851297,2,8,1,20.9
33.812223030770475,86.37603939470782,64.42967941201823,30.560733205087054,1,1,0,5.0
24.289898036177632,52.76897914892953,67.72968868835468,26.65493889543201,1,1,0,5.0
44.80781381819525,34.92970500939561,29.73977046610385,12.391996601439592,2,6,1,35.9
34.40435208540879,53.817420770328724,66.19616482897406,16.112875261945874,4,6,1,14.3
38.85551445289517,56.481662042060925,51.231335022101604,26.139732640361814,1,4,0,14.3
20.374309445829557,41.18266922787074,69.64013575130201,2.7296808314793255,0,3,0,13.2
32.87423497108462,39.52702662992466,36.94087245249393,37.053268837960054,2,2,1,12.8
39.929837547948935,88.77927714875582,30.786772190266678,1.5306167653106106,4,1,1,42.2
29.99533248621388,84.91113952150236,20.20191913318247,33.10197914944693,3,6,1,21.4
25.85344346990362,55.976810988751716,18.603500410846884,49.66396352120942,2,7,1,14.6
30.439738586225417,68.37904186583259,14.535795842414263,22.873260379108938,1,0,1,34.8
34.11382470021951,89.18681248488753,10.611325656348278,4.846201437454645,2,4,1,47.9
26.210231829419094,79.67631021289131,61.341110707110126,5.13680927139995,1,3,0,19.9
30.78398065302372,35.62689646482874,69.7887804120785,39.92992624490303,1,1,1,5.0
39.05597524802325,32.849763589616934,20.452159898168652,21.319934855861028,4,1,1,36.0
26.712899765545412,64.03204761207829,29.05225755709025,9.280632839516063,2,2,1,29.3
22.667420842963416,57.48673616006079,22.248914241390604,49.3100541763171,0,5,0,13.3
27.57830988062905,70.04723590227127,39.38974497570851,28.314467929211773,4,10,1,16.2
36.33356750167911,68.5485414544348,23.23289315486752,3.456297864086766,3,1,1,41.9
24.77330063235637,72.62493975358603,73.61872541819602,2.122067128235139,3,0,0,12.1
31.983515807348674,76.45534451975166,10.533472277451112,0.651213976160453,3,4,1,47.8
29.284042935949394,33.74019895707185,49.74146212244794,3.054371843938497,2,10,1,27.3
38.531269499491444,82.34266276881809,58.21901765589783,16.72046435022493,4,8,1,21.3
32.67739745496637,46.527602107245094,35.749978942203775,23.511100759502263,4,8,1,21.9
20.740265419849763,34.0589332390355,35.84706609753049,5.059773043834214,0,0,1,29.2
26.257618809835584,72.73525113335964,63.514296650198084,16.84458866585581,0,0,0,11.5
29.10981956147156,31.9535144882016,50.303158533667464,20.227349896806672,0,10,1,13.6
30.620667641352433,49.38399402168136,53.63365714120799,35.03452410956905,2,7,1,7.3
30.14092966429341,84.559672088032,63.735086375419506,12.02517441160696,4,8,1,14.2
43.22099768975135,52.32713724978272,31.149545922356904,5.73090862460946,0,10,1,37.5
21.201464885650342,72.19621810874543,44.69142037380891,29.11565658131729,0,1,0,13.2
29.706678733774037,38.47403646665636,70.31346522505908,4.081297694143404,3,2,0,14.3
27.72388548737256,81.95794345210174,32.96898874175175,13.253610280924732,4,4,1,25.6
20.55582376816615,35.67303773128361,74.25090678804375,47.9302506799565,1,8,0,5.0
28.628359192435454,48.09319149467376,49.5641880182294,32.74087451495497,4,1,1,8.3
41.68651522163178,82.59980020104165,69.83300039180966,20.78471798385941,2,8,0,10.5
33.37554594817554,39.92315521866793,61.11977135919561,44.68310282082742,4,4,0,5.0
39.29184096506421,88.34896212342647,40.870725228984895,3.7823546680160636,3,1,1,35.2
25.993677061812562,48.648945409008874,13.560584146577302,15.757096890215122,3,0,1,36.5
40.46171298648377,61.69763284664978,29.712614304289353,45.85500695510934,3,2,1,13.6
22.519853106122554,88.64816679058163,66.93596861875562,0.8164741348119453,1,1,0,15.9
43.535010590444934,34.96244932584967,45.53983391401107,20.89144003323741,1,10,1,26.1
26.448509775532628,65.63054154833067,54.97566026093367,29.86258769177752,0,10,0,8.8
33.604802763468996,61.4593075487132,56.16666756914883,0.6308049506022484,3,5,1,23.3
30.833151430653054,61.198234706625236,32.89438044357401,39.24180097112015,3,7,1,10.6
30.731316927370635,55.17414956290524,44.87719235119065,28.18624338040538,1,5,1,14.8
20.522814355253367,35.55369788381093,28.40089441950211,9.139209988922214,1,0,1,29.9
29.416245383274614,64.49783285800302,32.11960995687595,12.46928955556253,4,2,1,33.0
29.23303756982853,85.3381887140261,59.142649423567356,2.667544852593029,4,0,1,24.0
34.68236599480455,81.91043371744527,54.361405260544025,6.459245008564557,4,7,1,21.9
26.419651267111004,39.06015636374994,30.518038279122216,12.620906010705962,4,3,1,30.1
31.319078118947807,56.364995310204776,45.11535146670672,29.281971646214473,2,4,0,14.3
33.13910142389149,69.33299335429987,53.376279157582346,43.14977276192337,1,9,0,5.0
43.505223990000275,84.41265221983531,65.39925893763584,26.472291443905394,0,3,0,11.3
38.943807477862045,70.18986195575269,70.41893452635722,33.95610928153963,2,1,0,5.0
21.255314041281245,60.04392625672513,78.48178002156708,6.376998500046755,1,5,0,5.6
42.33397324785179,41.9909145861491,61.43812484125144,6.11082367642663,2,2,1,26.3
44.359758185921606,72.09315709338597,30.199834852334163,12.523876292787728,0,6,1,35.3
25.435615021857696,35.39746260639794,71.47542293144606,49.74179890987764,1,2,0,5.0
35.81033294560484,65.8942455855618,44.36449446945119,9.464776663096819,1,0,1,28.4
24.772609975985397,67.22698445108406,41.647466100633174,9.626682251356927,2,1,1,28.0
25.236195829401606,83.26496892980424,24.53105433170446,2.975394041945867,4,2,1,36.7
36.36953811815398,85.31337252866845,36.05336453220881,40.355428258433015,4,6,1,10.4
21.99023111793547,79.89586344914602,24.719029590174785,28.1246880388477,0,5,1,23.6
34.72159235960111,52.76375882557086,72.37540826801316,49.7077694218248,3,1,0,5.0
26.522331274344182,56.07580547493143,67.44567042808423,32.55275791518854,4,6,0,5.0
27.49405270369781,46.543648459684654,28.72623133614225,6.386336458570802,1,0,1,36.8
41.69935468554814,51.094928602784215,67.06905744767877,30.696099858524185,2,6,0,5.0
33.69048083916942,83.61426139890516,25.412664539140383,40.252040988379015,1,7,1,20.1
40.64916358075677,89.11845600453304,28.735097945406995,48.87681168155897,2,7,1,14.4
37.69673239358004,71.90324842259929,23.271407035839456,4.611327795189807,0,6,1,40.6
40.346599007040766,32.78829747450846,22.688393796402714,16.253989602178326,1,4,1,39.2
24.792332104791758,49.916037330658014,11.353006383864606,22.339198002677417,0,1,1,31.9
43.308424391057414,61.01804908936962,44.98785797531713,49.12824494718633,2,8,0,6.9
36.01299330830702,76.92793354376138,37.16499394235721,28.081932250459236,2,7,1,24.4
22.36780591363871,40.61287097876932,53.40425960618475,39.72624548041224,2,2,0,5.0
31.23173957048892,81.59762849762264,37.56866553671735,5.200050029581238,3,5,1,30.1
31.82478055888042,69.20952962569109,79.65652000673448,32.51070055898451,3,0,0,5.0
38.1660011027885,68.58775588075332,69.96764817900524,25.643599926367926,4,3,1,6.5
34.79827609581504,62.081288948317244,77.33882834150876,3.7272235568766856,1,10,1,9.3
25.702259534271324,85.65592856323195,77.70652863156081,25.92104693848718,1,9,0,5.0
20.67682676541857,31.537563138298964,40.06230434553295,27.85504566492599,3,10,0,13.5
31.675107297183025,57.535218991585026,28.782948171245767,33.425381089174614,4,8,1,19.3
43.66470920890284,45.60170253689198,11.461937296213943,29.428130061952594,3,7,1,35.1
43.65244082498826,35.29159538535386,13.960530874421437,41.379540262264385,0,8,1,28.3
24.86978783841127,65.95914236210504,47.90464815956153,20.38687373466684,0,5,0,16.3
27.620593546602347,67.97347864446826,69.28127266583319,17.720405760469742,4,1,0,8.4
38.7991478352713,35.812683462028126,17.764274275193017,7.205527236234799,2,0,1,40.8
27.194131165092482,66.52443168281937,34.306624941997285,37.84801370083598,0,10,1,11.6
26.24390634899042,43.20372291333899,23.611963103479603,33.91918227155351,4,5,1,19.7
43.335643590133486,86.25064288602522,35.921110999579966,4.989800161555552,0,5,1,34.5
33.85283856664673,39.47982875372581,46.23521295061346,17.24173190511358,4,0,1,21.6
33.6752750470459,73.9921251378645,61.1274391406608,24.533984002341768,3,9,0,10.7
29.938964653109338,81.73486913438663,37.102793050138246,34.92891061470893,1,5,1,16.2
22.52410831127501,53.756971469322096,21.817847517523695,47.98495330732367,1,2,0,12.4
22.881124314437326,74.32544421465545,73.9882735686891,29.59891786285503,0,1,0,5.0
32.021508676902855,34.65620980252328,41.21561099690144,23.281769243290785,4,6,1,19.4
20.641428141879356,62.380165586936826,57.55908832154475,35.66812353226259,3,6,0,5.0
37.01893168939832,59.08267607115926,37.09268609163247,1.9384080361951106,3,2,1,36.0
28.238019613204806,74.79232906053655,78.61927725354575,15.524683669212358,2,1,0,5.0
44.46236476986629,69.60577681103777,67.42061590105692,48.9188307297588,4,0,0,5.0
32.03922134838109,86.70787068715421,24.803515961586832,18.529346227675237,4,0,1,30.6
31.216471676010322,36.83823609486549,75.72078789403236,46.76867169298106,1,0,1,5.0
20.21254767410326,74.13797138265102,28.33423167433712,10.186960657504757,2,4,1,26.9
31.073443497332974,36.09625536733222,70.3968355924682,45.68420282627615,0,4,0,5.0
23.01713810853073,76.33922348790642,51.59831736827153,44.44773745076998,3,7,0,5.0
40.66399560768471,88.31257324889626,38.8229666230709,9.723887319852986,0,1,1,31.0
42.03180462319686,61.526647399149965,61.31024800458436,16.334776969920917,0,1,0,19.7
39.3330724472172,71.49428525042853,12.522864890772599,13.41914746288525,3,1,1,41.8
27.836356185138104,55.18316279851156,46.134124218122636,45.66248267244173,2,9,0,5.6
32.82749267818449,64.70706593982086,63.15793765369026,20.139459002526745,4,0,0,11.4
31.329680862618567,40.4509710282065,73.02230907969513,2.066204261596072,3,1,1,15.8
38.98293503111066,53.83882305042272,41.852903073849504,8.674639556221447,2,4,1,31.1
23.612617620737367,61.72276997122533,73.83898589510217,34.84169989465032,3,9,0,5.0
24.007962622587783,56.35394416139306,24.40741758114786,0.4267968453581572,4,10,1,38.2
34.23156268717872,35.94031153033489,65.44101020639262,45.3209256724882,4,8,1,5.0
26.111135341900802,81.1495809445787,53.15936290025525,45.389585501459266,4,9,0,5.0
40.95562340673417,63.54330970006271,44.641673177414035,45.51622996145683,2,3,0,10.0
38.232467546813595,88.83398919059849,67.29143726647985,42.385227321395604,0,10,0,5.0
35.933771516184386,45.54117945205496,73.45364103836401,23.09906972234114,3,1,1,5.0
31.152485706156256,39.24550034804993,79.96360922299237,17.061806090073016,4,7,1,5.0
39.871446664863484,43.180292848484136,55.2990637729385,14.398389988027105,2,0,1,19.7
39.95004760297039,33.240025235154945,52.043909982665156,35.36088610213616,4,7,1,11.3
43.29066213304597,85.99363224097384,44.82397896492646,24.30394157873708,0,3,1,24.4
36.023577146771316,40.094311455271324,41.216427819402064,2.4832067879610453,1,7,1,34.9
25.964971248661463,32.37987147441801,31.86460610836514,18.346034379481786,3,4,1,27.6
27.863883683523916,56.076031942940126,76.69973009311961,16.566877234493234,1,0,0,5.0
43.58441523135025,40.60306956833841,59.18244134148727,44.82576105139609,1,7,1,5.0
31.685780586694985,45.73844516139579,48.882445908721714,7.514159445763768,4,1,1,27.3
38.91951151931778,74.86506426655964,64.87040886689454,4.712265633546664,4,3,1,22.4
36.352908990180715,68.45318438885033,10.218225235740555,1.090998405322302,4,5,1,51.8
31.889435467996062,36.791810608010245,22.312393905554842,40.18474233870049,0,8,1,15.9
21.754911910857096,35.57187311817739,12.665100049569954,33.58887746198555,2,5,0,20.5
39.88680105981517,49.982587858044894,31.598614133687253,37.41449682794865,4,1,1,18.7
42.91336511442269,82.96690496592527,22.503169027841885,19.42756381374689,1,1,1,34.8
27.84559644708652,69.14980911806069,32.709869028061114,37.38590273776115,1,9,0,14.7
27.130860161894343,49.484080709171366,45.79966206913441,6.15192894329123,2,6,1,25.3
23.898738892541605,67.74971249338542,71.37530887826529,31.613031241055563,4,1,0,5.0
39.44959286284305,43.10567506414164,15.903050764720668,10.175759692997143,4,8,1,42.5
26.528496028638582,42.52874185410745,38.74499477290683,15.809690961609435,4,10,1,26.6
29.677594903941767,67.92915034013745,44.535792998541346,7.15245687025472,2,3,1,29.3
32.831425455419584,63.50600734301481,78.26260207972035,46.17457968158013,0,6,0,5.0
29.948310845374596,43.00317290446646,57.54947442639239,21.03737454933302,2,10,1,12.9
39.03658019989972,37.37235894657271,52.859511778381076,34.01479806609545,2,8,1,12.4
36.50928878164771,43.69965657469752,58.838617111700174,19.664470672749708,1,4,1,12.4
44.18086712512891,44.60861011426624,40.6159666033498,11.7160345960451,4,2,1,29.0
26.11612847524724,38.503325484966254,58.59322581939968,5.010804309356553,3,2,1,20.4
30.44135244348241,31.290595232288258,12.573938176966275,47.46265091766217,1,4,1,21.7
23.67777864588625,34.700565018658466,31.74606784118781,32.80475890827512,1,4,1,16.4
43.25965499109165,43.528663137387504,58.616062449140976,7.56565414279175,0,3,1,24.5
41.554714119481964,86.05600002462762,54.77690777483558,23.383125835554054,2,10,0,18.0
23.00536742110007,65.67543483315903,25.4097847614626,29.437542514222937,4,1,1,19.6
23.97158349885362,79.08630351228794,45.14380825576544,39.595459463275965,3,1,0,5.0
39.72669687544034,83.59106784960123,78.16811136916778,37.23343934468764,2,9,0,5.0
29.083235950786502,84.35617265384354,63.45115889452714,16.97167889528732,2,8,0,9.7
31.797897557242777,63.93386488518294,10.603642462799082,30.152124979443556,3,7,1,28.3
38.15881456187323,55.45792802580665,49.575688911631715,30.20142481216812,3,4,0,17.3
25.3932728871301,81.16108530059631,14.264063100081284,8.907937006583005,2,10,1,41.6
26.763370619987498,45.528354048877546,55.92286398364028,5.867126829110353,0,5,1,20.1
22.099796925574225,34.66663199267848,64.50946972112064,15.884932059829099,4,6,1,9.8
43.43323836830048,73.24488014902373,19.08794309754509,37.948657415064126,0,1,1,24.6
38.135219002391075,89.7710847033071,45.514033533936306,8.216992180521654,0,2,1,30.6
38.92899723615379,33.8711714032582,28.137763004265842,16.545779758767548,2,5,1,31.9
40.90827210445792,87.78724626416042,21.88995994881929,25.279672001838527,2,8,1,27.7
20.38442125109594,53.99365372214497,77.6695014359137,34.030765410126286,2,3,0,5.0
23.188015657800886,37.748720044346506,42.11187926798713,23.879333382891087,1,6,1,16.5
27.065778074432764,32.19070320498063,35.53340164667877,11.423139641091668,0,7,1,28.8
34.37959390298945,84.92524487900322,10.108266861530078,1.1072492358469632,1,7,1,48.6
37.05602915903539,67.80344177415141,58.55249312073927,35.493320205597236,4,9,0,5.0
34.75093684512108,69.58137418135397,19.306606382727757,11.80142876031472,4,7,1,38.4
23.519410110326817,39.788725343217294,43.192410175414516,40.93731240854518,3,6,0,6.5
32.8606578412019,68.31415204412288,24.56522972222948,30.96850706607662,2,8,1,22.9
21.266090759262596,64.40830472175716,16.20535603513759,38.20512041120499,4,3,0,20.0
27.119171842928775,76.49085609467878,52.967381328097,8.97590393273413,1,6,1,22.5
27.166198148077733,77.4879790433339,71.08927398198574,13.930143660555661,4,8,1,7.6
22.82373413274604,62.0350962954039,53.95228617163992,45.107498772848295,2,10,0,5.0
30.654311794039053,75.66352516415418,46.39955365296802,16.704005043663223,0,1,1,22.2
28.325730442732574,77.81811590394202,52.299723938692374,37.037827719701426,2,5,0,5.0
35.22174081427961,67.79878157701123,46.642383789967155,33.11725424973411,0,2,0,11.7
27.43410988065223,54.43680936372658,16.00898929092022,14.380867646256013,3,0,1,34.2
42.224118930126124,61.1420503972974,65.21037301339973,14.247194313720163,0,6,1,22.1
43.37937372855165,88.18110271593824,27.793774151397894,16.145834915384107,1,4,1,34.2
37.197674318400786,80.06258417830912,36.365553429453584,25.909132730186514,3,0,1,21.6
20.58996210150653,47.154991195570425,61.70359756943173,5.73992699588638,1,0,0,16.7
26.203357952411466,51.62665595833592,51.5489155749919,14.3673865542304,2,5,1,15.3
28.178937627696577,82.41381864319527,44.29311334343603,33.90057100992539,2,5,0,12.6
22.621984645212695,58.51285695452171,17.64797565730318,26.86354186297889,4,4,1,30.2
37.80820070521972,43.91798803724501,36.775859181690755,33.22396745241882,4,8,1,17.9
41.44248408947841,35.492932699379324,40.13344564923159,11.885568337365193,3,9,1,31.8
25.273092006578217,64.48354101077933,70.05760866403827,16.13731444426827,3,9,0,7.1
32.10754793595798,52.8077651146983,71.57967768362536,1.7644884966292629,0,4,0,14.3
32.82628999120002,54.7193484269807,26.92602016500445,4.272484718409264,3,0,1,37.5
20.550482970563767,88.57984560264211,61.88811690038284,17.575122435713634,0,4,0,10.4
23.21503573641807,86.15444036323075,37.20368120561881,18.702321827123676,4,3,1,23.6
41.16705352315022,77.18483753529097,16.724853187810346,5.145426632028766,3,0,1,48.4
31.838292354773387,34.07458682450284,52.39805590600651,38.89733497606557,0,2,1,5.0
30.217740981591753,81.33025226498523,16.894829008954872,4.957788519575668,4,3,1,42.8
37.30221982605822,51.621370056894285,55.05663425118264,11.655690980356892,0,1,1,21.6
21.106448143027578,34.131928231639534,19.211341698916236,47.37887843433435,3,3,1,8.9
41.128166793545674,41.79460678996693,16.3917110886961,3.5694865046735025,2,8,1,46.0
22.49898011751695,57.91517599425352,69.76375299320797,38.13481834079372,0,0,0,5.0
41.94935595137403,61.90127990235679,71.64905069659355,19.056513800905233,1,1,0,10.5
29.775298481548553,37.52476312125185,76.59294661296221,14.501978374054826,2,6,1,6.2
28.27361722717326,42.87111233610192,19.572784608952496,4.501645116599562,3,2,1,41.3
34.49494939330375,68.5209981329248,52.83341582924338,27.40122843976211,3,9,1,12.6
23.661140146215004,33.48832669520207,51.40766018066489,46.473341381492986,1,1,0,5.0
28.50271192382995,47.31661161923603,65.75182955231759,25.658217108288383,3,10,0,5.0
33.0878195982268,77.08132404059636,72.5480947945355,0.7061129320553805,1,8,1,17.9
38.41123062016993,72.14117423374606,35.78500337137268,34.52794592386738,4,3,1,20.6
38.36301688437224,67.37304804990217,33.16183992141102,6.270507771924444,4,4,1,37.7
29.072189263094728,79.93749150614607,39.765182808019155,45.48056779768166,0,0,0,5.7
42.611962292790345,64.10032225169255,10.685946804583425,39.25711801611543,2,1,1,32.9
24.000335416011353,58.71230037511424,29.30009253164094,22.46914336358996,4,2,1,22.1
27.939960266887507,78.14439307985423,74.80964417574884,43.01373730624572,4,5,0,5.0
28.473272225817468,60.96325447407877,29.554939976258307,7.891228665191702,0,1,1,37.6
29.74440885897448,33.78995914080776,23.162287688859088,22.076000407730216,0,10,1,32.1
20.32142331940101,86.97402109374293,63.363918187578356,30.001855653350713,4,6,0,5.0
43.75800155060627,85.60712475721368,49.75473513187772,39.897079320792066,1,2,0,11.9
31.456209243846736,89.4997303639153,20.840082016532087,34.384529125019434,3,1,1,24.8
23.137053107357612,57.442818373864,18.65151017548355,38.06480135201593,2,6,1,18.0
31.504748876140958,80.0347936683238,27.648987596077905,35.56752328262213,4,7,1,18.9
38.44647545328495,83.52149650731621,69.33868398033815,13.113383841043092,0,8,1,15.0
22.969151043418965,52.836210662413585,37.38742306352601,7.235703354795037,1,10,1,27.6
32.508823431596255,59.3741259102552,25.36549241207957,44.73902301608095,3,7,1,16.7
39.53697412598519,60.8963534521786,61.90797906514616,1.1306858334279024,1,10,0,23.8
21.517662400103355,30.988775382682945,54.09678892973944,37.71194695182209,0,3,0,5.0
43.67716298165695,75.01157773763188,11.485201282271507,15.623915592560717,3,4,1,40.3
31.417132584461164,85.82761978826,13.721641760465968,36.73758295806193,2,4,1,19.9
31.53334945008558,48.348744338503735,57.37492717095995,38.61901905267368,4,1,1,5.0
27.74074708998878,86.78693840671988,74.64989534002068,45.97532422113217,1,5,0,5.0
42.921096063994426,54.706714514835795,76.17001525462143,40.83821333465874,2,4,0,5.0
28.6635586325529,89.40486488532483,79.42809804127111,47.88205044059445,1,3,0,5.0
23.54686218008071,79.73721135162447,73.0737680257396,37.995706630358484,1,9,0,5.0
44.303269247100715,69.49411172737541,25.11784073294926,16.841006889956674,4,1,1,37.7
44.72916463603838,58.672377909985606,58.16812709962646,9.611176605176485,0,6,1,23.8
44.88044710860082,72.57682720681478,27.697408899248227,40.411640244418955,1,7,1,20.6
22.971121011300422,34.57657974616849,22.615275476813814,13.054833815707973,2,1,1,26.5
44.65526456996148,59.197557060517816,63.06648095127953,40.044729621355266,2,8,0,5.0
24.269531293445482,57.1211095792915,50.349112406164906,9.349426032666258,0,1,0,19.5
40.63691013747982,51.41301937558202,64.27361699306354,10.994328370515511,2,1,1,21.4
21.252879389914625,78.11807380548986,58.06662688891723,48.91127942390128,4,0,0,5.0
36.96331607599005,76.83253515062906,46.35558656961372,32.20707925493526,4,8,1,12.8
38.41907895031872,44.31699421663163,58.63787924039875,41.43348531289182,3,7,1,5.0
22.131706312782853,62.249430496588495,73.45177242939724,42.898038298980595,0,9,0,5.0
21.06625875785366,88.86209953157206,35.72478820007437,19.482045936240233,0,9,0,26.5
38.19398999260645,37.725668807398954,37.89408397060407,49.9186014428028,0,1,1,5.0
24.811142049607433,53.90303541703737,54.74851650822603,18.002404068839834,3,8,0,12.2
33.297376275159294,74.85671619074603,33.93417692357123,19.10187279024781,1,4,1,24.0
21.25751312981899,71.31574250729187,27.217191257477264,3.2069048934675215,0,4,1,34.2
31.324508729426626,76.76203859694007,60.14259559054632,3.0168626781367616,4,5,1,19.6
27.728639407743696,48.244861454806546,11.391506282588423,47.394538012312076,1,3,0,17.7
34.83339878221549,77.89523485839783,79.87426975619461,1.62883870756651,1,0,0,16.3
39.85160095596517,73.08098238721874,72.36606869417716,36.37021984213735,2,8,0,5.0
37.235159293969936,58.479744442140515,54.81626551158144,31.96128790064815,4,2,1,11.9
34.285389367966765,61.33055263931127,57.13681317211009,43.62393289421318,2,9,0,5.0
37.65316071926552,60.317556819756405,66.36435594345615,24.406156700291763,1,2,0,10.3
38.73396014831961,87.30235371741611,58.60112984274115,3.9612707597887766,2,9,1,25.0
34.908978950572454,52.322321114275866,62.54097312641027,43.36135188910555,0,4,0,5.0
22.332944990530592,68.6014521115153,14.711873910768777,48.03704421502793,2,0,0,14.0
39.997640892312376,63.689635810807495,67.5087497221028,17.214472642261274,0,0,0,8.4
38.56430593932532,75.74093973869229,48.641793154082585,49.500670258789235,3,10,0,5.1
22.060913702621118,60.54516316791825,75.86846785749202,24.17526944947501,0,0,0,5.0
23.545465101736724,71.88691602023412,36.69042016112073,4.669975194925508,2,10,1,32.5
26.893214382976883,54.18788218070004,33.450860720469834,30.790225206538835,0,2,1,19.2
41.15215694296589,33.87075782589102,66.92991168784451,31.69499826360595,3,2,0,5.0
30.316238206486904,80.30156233166561,48.76580579881686,34.83513598325063,1,3,0,6.4
41.68576206818085,74.03714508793053,62.70616091602201,18.477434352937127,2,2,0,16.1
39.03393305384088,39.23193795970249,64.17831309644055,29.328755315744047,2,9,1,8.8
38.503069493839995,62.58033861618692,77.4820223175867,14.90891446480545,3,0,1,6.6
27.716628131385235,52.91043530878095,58.428497235681995,32.4018945217574,0,9,0,5.0
20.325925879169134,87.31447615913541,46.40590163927741,17.432162992966997,4,0,0,20.3
22.171191560924793,58.15307560869056,24.343243592924495,31.329704692371262,1,2,0,17.3
32.116103480401165,51.56993960873753,11.076870416485791,34.92970289277905,1,9,1,27.4
24.170119806821006,42.77649199473856,11.125034626750445,32.302788709880765,2,4,0,26.2
26.934871838816434,38.935878460043995,20.02046731348306,10.855377741161975,2,5,1,36.2
39.232565920254416,48.14854859658247,23.00647988798727,14.374449912397575,4,6,1,34.8
43.40754519900538,40.967352148371745,57.12063661005209,43.92844623932589,0,8,1,5.0
25.8801687001866,76.03889746119003,33.613260855431065,4.619747125405099,1,6,1,35.3
21.217381994576954,50.22962886641071,49.143671848604995,17.550560535064925,2,6,0,14.0
34.861018120447014,42.373117244617674,30.302224941250763,27.342451872072132,0,0,1,26.2
23.899460353879814,35.50390905129299,77.04126064557477,4.500053497483647,1,5,0,9.1
31.25501120884561,51.73274658052682,53.637410884543975,33.36660583629442,3,4,0,6.0
23.174148983269852,57.711014646996155,65.05273039343676,28.954389748833247,0,5,0,5.0
21.894987867867847,89.25968684037589,79.26215253423231,45.52332827052601,2,5,0,5.0
23.814727408834862,40.07012269681687,51.49324341105218,15.809208534717412,1,10,0,14.4
27.755936709826184,76.89410203327216,49.61328633423384,24.718800722813533,1,6,1,13.5
23.852665558542864,62.60183984944344,69.36238318699449,16.941326946713342,0,1,0,5.3
23.506144900722795,38.61316783009868,61.64958065545029,26.344473040664685,0,3,0,5.0
27.677989101041213,41.0793275894696,46.38102288521718,33.399160853070406,2,0,0,12.0
34.05543341005342,36.50191914852327,34.15336452876237,31.34356860428666,1,7,1,19.5
30.767737750422068,73.06742344428346,20.70687350969613,9.48355862416619,3,2,1,40.8
42.51943148112554,37.47531337368592,31.070219176272776,20.522556107564142,2,9,1,29.6
25.182366068348053,35.8431863697555,17.65737808412438,23.32174088031071,3,10,1,28.3
25.751369297679112,43.401523233946364,52.23605213096755,14.161125520337203,4,5,1,18.6
20.702958807761732,80.83291902592842,76.31273217959081,13.727330069617372,0,0,0,5.0
32.07676420165632,49.64056134328125,27.54576049785372,11.315603477305892,4,2,1,33.5
25.110717686663087,80.62696394421705,48.090259167984144,3.5118053757202006,4,0,1,27.7
40.45258753858289,78.34329702400154,17.570612645656727,6.934210659933587,2,3,1,46.5
34.21400349658792,56.4861469031766,53.531928958521014,37.23525242011551,3,6,0,5.0
37.24221835862177,66.27710932839341,37.58795062319781,40.731280926045514,0,4,1,15.6
29.23818653977047,39.07084263893012,62.00354487510441,10.368204622740073,1,5,0,14.9
43.48795805521358,51.5267427103889,44.9186821930168,32.781802450583506,4,7,1,17.3
44.1876094797814,56.072013662820375,12.292756246054786,6.032391471345234,0,10,1,47.8
39.315422449346485,83.14104475088857,58.55275199289151,9.691470006282692,2,9,1,23.7
30.981145134694827,78.66163203809475,14.519005555377202,35.06593479315011,4,5,1,26.5
22.70592767591055,35.31664166436614,42.28313750759749,35.18635707314098,3,4,0,8.3
37.805785215734026,42.610632658657366,60.67536362125563,41.3425439532962,1,7,0,5.0
29.276646459996407,50.92621137100141,24.587699702225954,41.94114560967755,4,10,1,16.9
33.761284088678124,43.26806228902616,46.3053749957386,33.516661328285664,4,6,1,11.9
21.7413293630847,72.2595552439534,48.78579371967639,26.805021510593924,2,10,0,10.8
32.55426087049877,30.107421712275734,74.60154732409676,48.36885063497998,3,7,0,5.0
41.89766063270473,58.93626341396291,33.45888571364944,37.905618529996666,4,6,1,18.3
29.803106689871232,50.44150667305825,31.72374200236824,43.27889194172181,0,7,1,12.3
24.438581566411685,44.18027746836896,36.85289923193265,49.461653854119405,3,5,0,5.0
33.475958969808474,56.0129508420395,52.19816999061878,15.607808377022842,0,3,0,20.9
21.56851265456173,32.25919173802671,50.46584395349415,1.708895448560338,0,5,1,25.5
33.35890293710601,89.4237228577262,43.1937371690607,3.328046627432041,0,3,1,30.9
33.80232527063817,81.94455931979724,17.581772818912462,49.29555912486705,3,8,1,15.9
25.629640734847037,33.09880058324783,20.86797801485002,46.33856203438657,0,0,1,15.4
27.031714040761447,53.3190316911998,64.08430919093973,24.472057904394383,1,6,0,5.0
33.059153758884314,72.14113767044972,49.88150706910391,1.464358424418677,3,6,1,27.2
38.323284711513985,89.20594282136074,45.822883841202035,21.92779345047569,1,0,1,17.6
28.67284344092915,42.582127640715626,11.798920165626695,11.308525342808007,0,4,1,41.8
33.6855767729841,32.08376975505683,55.42956032623159,2.369497304803919,0,3,1,25.0
32.60052329472089,37.94132455900504,41.44727599029706,41.43649869298802,4,10,1,8.2
36.53331798711844,36.64510448229354,66.71362754513027,49.20243263963579,4,3,1,5.0
31.46500602548938,84.95318782621766,15.183411406346051,21.830509388286767,4,8,1,31.0
27.019770619608508,54.22337456481154,55.009280162935156,13.974522133921752,4,2,1,14.8
41.63427809820059,60.52261086835635,38.94359400343952,33.876963206161534,2,4,1,19.6
34.39725195630187,38.87673178891214,36.48114586533322,12.001554836497919,3,0,1,28.1
23.123288676576305,37.50980657789353,36.28503958033158,8.822434452964412,0,8,1,27.9
21.182054623983845,33.988561874545155,10.122714116055588,3.5851489198249986,1,6,1,40.5
34.94552115955604,70.27780680309519,16.992439830760972,42.58182607059236,3,0,1,22.9
34.575550396589314,43.07312596049354,23.41321025232965,3.5637454992960285,3,3,1,44.0
22.275084801131456,48.21116427513239,56.71150170627885,23.625785566530805,3,10,0,9.2
22.049935875453244,53.99753012205426,71.86878525638713,6.311732374319334,1,9,0,11.0
42.07654744366641,70.0779406362411,65.10406555606598,4.30042968268764,2,10,1,23.3
43.7995049920648,37.44013421694325,63.60228962353464,15.979602710164842,2,8,1,17.7
22.89259701948456,70.18765575832485,56.02729101056599,17.00131810828937,1,0,0,12.8
33.56948448222745,86.53805856962667,22.76254395605596,32.299037495516195,1,0,1,24.8
23.99753729485797,30.56837221068376,62.362060266330076,9.209040016450032,2,1,1,13.4
34.315263864427365,41.931577577927506,18.311631987584573,30.359822259473173,1,7,1,24.7
34.91814601830873,80.30572808983953,73.12167314429831,47.137987064133455,4,4,0,5.0
31.517499196689307,48.096214686776165,71.61190522310034,4.615214688396907,4,8,1,17.4
42.66582503231247,31.53713122636292,28.73269162575879,39.528089347826004,4,5,1,18.9
36.51780336632448,62.653549498547925,57.77797354436519,45.8774145001318,1,8,1,5.0
27.6124531593683,50.29831620964035,18.75186445956133,36.07395318776748,0,6,1,20.4
20.728475215323474,77.07711184616485,17.196938010466937,26.610932279855888,0,6,1,26.4
34.61663088874063,75.0044389096362,20.20574714865119,31.034011011279063,1,9,1,27.5
34.89408946141276,62.246877846362516,29.22121471799046,12.484118966361308,2,1,1,35.0
43.25647971337767,87.57659808747675,63.80412891015942,38.375409848239286,1,5,0,5.2
25.686855672148603,67.37839783375952,21.172887519439023,13.456209498057724,0,8,1,33.3
28.004074629291438,46.796106953962216,32.49558929225022,11.719722061582393,2,2,1,27.4
22.26361715814723,48.00965075229618,59.75042082844449,46.41838697663705,3,8,0,5.0
37.61781530610237,82.17049214217494,58.202842161009244,18.494265638204148,2,0,1,16.8
43.365222414193205,33.08410489904965,70.60004021390822,25.131322807292474,4,7,1,6.5
32.977259182245746,71.88412131690004,66.63549754973744,13.597822507164658,0,1,1,13.7
43.78522592194055,63.040690835873754,77.25799290537798,10.81805789183744,3,0,0,11.4
32.41349229597628,84.85150093482704,46.08203579290256,39.641853639002036,4,8,1,9.0
29.63145924189461,75.91042170117103,71.62302812024802,9.66534218937225,2,5,0,11.6
35.43292727696374,86.44833697033854,56.11219184172859,9.69152085296604,0,4,1,18.5
42.65772627547321,30.055497470076705,13.759398780969963,15.050036450593673,4,6,1,42.5
40.946394703999474,87.41671255756427,79.48178199841766,38.92237116200123,0,8,0,5.0
38.80350612676571,71.9354578384644,17.426806733564614,37.24994116833897,1,7,1,24.0
39.16356086565259,70.56165797289106,30.967164844825326,26.805690782970608,2,8,1,24.8
42.91041943176554,41.33254056870963,40.84059432073205,30.305620203988,3,5,0,15.2
28.862459439544047,37.85228647564825,51.57790358425225,45.016056537246534,0,3,0,5.0
26.78103483401801,61.2302152807853,33.04168340283252,23.961717826282346,3,2,1,18.9
23.375841502007024,65.1264132592707,56.16994507792022,49.14039197551338,4,0,0,5.0
26.60182806021149,80.21191953300449,37.778579355842,3.888436188221273,4,4,1,33.1
39.10233677755838,64.45588846642816,41.7260578891412,26.82850990060272,1,9,0,20.1
43.264768036520564,33.575278881836304,30.012281103834056,33.459561328022644,2,3,1,21.8
36.461555866219484,38.02853783099573,57.55849660562771,29.718027016304937,3,8,1,11.5
40.16932771901162,67.4945175619572,22.222404168882516,15.496564847161837,2,9,1,37.5
39.36125786224291,50.70219698677572,68.46340535895887,0.4074505667526651,0,5,0,21.0
40.224716339939576,47.55847390152077,55.44998270787844,34.59134967387343,3,5,1,8.8
34.90901215962925,81.89567829740042,48.13671169630575,20.2725678001887,2,2,1,17.4
28.917698468159497,59.22674152885982,20.025025903974804,46.39052912323277,0,2,0,12.0
36.66519600833882,57.7367966046492,51.40327522354482,26.931466346678228,1,9,1,17.8
34.78784398271998,56.8143142984893,21.366415938011837,27.65750904452477,1,8,1,30.5
44.18318264105207,63.16639120310436,16.475571366196597,14.206078533044819,3,5,1,41.0
22.655279146039373,35.59977681407335,66.24719970954655,24.389098179405156,3,10,0,5.0
21.019103817573708,38.04718925064611,22.4971917409331,31.210588921695763,1,2,0,18.1
44.642574729135276,77.71535613237005,68.39855301640037,27.910121954591315,0,1,1,6.0
22.438878741006683,46.18506721717242,67.50456209344253,14.681859941228975,4,2,1,7.0
22.63084450868847,73.60673578340067,62.29186076649459,35.928573378780264,3,2,0,5.0
31.0101042196123,86.98348419787385,13.612252799431026,28.708026699728567,3,3,1,29.1
31.6172337588496,85.74808543255358,21.96602902593033,37.26772604037391,4,1,1,21.3
33.565896093648654,31.616527613755515,12.74045493820615,39.26831621344897,2,3,1,24.4
22.600924447614638,67.08583976112254,31.424479256987023,12.569126646646056,2,10,1,29.4
23.02343013778266,71.38119561895604,14.816859194003833,3.4239295974182293,3,5,1,43.9
42.43315839642132,37.673198347953985,45.37880278863561,5.00522108027821,0,6,1,34.5
32.10978822171897,63.16752786345448,69.0086531734014,17.654988900262484,2,4,0,9.3
41.972955186766086,89.367097955975,77.80810680512076,45.35181089574534,0,2,0,5.0
28.39681076856258,79.594952332441,79.41312845623926,26.629361928063066,3,4,0,5.0
44.2424087740781,89.95442671307185,29.704987134237793,13.249786359903565,2,6,1,35.0
36.504821026967605,34.96892848231022,29.578565688261893,7.064033623546773,1,7,1,35.4
34.21965236239162,78.44724859473266,43.90079230727774,40.288576772462996,1,3,0,8.9
32.5473771467686,46.09890189539482,10.542550629166598,10.316288856975998,1,7,1,40.8
36.84989749769383,56.63574287615563,58.16308252821202,6.547626456115885,2,0,1,23.4
35.15380843072002,65.61673562259807,61.74721799520789,29.55428275017274,0,9,0,8.8
41.08416089535032,56.01696233538953,27.671059972998282,25.542525104716425,3,0,1,26.5
33.85573716153233,85.41145111141526,33.62799003700087,0.5144275663516995,4,2,1,37.7
39.837352154902135,46.5574586627931,52.66207909239064,9.072578028102335,3,8,1,23.3
24.84121138771399,62.670559756819536,33.08521138339202,9.33699261287178,0,1,1,27.5
40.31314004619596,70.61169958195372,37.71787131716121,27.868072718721525,4,3,1,21.0
35.239436847816485,31.59698103284636,73.4010717107665,38.28565610965129,1,3,0,5.0
43.98946580130824,58.080479963352076,36.79107544631709,21.065974502330707,0,5,1,26.0
43.7607137704431,82.67299043314569,49.46960160716324,24.337894490148738,1,10,0,17.5
27.53887537715476,30.229426858578112,11.892891098157385,17.284593183410912,3,8,1,34.2
31.964417669057823,81.9548269129892,30.446562896457408,24.67891519067123,4,5,1,24.3
41.97188782095655,66.67674758121797,70.07207974742784,35.40037333133477,0,6,0,5.0
40.817040823719886,62.97933908563756,77.43854428225745,27.230568447449734,1,5,1,5.2
20.738152140163447,61.61893514687537,23.44774007864359,16.52039097156745,0,3,0,29.3
26.703786012903837,60.26011267262713,40.436890058744524,8.220214611950489,0,6,1,27.4
44.14533338092144,41.95868942687584,11.736012601702908,24.019758431249656,1,5,1,37.6
34.41723168689005,73.5758641109273,28.064129594787595,15.653523399594931,2,0,1,29.6
25.058107666254866,65.31716604736734,14.702425850391588,4.951014741770138,1,5,1,43.5
35.42757727554985,42.40793751997458,36.24816971729753,20.964916385327598,4,0,1,26.9
43.95142983949647,42.45735442247571,45.57359033142874,10.161434225508598,2,1,1,27.7
43.60647558141635,55.80007174263994,79.64839783099978,0.7310056819066157,0,2,1,18.0
44.2478522660889,51.60422905363387,73.60911859702428,23.054741525534972,4,10,0,11.6
34.7756600355979,68.42604847146714,51.78325807385246,15.17683511754775,4,5,1,18.2
24.1617387197608,71.67242893520364,31.590110633889868,6.851114865040497,3,9,1,30.5
25.86577151388562,30.936078755009323,12.12790868254573,39.56888389720092,3,1,1,22.7
34.695894337720105,71.06254527321903,28.083083032885582,26.10998358676197,4,4,1,22.0
41.39942239602681,65.00262283329289,71.57142878102154,21.865709720375232,3,10,0,7.9
22.80775082174309,73.04400831677569,62.68341499308458,5.282760006095577,0,8,0,15.8
25.930518729771293,30.603745654926186,17.100227763806934,8.218489972191067,1,8,1,38.8
36.12414832203646,58.16170925873105,24.117222264025777,15.457013909453405,2,3,1,37.6
23.582948718895487,86.73683527933926,32.29665945501086,30.782997029777015,2,10,0,12.7
42.36129620987696,75.6434908311117,32.10060498700663,1.4626211585365978,3,3,1,39.2
44.11367935248212,62.420153159753944,74.56340259928987,15.733056321757937,0,3,0,10.4
26.125903456744155,89.6544653228991,78.12525465237614,16.892231806878073,4,1,0,5.0
32.71533318367093,47.31100706554261,47.288062895630645,15.722339123641731,1,7,1,20.6
27.600612872614406,47.768450281154415,72.44228344414319,16.0579395250472,4,0,0,5.0
20.39307705519933,71.26890333432107,43.35294250080778,3.3479071837518304,3,0,0,31.9
41.102783826161314,40.58030785057629,73.58730168942051,8.834761483099179,2,1,1,14.0
38.99686720780597,58.24981039138064,14.60524109196589,39.75395817157791,0,9,1,25.5
41.33281670778511,55.544853983753406,72.28607265474011,21.294694747205934,4,9,1,8.4
21.38703675981853,52.56589997199758,54.30495832316619,47.62632309636422,1,1,0,5.0
30.001371095688874,80.62304355430902,68.41753035032572,20.59700374675374,4,7,1,5.0
31.17750190020257,37.87275206734967,75.71275415085492,31.23772103298074,0,2,0,5.0
28.072542492698236,89.92097371449465,49.740837780514795,35.22574646379965,4,9,0,5.0
42.20699224432498,43.94545387085997,13.16803624204235,7.125015980172073,1,2,1,48.5
35.29474460307275,77.6369980014752,30.47850978337573,49.77860737257057,0,9,1,10.1
37.41438769977461,66.20782003213702,25.2164497192815,16.187328249678956,4,1,1,31.5
39.04150961988219,30.132478397759378,65.44516726291825,7.433975635012047,1,10,1,20.6
37.16276259788797,43.69780531286413,16.47664434097075,42.54653913087246,0,4,1,26.1
32.340366944019564,54.90400618107463,39.798344799988094,34.27791954376428,2,5,1,12.6
29.812567730524133,45.797300503413425,70.61295626176219,30.094647437670226,0,10,0,5.0
40.88844328570609,39.14588748559123,60.521452772205485,3.018634942332005,3,0,1,24.3
39.2140060200142,83.12318146361156,25.2784256394321,44.968714114566495,1,2,1,18.3
32.11296109304191,51.758153618672836,57.97555594635591,16.80123767216677,1,7,0,15.3
23.108390656913002,30.11221276647478,50.79625771687283,14.871139509554753,0,3,1,18.8
43.446035768225585,41.67392426928079,68.12822766637359,16.57878736609864,1,9,1,10.1
30.01287077955298,32.166155015710224,26.48056570188379,14.058215085630444,1,1,1,32.2
25.779078054328117,70.92301491319446,66.23271041211736,45.409312833586206,3,0,0,5.0
41.721664052812265,84.64618821965254,61.40691103384266,9.092848905758371,4,7,1,19.3
41.63087076532923,30.1493279867628,41.921338380382906,46.939445078752534,0,8,1,6.0
25.867491550239322,60.09908931246517,32.40261853435976,28.083975323909637,1,4,1,19.6
40.99058675249624,63.3343320498526,41.45529654349296,25.628527706780396,3,7,1,20.1
28.895378340372147,56.689090975530206,48.79899570386589,32.52639540413876,1,5,0,9.6
40.51656740302427,45.05152722213353,37.558052173038234,35.65513819133553,4,9,1,14.9
44.937101439590776,31.923906438101387,15.139650414818924,32.310593598890655,1,5,1,31.6
26.164995007685885,39.235984404876824,14.677142236294344,4.634536148026724,0,3,1,42.0
31.48816929128546,44.340985502063596,13.848635420819857,7.1473426258990225,3,8,1,41.1
33.20109357129982,32.50916397133265,79.65004292475489,32.90487932989031,0,10,0,5.0
29.36330887173835,32.51386637794689,35.46660019128801,10.043195407286715,0,7,1,29.6
24.363381524433088,64.98221420378624,36.7552496277051,8.396855341397414,3,0,1,27.1
21.90664738269301,55.45237479265219,65.33899595059137,48.86427442341495,3,10,0,5.0
33.77689689250076,37.92782105907763,25.417695512759217,12.137240147652012,0,6,1,36.5
36.15114231644007,45.95356441644186,60.64287098966505,21.169002209523818,2,4,0,13.6
34.195834795232166,89.35821552494986,65.8835714467819,2.0007257036580017,4,6,1,17.4
26.178628872288506,76.988215884976,57.28223208396296,6.652155209343208,4,10,1,20.7
26.27596997505497,72.33998336824855,18.952810731048913,33.24840739588599,1,2,0,22.5
24.59755203050445,62.11539701289725,44.5452000081645,22.75275687827265,4,8,1,14.1
39.73909034561823,66.16428875754443,54.58667079532896,28.982493891413164,1,3,1,10.6
21.71092297273683,75.37122812030665,10.662060462590512,35.83235899458004,0,1,0,22.6
37.914357278231726,33.23814826180241,56.375891239538944,4.747200497060739,0,2,1,24.5
30.444320280276354,69.92171772821548,41.561249222733366,37.59131210218436,4,0,0,9.3
25.772398281931682,49.52560241546466,16.242544391364504,43.07665067417576,1,7,1,15.6
39.255769650384714,47.86001845448185,33.247126136207825,38.77678968053914,3,5,1,16.3
22.621672960298696,79.2983300292138,63.68033058849385,47.550487121316465,0,4,0,5.0
23.282071152422393,72.00113121140222,55.308778738622294,41.19638378759568,1,3,0,5.0
26.778449004749536,88.47395146096179,51.21231368491344,27.72287865481511,3,1,0,9.4
34.541669286059836,89.14272330617166,42.74725464088925,33.04054928270901,3,8,0,13.4
28.6526341009358,79.27777149852884,20.890067149963173,4.566404342815689,2,0,1,43.7
20.171080346079673,43.833590013806074,32.17430721641348,17.654663171826808,4,1,1,25.1
22.4362226215428,49.87557521050687,54.62570900346354,28.202960172950814,1,10,0,5.4
44.78580554753045,41.336923126724514,39.708097936417076,35.39978586353775,3,6,1,19.5
26.170293354069003,52.48427896425106,38.33476233314693,42.427067050835284,0,4,1,7.4
31.283000548854787,61.77635271005038,25.756381928236213,0.8427064437658394,3,9,1,38.9
31.900023384177203,60.94308969116753,33.39451290756815,41.39791692261643,1,4,1,15.5
43.59279050291795,52.2351385810507,57.56581664918306,16.98098930548374,3,8,1,18.1
40.017546552954286,43.2876770548625,50.63085374186345,0.8476654691419283,4,5,1,26.7
30.71918576578392,36.6732261670429,68.59570393795691,26.678530790973713,4,3,1,5.0
20.98897787537703,89.63576219664888,35.291749721037476,12.846860443644402,3,3,1,25.8
34.13523265563582,37.13578018616501,61.847697200955054,22.51884447354971,1,6,1,9.4
24.403255942678967,85.60577193057112,76.52274161315964,46.69840612638769,2,4,0,5.0
44.4585845490911,66.50047286719288,21.7265562430502,29.224831137274336,3,8,1,32.8
29.061049287342563,88.14874758636896,69.64387600934998,14.973433567816668,0,4,0,8.3
32.62746056950998,76.58579799388453,13.303845420689393,4.080478031503365,2,8,1,47.6
28.628330270273338,57.2757677168659,29.295205648549256,35.22505649854173,3,6,1,16.7
21.289558711614454,43.31899192619042,16.586424520988214,30.599107820280906,3,9,0,23.6
25.7743925833185,85.45010681945625,39.05582344857925,16.344839127279176,2,5,1,21.8
28.03572624891666,49.261738531467444,77.48127639994826,39.06480269333555,3,0,0,5.0
30.21939121551575,50.3719660384484,23.768411740226504,27.47067820091701,2,7,1,25.1
33.10789192889354,43.14121992383555,61.639393224421426,41.97009049144804,2,5,0,5.0
26.012943734449152,81.13294568194391,35.89804546058832,17.64980585236048,1,10,1,25.7
29.45865092679064,80.42879915097075,57.296043127708394,14.285222775684192,0,6,1,14.6
40.86334484581653,75.66815092156234,68.44731388204319,40.950601229478,3,3,0,5.0
43.29425938551155,47.89857263526346,66.02858537720056,19.181490942418133,1,9,1,18.5
24.938551944970285,30.13680094422459,59.53419141728183,45.76376657652928,0,9,0,5.0
20.24778766618041,77.03438888336619,45.570822032421276,33.003660756685235,3,9,0,5.0
44.03558454699616,85.70548639926487,44.79938918556513,48.61044344707064,0,3,0,5.6
23.389905149507435,71.96611228370001,59.46005907400957,15.840665769551238,2,0,0,10.1
35.03995650108341,89.42294639470036,61.335398821712495,11.152742066259675,2,8,1,19.5
25.01076594229611,47.65433212271091,17.444421613790254,12.070304276385652,0,6,1,35.4
26.040362499585598,48.935288696553215,49.77779411912907,6.595220838625099,3,0,1,23.1
36.01043333868607,81.5088543602764,12.558350298703948,0.3724223169719376,4,0,1,46.1
26.06168135885397,65.83303314191977,39.916895224844765,11.701011182514925,1,9,1,26.1
20.50258116094292,52.40742621878063,12.551608064134495,36.947746864752936,0,8,1,20.9
36.84151557669827,32.208082499552155,53.09833094023965,0.7116115249350741,2,2,1,30.6
37.44643175428922,43.75117173353494,33.95668045834321,49.81781838297052,3,3,1,9.9
25.196096374530825,41.82023618845179,65.32016979312345,5.941963428603881,4,7,1,14.1
38.12988768767457,43.92641194415259,20.51658545071887,45.93946880808557,3,0,1,18.2
30.606076386646066,64.82657672261328,65.99164658306921,36.599694906558454,1,1,0,5.0
32.262035512879805,42.79530164866462,59.90301105866734,35.54085672105553,2,8,1,5.1
21.043738559087632,81.27470422696476,75.40417413434047,27.753580281505247,1,6,0,5.0
44.35334605016732,64.9953944054489,21.327189420736104,43.48021480400214,1,5,1,18.8
38.18860654210441,69.44467139900763,73.0851534270579,26.18784969116643,2,6,0,5.0
33.01499745123729,59.77568871844037,45.0408057858692,18.210128597368325,2,2,0,18.0
23.741863473108268,51.49666220893228,35.180647075358124,43.66243602825543,2,4,0,9.8
35.45849052840717,58.329219546481646,33.32480336466413,20.34208892298286,3,10,1,27.0
41.7754972458401,73.46446475088067,70.54327516156414,4.010184265316341,1,7,0,19.3
34.819043958816536,59.98903697831537,58.40799391923813,49.69487548379283,2,9,0,5.0
38.007603049129614,68.01444454253202,59.214316504263806,33.09128872166152,2,9,0,9.1
40.875303622755716,69.13583185769991,51.226922664832166,22.048863090489217,0,0,1,18.1
36.54147183514199,84.68354433050092,23.10359922826423,35.95232258860002,3,2,1,23.0
27.68489276335717,31.35076972322217,22.428818473113203,34.90042105190886,0,7,1,19.2
27.784446861302023,66.02651597201452,54.16236111063289,19.27896988004963,0,6,1,14.7
42.84061199225221,31.343379663171447,60.83086716853446,46.355590394305935,4,1,1,5.0
21.09647102092677,80.7285302910918,26.16527706820851,36.51466142208978,4,5,1,14.6
41.93033630414489,80.62709854080768,72.88577880340495,47.91316862924912,3,6,0,5.0
20.8116669972071,85.26767388181614,57.76130458851626,30.044482104977977,3,9,0,5.0
42.155070774380164,76.33831502880078,32.97375877835982,28.919402231233477,1,4,1,28.2
32.070390005055316,77.19613674171167,29.979667328504544,1.2535235262442213,3,0,1,38.4
30.506784841909138,40.42688046930669,41.313865838783826,9.643835955421492,3,5,1,24.8
27.66866442145029,53.686962408425586,72.7846682783291,32.88503807565492,0,0,0,5.0
31.520261350159494,57.18637614751329,56.37483817470843,11.83539208699787,4,4,1,22.0
27.16018131587901,56.928125288614794,59.39246951215702,35.713748781350496,4,10,0,5.0
27.78102233381361,66.54164835689365,47.52603599980353,36.201815568061605,1,6,0,5.0
29.664227425219075,40.00709396225974,49.42862852870091,1.6241687692155615,3,8,1,31.2
29.12087911783576,39.53335226688974,37.07926831050581,1.2335750759641884,0,1,1,28.0
28.622177921439857,68.58628255891375,72.05127026118008,47.00388664533382,3,6,0,5.0
43.81361594687116,75.46263303284084,51.95710105229674,34.476223201536136,1,10,0,8.3
29.554715360517548,78.37907644128217,37.87163532154409,7.844712914400525,3,9,1,30.2
23.202059728261865,89.84981699269862,10.944501138102277,41.190241566916384,4,2,0,19.4
35.9209149477323,45.60134850140191,49.955550108160914,3.7272494423561344,2,5,1,23.2
29.847530177285094,82.07226347976092,47.94483968881925,5.162690107135198,3,10,0,29.0
28.414335413969823,67.47288573080824,17.899084664441645,23.485121081989895,3,3,0,25.6
35.09548634036514,51.04335371934234,19.363980583927603,46.73086653913386,3,3,1,22.2
24.833542802201105,82.76531064994612,77.22702550983735,48.967188400308196,2,2,0,5.0
24.175149651632736,77.8086813178986,38.77395964541276,28.954470081564214,2,2,1,16.5
40.21268569368252,43.394104459615775,49.080995320772246,19.790065713802168,2,7,1,22.8
36.27170058974016,63.717715724406965,79.45460833604102,8.538333325585501,3,5,1,13.9
30.862310836832066,59.786790333340704,20.12372168204883,26.73671123285558,4,6,1,29.0
42.784426226940646,36.006293073143205,68.3449253510502,8.035698409971449,4,9,1,18.8
44.81464109104188,36.25471372723584,30.341778158845027,17.18358959817703,1,1,1,32.7
24.23410750556169,50.95752774841942,58.61471051221078,38.81721365329839,4,9,0,5.0
30.38065304691692,54.07844534431969,59.111877805725676,34.05659097733324,1,10,0,5.0
42.03225656748599,67.55764849837809,55.91640545799938,19.105145599440437,4,7,1,17.9
33.249943636536216,40.42996036298211,58.59794135516454,46.70182080827462,2,5,1,5.0
36.740512882969,37.00369130456266,45.52920910612074,42.5594246417367,4,3,1,7.8
34.64526354687105,77.13983095712594,59.893885888894054,25.338658787947843,3,0,0,15.5
30.372387153266573,63.08158271287533,71.74854117466256,16.985453713400023,4,9,1,6.9
39.888682505517295,88.68460801671328,71.08822258020992,6.528303665919932,4,8,1,17.7
36.18859339195069,58.46967210871184,60.02069879179949,39.884925396292296,1,4,0,5.0
30.789118587527557,47.3378025729989,12.34695387394521,42.20148283388496,4,4,1,21.7
42.57532677590926,84.74343362242033,57.6747787254875,17.719340819559847,2,8,1,15.9
28.78946705099174,73.91210594923005,54.96309814984218,26.43174309986988,3,1,1,8.6
22.359420274545975,41.49874014888228,39.294666151275884,16.018783745687305,0,8,1,23.3
26.817783568277616,79.73355012113784,70.38887383118198,42.11101895880656,1,8,0,5.0
37.08639617940113,73.11837555049736,53.87956461999886,15.235209217636807,4,2,1,22.1
22.931110998275376,42.65476690794838,39.52022592349786,34.2632673347344,3,1,1,10.7
31.061749116269255,46.65252713193655,29.465202466267424,47.13367676054499,4,10,1,11.7
39.718423333175835,31.71739421118967,41.468496665060385,43.56120982546393,1,3,1,12.3
34.51974311505593,76.92257262143559,11.347146426357092,3.532310606750033,3,0,1,45.8
33.29417519097909,32.60340960390601,41.33812220824278,23.460691779515088,2,4,1,23.6
32.777911202742985,58.07956060510001,62.18455652818727,1.7273817344345244,0,0,1,22.1
30.907575456045443,52.454684855430926,47.33019654128878,42.643888478574134,4,9,0,6.1
24.94723978111842,30.69980930332925,78.15926649842903,45.72646029493052,3,3,0,5.0
21.262776135891574,39.719225369236746,53.74748334828422,37.251473414619355,3,9,0,5.0
40.7361568919081,49.16789694060531,31.577547014911286,14.106195040610709,3,1,1,32.9
28.199797087998213,87.37312496231152,25.657698624948075,21.69829201227368,4,6,1,27.6
42.62437725341704,74.99982610168266,18.782279944507547,20.59426800120232,0,5,1,38.0
38.12544737331153,72.22143804112862,43.91768364230266,1.5529013671938874,3,4,1,34.3
25.3642435790358,63.91930702478811,13.828134200808805,25.24858792659511,2,2,1,31.3
37.21962435390337,34.01105272904276,77.11187184208617,48.42336964692548,0,2,0,5.0
36.179228123823,68.91638198651592,29.76003398493435,14.464755036856797,0,1,1,27.5
29.536553968375188,39.987995265412,24.369944286360276,27.571988136306697,0,0,1,26.8
22.469438018665418,38.3012070436927,56.05883094024635,39.651766646607925,2,9,0,5.0
24.155274102730992,42.3030646153515,32.623258159701265,0.439005260068992,1,8,1,36.4
25.554627462477953,53.72780509480155,59.10027216326199,46.271151102906785,3,2,0,5.0
21.330629003604507,43.89148883376237,32.31084006267057,32.090821388350946,2,10,1,14.2
23.864629342646143,71.35408637739934,66.38613383565712,28.907348530889543,2,10,0,5.0
29.826250543153805,34.02947179625575,28.14261848457224,23.81895076247927,3,6,1,23.0
42.77534089263955,49.220244363188904,12.71832278982416,22.12440260631055,3,3,1,37.8
34.15709301663276,39.31335942609846,10.57446357640566,39.29654131295292,2,7,1,22.7
40.3483389466977,89.36216479726127,72.64387302694038,34.934176426652854,1,8,0,5.0
39.623773894359566,50.20341743420739,47.49048739072428,39.52786937937,1,6,1,8.3
28.228662091603947,42.475709006887094,75.01672003695447,2.675937478928697,1,7,0,12.5
42.79058678683518,62.4871394549759,32.840100447750544,34.26679895196267,4,0,1,20.8
25.888566404792908,89.23491295286337,68.2566539677191,26.444269912076557,4,10,0,5.0
22.104253450174774,52.01095846852132,35.14334558078251,9.178759160085564,2,2,1,29.5
27.399538580925622,62.63598790646239,64.39485714831991,28.765240439405527,1,10,0,5.0
20.916735933322766,60.683251887690425,71.94763413198467,18.12634290536323,3,3,0,5.0
29.570642557779838,31.828281953523035,60.423804368471316,24.192689861261872,1,2,0,11.7
25.10806248293802,73.43610428172514,16.290852622487986,0.6226162357797826,4,7,1,43.0
42.3741864590744,30.830957847826117,22.666672242293295,6.524127540459551,1,10,1,41.0
40.7268903032149,73.72913669788655,35.24914600323538,18.668535719565128,0,6,1,28.9
25.774115992259414,71.69542655858497,25.216406157520595,20.409301096089948,1,5,1,27.7
42.31171196351728,43.377041062099366,30.03639364282964,42.17521485266499,0,5,1,17.6
39.435627140224014,58.16644429229362,15.345641439928423,39.365480758994856,4,3,1,26.5
36.38764255186349,40.120609994702534,51.61103377417083,32.9722588520096,2,2,0,8.3
38.80841934030106,53.137838460192505,14.486121019312812,15.470124204356706,1,4,1,40.0
23.05407570564703,88.64402362243314,76.27449093812105,49.07915871513081,0,6,0,5.0
36.59662256278129,81.7065336310931,36.38782360281051,14.98931122114624,4,6,1,30.8
39.67075562307595,49.99301689732074,24.378223740106442,39.43704604683253,2,7,1,24.5
37.98119253819169,47.144215672806084,19.319636646070983,46.952427824313574,2,7,1,19.7
29.85641042521612,65.09834547052553,17.39937588750378,25.88540217912178,3,10,1,31.2
26.03048166388141,86.78302812015156,73.3873051863954,24.48498097911596,2,0,0,5.0
33.643283928993725,38.305455377893594,42.744102621790745,31.80894385858718,1,9,1,14.1
38.68649144901843,76.74668982945616,35.75366039549452,45.27109405796978,1,1,1,11.4
31.797841726946434,45.66069179064449,47.48451117060572,24.729375060201452,0,1,1,12.4
26.38298600272305,75.69298949947166,49.72469044708852,43.11108909624915,0,7,0,5.0
27.919821618223978,83.33587237999959,51.40064586640777,13.571673547129247,3,1,1,19.9
38.81890610556309,74.696551974625,16.992153903096963,15.476463547157943,0,10,1,40.4
21.24480335132829,83.25999335669033,65.04249113769758,41.39392167804658,2,5,0,5.0
24.839047904989155,87.87718460086069,39.438408173089016,19.32757632496065,3,7,1,17.2
41.94565373161541,74.23427152981654,43.448989280870975,27.652558024629442,0,10,1,16.4
37.23801562802883,71.67506383240007,32.93768949867363,47.465201462952045,4,5,1,12.2
31.783608833172913,81.42894170014199,54.91051562604716,45.604491236300284,2,5,0,5.0
34.761655855629954,66.67902060215607,11.837165483261371,38.117465821128654,1,10,1,25.4
39.88613115887318,88.92851025202378,70.77864504657238,18.697963697387713,1,4,0,11.1
20.55146117519881,56.40652230543211,72.43768998405207,25.74881557320693,2,3,0,5.0
37.91414662966278,73.47471087320348,78.69813470660132,28.88007285381997,0,8,0,5.0
30.671941610951755,74.13724020731101,54.66093154676665,8.168716327363823,4,7,1,24.4
36.98732361904888,89.71627448374014,66.8524046087968,48.878477695041965,2,2,0,5.0
27.452201393925257,58.29529179641052,17.584010603046806,20.577375503571766,3,5,1,32.0
38.16980266421335,78.60047667308328,29.117071013345427,26.038593745119442,3,5,1,25.5
39.51987345352697,80.16370633795825,39.38049343005886,3.4995823100380683,0,1,1,36.6
35.70576132892758,38.62625659654573,47.60612650577964,27.486220903452967,0,4,1,15.4
32.793708459793564,82.41271487647455,75.72794325003738,33.96024560362311,0,3,0,5.0
20.603900225222286,75.19334310547396,60.040137864343905,6.4209595084689655,4,8,1,16.4
39.55783441113294,50.86311043218244,34.07136084676259,24.940491597765185,1,4,1,23.9
39.78831581687443,39.61441940806109,11.539198463043327,29.958882567291393,0,7,1,31.9
44.622529191155,31.92208419669403,27.757582878344746,26.945732786061683,1,10,1,28.2
26.95977563435969,45.81956466630508,19.188004415289495,3.2645414294292294,3,2,1,43.9
29.286589619583626,63.81376195726638,18.024962298153074,23.570871686214407,0,10,1,26.4
22.81680937124681,78.71558742551673,78.76937699572798,41.55061750408037,3,10,0,5.0
38.38263172054739,44.24308254324205,76.85469455431995,46.42717846477895,3,2,0,5.0
30.109184454788377,53.88519656845693,10.85684599781247,10.26263286122575,2,10,1,39.1
34.09559336253751,65.18000660337339,21.39366229033618,15.937646331388471,4,8,1,35.5
28.736051872734464,83.11170864381,27.773986965567765,26.67089419796235,3,3,1,24.7
27.054139272671794,82.49133980341853,52.49222397942148,32.56426708855955,1,0,0,9.2
30.1314029185734,86.69008667711383,40.10124792020847,34.927623317214625,3,3,0,9.7
43.82276302060609,45.71071489490633,38.05886376931808,26.153017157120377,2,6,1,21.2
21.019035148847028,48.8369028414637,65.71946890754366,19.07912825355922,2,9,0,7.4
22.219639195461607,41.686364661603214,12.781293119758812,32.01633515861136,3,1,1,24.2
32.44844020140938,66.5870695001324,63.720902782022684,7.220223897049199,0,4,1,19.8
39.92186524756987,84.61383563537558,47.356697065397945,6.956587084704774,3,4,1,31.2
24.731021051408323,42.44191021394089,59.560895311031,5.879246481018568,1,4,1,19.4
37.97750452784325,64.51580185436654,71.12042647006164,24.158759438883177,0,10,1,5.2
26.288182051858428,65.0880501030035,68.45071260364784,33.145018327059695,3,0,0,5.0
40.66072398631592,85.30254815301669,17.575105571730578,1.3901279387405319,4,1,1,49.3
24.96313061843947,47.9645687163609,61.55576446058193,3.6755767020734185,3,8,0,16.5
44.559590597942076,30.072839986269134,45.35660421769565,10.176503483493216,3,6,1,27.9
20.338531381880497,47.73746992230163,45.84972422747708,11.526667325612017,3,2,1,20.2
40.28407407795392,65.72456350524902,24.427339109378124,29.931286378132793,4,7,1,25.4
21.973702611805574,59.009194859248396,12.523293778471292,3.2585790586551866,0,10,1,44.4
31.836585875851387,45.419588997864274,58.71544823410099,0.47760214221557185,2,6,1,25.5
21.419797021610748,42.75457391563647,31.52422746943082,31.579535401225638,4,8,1,14.9
21.908696242194587,54.851408901374484,34.80885230423277,10.802380237460174,2,5,1,24.5
38.0636061914431,70.82802159545119,78.84848205102998,2.22691008498232,0,0,1,11.7
27.646656012897516,46.20687399725739,42.38173091826904,14.632571233603187,1,10,1,24.0
33.473555585053596,75.78404957180778,57.28484706916619,10.377421725888148,0,0,1,19.9
23.473678885089114,46.91548935209764,28.358353506018233,12.05063476613239,4,4,1,29.4
34.27223886738448,37.75520882502404,18.17545305099523,43.84003055497034,2,8,1,19.0
22.121498152868796,46.43007776972598,28.631938519530028,14.299915104107964,3,8,1,26.4
29.239418172055473,31.663250210598278,49.07989240361204,8.249135314031026,2,6,1,27.7
23.920595158711684,40.870408231367335,73.2250999432647,42.890828591982924,0,3,0,5.0
29.230878198744517,89.94999125308348,21.08693830526528,36.04207368491173,1,9,0,21.3
36.56440703373909,78.03471978081652,76.33701676429708,3.0982041279958294,4,7,1,12.6
32.24313283538223,74.34425924090743,76.64458466213415,42.896408248202924,0,6,0,5.0
35.34224982462355,47.80761559626606,21.85309916857566,20.95161495982293,3,1,1,30.5
43.02621537458724,51.90803163685739,57.15837829794807,24.75737634319251,1,6,1,13.3
34.06097517978649,47.42050775458965,63.37724513452401,19.9645427470026,3,8,1,12.9
29.98074455600696,56.1461007629744,67.78602720668225,8.21348687919703,1,5,0,14.5
29.239996551436043,57.40605710156948,67.24013409555944,44.50634567190519,3,9,0,5.0
43.87781170708858,76.886442159237,39.68002613268117,26.605266432205738,0,9,1,23.8
27.806828211950307,76.52946032462472,32.97603840390113,45.37819891187316,3,4,0,8.4
41.14490437583689,63.78214375834954,12.508025696099125,29.629400672162127,4,0,1,33.0
29.691209924602582,86.14543792612504,32.55688410653893,0.4170405458230386,1,4,1,38.1
39.57220121090152,68.26725745981321,38.84499336890424,1.5465245135600658,2,7,1,38.5
41.95246203530351,38.949454743452655,58.679910794236314,20.5091939936826,2,2,1,14.2
20.69054325045722,53.819930837813715,39.62870381112158,8.213041129882725,3,9,1,24.7
28.417043209757296,31.261431799821654,47.9179540886707,33.630864704684264,1,10,0,12.4
31.885211801934197,50.55947886928508,49.823887718399625,41.994187488922954,3,8,0,5.0
22.453507524308375,77.03105420401252,23.762105156123404,40.66010621152319,0,2,0,18.9
43.0395578945508,42.00793438459599,57.148965466565315,1.0820707293676124,2,10,1,31.3
38.77114480436934,89.77665636488317,72.38015599682942,0.8742827484088833,2,9,0,22.4
27.522432143565126,43.084257480100185,25.776572956548115,3.028364880297729,2,8,1,42.0
32.74649621772657,46.6899901977208,48.67377565136162,11.222876322828295,2,5,1,24.1
39.31226236396405,39.66216821926565,61.53010812750506,35.454520623476945,2,9,0,5.0
37.42831972319611,76.70983797428613,43.04419763429578,3.577509700250686,2,10,1,30.4
42.86534413402377,77.71355693544164,61.32292365320937,40.68550877325897,1,9,0,5.0
28.003284234461063,47.75078016558868,64.0204912436989,39.93791515056897,0,0,0,5.0
33.58009364054159,77.23082191274841,54.50115547046051,6.715753656322182,3,4,1,22.2
31.729137797771372,64.48987899694913,64.3988166465133,37.15394913967836,4,8,0,5.0
25.034414045372014,64.77019449480413,66.61251818862637,42.58237132075159,4,4,0,5.0
31.61408762700674,30.056886853732717,36.39070220871626,26.09255633990174,1,6,1,20.6
34.035019851770365,56.29979803781238,39.68582280511889,23.737349019323677,0,10,1,19.9
29.742879123203785,36.10620716126962,69.51804450012258,28.86311731685336,1,9,0,5.0
28.586520697882815,65.84986581822561,72.94231148582035,10.267151654053652,3,5,0,10.9
26.235738987641938,79.66692140582683,24.644426721320695,31.342780844464908,2,6,1,18.0
40.82032417844367,65.60671458743877,76.88649205856838,12.56879534122078,2,3,0,7.3
43.42749411603756,60.29939413211103,53.85010312383538,1.4431185172359862,3,8,1,31.6
38.51412659788549,31.257338820615573,45.81752106969768,10.447592734155636,1,0,1,25.9
24.760510106529438,34.1077487828338,38.09831312581409,43.657452712579534,4,0,1,8.2
37.97930327474765,65.03650014810037,16.227742184557517,26.886290889911024,3,10,1,34.4
29.539819139278563,35.27214546261146,69.0717373736974,14.845386861452535,1,0,1,6.9
33.85410032308002,35.06986139102756,78.66383801486191,37.34174481026827,1,2,0,5.0
23.591665934131843,56.445999805324135,14.963940835357462,11.338768760084694,2,2,1,38.8
26.91652376817873,88.35984604174105,36.19154727974218,5.162023237279656,0,4,1,33.1
39.997657726545924,79.64675840371535,69.51776827231588,44.35970204743273,2,2,0,5.0
31.99451326537694,36.95135967797953,37.39678314108026,46.94081454589844,3,10,1,8.6
32.27883543039922,37.60892278841777,38.37066846649369,31.27239655285905,3,7,1,17.0
29.607800389645256,63.8990306394129,66.97658030203948,41.169727056579404,3,7,0,5.0
37.27211942668292,41.952130762254484,58.32201869375241,47.95716485500173,0,4,0,5.0
24.63031823815762,46.478052935463616,45.85398210435961,12.45114765388841,2,3,0,23.9
23.761843977822018,71.22654659686124,23.718213636477017,1.8723236861376003,1,2,1,39.5
23.30909400317328,49.361924684552505,20.478932912621516,26.74256549386741,2,0,1,24.1
38.632209442452336,67.46862860604216,53.01239765888435,25.15060571628538,0,10,0,15.6
31.16288049060426,58.67872079277478,65.05482967159146,32.204559742953904,0,1,0,5.0
23.40410842518089,58.89313181462863,69.43831590636114,15.578702170687897,1,0,0,6.8
35.04603120844342,49.842202823912636,68.63949877073867,23.39238320892496,4,6,1,9.8
31.65710853289415,49.41039669809881,48.91296072747272,33.59450712946582,2,10,1,9.7
32.34055171487253,57.58788525083204,67.16936253898197,47.798822678296354,0,10,0,5.0
31.339742988715592,52.51447841694089,52.38645682824284,10.967029453013044,4,5,1,24.1
29.786844085084624,49.26295800279625,15.52542111404329,23.407168834536257,4,9,1,31.6
22.517267908232487,85.47317690326017,54.070238127327464,43.68696862184797,3,5,0,5.0
40.10220662976064,59.37564856463321,23.059740376997645,19.26772238174846,3,7,1,29.3
36.67703173377886,88.83924003583664,44.16987333191365,7.224802194040613,1,1,1,26.9
24.414916769259584,65.00540113357994,75.16865336631295,9.994975609785833,1,0,0,9.3
25.833943167260827,52.69188173515237,15.78559605843965,6.186071800663184,3,6,1,43.3
43.50218246082298,68.1799349225864,79.2478390376388,2.6379254005921116,1,7,1,18.3
38.44643932806093,35.96533510255107,42.81811337900019,39.9314386408689,4,3,1,9.1
20.27452922331579,78.43826065971382,77.58581666931138,19.051865415510612,4,0,0,5.0
23.049965186296433,54.375666636591646,46.39541354628831,32.85664272816599,2,8,0,9.2
31.474048300447887,89.59557398395825,31.729612481598167,49.2638492760652,2,8,1,9.0
32.57529314250284,75.10800024312111,61.73112356983615,19.729543631221457,1,2,0,10.2
44.47070038958469,47.06356078970835,23.554663333694847,12.54408775168922,1,5,1,43.0
34.2052449460097,47.53168499026573,64.07768132278717,29.854971945982083,3,0,0,5.0
30.259480302565205,82.86613766900749,26.247855720148948,29.442829821378552,2,0,1,24.7
41.90711120846446,59.55304600868411,69.27544084607341,24.60951149582609,2,6,0,7.1
32.00281517292603,60.16544559613804,46.7606002913046,2.0948256260060694,1,6,1,26.8
30.12766720670388,48.39862847999405,27.837316683058507,7.828562532496891,1,10,1,35.1
43.49143006012827,76.0886755204549,37.804042922968335,6.723529447078647,3,0,1,33.2
21.695556064448237,44.99363111703624,65.70477140165548,7.438663526474409,3,9,0,14.6
26.6294378031938,65.86948348754413,11.186993772664316,30.780860063457734,0,3,0,26.1
35.68780746993105,66.84697442372996,53.36103723502057,24.616246741924975,4,10,1,15.2
39.87789683869957,73.85193189693041,49.28367696442872,13.802820791827475,3,6,1,25.2
35.502728075122874,45.41445729272503,62.9082102174977,35.77131323827956,2,4,0,5.0
38.10840392457881,67.95052192777126,35.516021127117426,29.28092535660362,4,3,1,21.3
33.880667270665164,61.15414588591015,77.17343933545109,14.77339204519939,2,1,1,6.3
40.07227372942242,45.15864945592073,70.21744971170693,4.57076697472022,2,10,1,19.7
23.282051672448663,43.84402093464823,54.62149241516021,26.118545300738333,1,2,0,5.0
39.2890305733924,67.94020217949974,67.18902679315372,31.432982536519148,3,8,0,5.0
21.652903943624437,39.39263958858356,59.86804589269116,1.5905331414852897,4,8,1,22.0
36.60281862008161,86.45142718324357,68.89133986116931,8.141537302433338,4,1,1,14.4
26.832262755444876,38.12436991078792,51.22861173788502,35.9142939349975,0,1,1,5.0
26.3734859446945,74.11305363207802,24.928002653813742,38.4311465993082,2,7,1,18.7
24.330777993090997,70.80436252038257,31.828168024334218,4.84847199857506,1,8,1,29.4
42.3669958620476,77.21867559070405,33.63581794484087,26.9919489620768,3,2,1,26.9
42.31971850070846,51.003157870393906,21.68627221065457,45.77801310113813,3,6,1,22.4
20.969355086287084,54.75469448125732,48.78177435391264,31.376311606476477,0,0,0,8.9
26.12053941470398,43.110238987427266,42.145504715903265,40.81577496757086,0,3,0,6.5
38.98359380629021,49.909288413058704,66.7838389583899,10.436698659301546,3,8,1,21.4
29.814373804266772,45.113007310568335,59.41031771059618,8.444887828524728,4,9,1,17.8
20.24829932143802,64.97620963053805,34.242336249962875,48.049761885744296,2,1,0,5.0
29.99889951437614,48.332179396528986,48.03154837073504,16.193499343749064,3,9,0,20.3
40.43465456300966,85.93966993008846,22.635202132502034,37.22242199048338,3,0,1,22.2
28.79580252363995,82.81804426972117,76.91495251647392,3.3879720668938687,3,10,0,12.7
22.6834804788247,38.37862197870794,56.311170101054124,15.189628455115656,1,2,0,14.1
35.08563971176273,67.22045366600261,16.640580820778144,44.8765716496282,0,0,1,22.8
26.744103268608413,41.139286971486655,16.62305158575832,38.75776932767003,3,0,1,21.1
39.09025068284892,67.18400689428148,78.76604942127271,31.50918571584133,2,10,0,5.0
44.83629035464838,83.19604682193682,28.737386642311254,8.49966740842495,1,4,1,41.6
23.074859010386895,85.23488683432592,22.998328913666505,40.04959433852559,4,3,0,18.2
26.107734558267627,84.59666097822947,24.49857849752189,8.290544128968463,1,0,1,37.7
41.960217729751825,60.09558076559661,31.605651802245163,18.33979622960729,2,6,1,31.8
34.48771328426865,31.453402054709624,40.22623820720903,27.93922958583435,2,10,1,20.4
40.75768287330083,62.158274590767654,50.2586741475327,34.82380668626966,2,0,0,13.4
32.19622607100483,64.89368822309616,59.96760941725466,31.715213853999106,0,3,0,5.0
24.661912017980363,39.17014457407839,37.16061851653887,6.0196957007661815,0,8,1,31.5
38.80574283474465,84.59965288315101,59.81552381808403,38.50164401060573,4,3,1,5.0
24.541266771746027,85.57396489851682,51.04005984339838,29.133673118066017,4,8,1,6.6
43.67635125934074,61.81312682999561,77.67544144318167,13.089196963411853,4,7,1,13.1
37.605537061705135,54.20668963447066,76.53558678122538,22.814656092543856,1,2,1,7.1
43.707675782896985,44.19374491313351,69.38790096906358,47.61625473701843,0,7,0,5.0
39.41491142288645,69.97086142615204,57.701687920213764,8.549514546563591,0,1,1,20.4
35.1132726731807,82.5855962910471,20.697755091965107,5.4945285759319,1,9,1,41.6
33.39662637516847,68.70803126172366,51.68524272255954,22.695120398468642,1,1,1,16.2
29.965817094800833,81.68452963391152,41.308464814560814,21.197355818776884,1,10,0,15.3
32.10586000124407,50.4156983681312,48.82776009131739,32.75064922714441,1,3,0,7.2
37.98184911484522,51.81389217606915,28.424646517498886,7.155998899963417,4,0,1,36.8
27.845444757034876,61.946957845240775,24.03819418654348,13.383454544886831,3,5,1,34.7
22.613807898382568,40.07879784001672,13.872207849392447,1.473960370808708,1,3,1,43.4
32.10841717339726,62.03942244377742,21.284670042215886,42.70656570828226,0,0,1,20.8
23.828994273029984,64.40858351012992,53.97091248483007,45.36758188006016,2,9,0,5.0
30.052601157822263,76.11321060790735,64.99868687991673,41.34250687790592,0,3,0,5.0
20.876101674045326,60.142546483054375,46.879028049993515,12.178311864317887,1,8,1,18.9
30.12965913235471,89.8777228302347,27.718026368163617,2.015164169912509,3,2,1,37.7
41.919043364261185,38.625032843702854,49.26922532742227,33.1774135736309,0,6,1,11.3
20.16789628600887,70.01948026779385,19.70904789945231,13.578607550219834,2,10,1,30.7
21.992972474214973,32.84957551984102,36.113330396271564,49.253336618136814,4,0,1,5.0
42.864681767414424,52.77333331111984,56.278464957586266,16.75598716760014,3,1,1,21.2
42.49586581979442,71.25553954445435,72.89258110361004,16.20848919387318,3,8,1,11.9
40.956233980520565,74.00788514851439,12.253574795266752,39.29441390650707,1,8,1,26.4
38.17458423745207,74.40508847576254,79.90036671030262,19.219398349891705,2,0,0,5.0
32.821095785808396,47.972605927573966,18.549927367603583,10.395326180774545,4,5,1,39.3
21.940893216428005,61.36596549676071,52.0116825290658,20.759674031233615,3,7,0,12.0
40.792741252896626,43.94706568355058,43.101650500589024,29.948092875955734,3,4,1,16.9
34.1339416359018,30.30781416472942,39.89481267621636,12.38600043181845,4,4,1,29.3
32.22375119790065,68.43400734111428,43.687961150181145,14.864193285548932,3,3,1,22.8
21.826289917434977,83.51853255024531,55.07292406961382,23.62713929104978,4,3,0,9.2
28.925530751518448,70.75425996226753,34.17303659539553,0.08515455676787465,4,2,1,33.8
39.43797767790734,73.6114301475209,30.645995777227316,30.828118838679973,3,0,1,24.3
22.813919615517598,77.96648084027929,63.40453188221465,21.933909248981625,0,7,0,10.1
22.040566114942443,44.456694922864756,58.0362933238544,0.9212098420356085,2,6,1,23.8
22.784546208784434,35.80005760193106,34.84201277873047,15.100101226447709,3,6,1,27.7
28.93285673171773,82.10811001617122,21.78851410449853,6.080102791392833,2,0,1,39.0
43.91686430860437,38.60284194321302,28.628986918604877,7.344556722624207,3,0,1,37.4
40.65634980520826,30.6316380811302,57.84792670846111,11.266654673656301,1,6,1,22.8
44.61599803549666,77.65115186771902,63.27988355004598,31.646292457004137,1,6,0,6.8
41.204125896936944,61.49439016322958,61.48069035565629,49.559118304166006,3,4,0,5.0
35.26320649566593,79.05599759827128,22.139514405255607,12.48918744566858,4,10,1,37.1
43.46718560089255,60.32864538850738,55.53236657072966,16.246114469658256,3,5,1,22.1
24.947997696259083,55.81966364240054,70.81300638090576,3.3361282325788832,3,9,0,17.4
27.43648829758607,61.492120663127686,70.47714020623201,39.82250193701059,3,4,0,5.0
26.18874474466919,44.792332151769806,27.50374724815056,39.75087078921838,3,2,1,17.4
31.028598596885622,65.11003205572172,39.57026111432144,26.999038495567657,1,0,1,20.8
24.321556532902616,57.29386761973669,74.64008785414262,18.111322692399284,1,5,0,5.0
32.7535417810076,51.53293412533674,11.673523968171406,16.09927098387788,0,9,1,41.7
28.9303759239625,78.66588264827624,64.97866348014477,35.66138962220529,1,10,0,5.0
35.55082370109359,44.325671892949465,76.96564086622936,20.466012116396442,3,2,0,5.0
23.62045844683965,81.30304273726506,75.39322317850174,16.263712973585143,2,1,0,5.0
38.521695801586304,38.510038955137865,78.79994246650368,14.839706226844429,2,0,1,8.0
20.881480870634757,76.54665190485974,25.393935198778696,26.24477873259244,1,4,0,19.3
42.71739350214261,76.40930859894786,51.01119836091918,5.67173654746952,0,7,1,27.1
21.197843220725314,30.688494688655684,42.621155639850784,7.4831681422456775,4,1,1,25.5
35.25979852159773,79.70632342781575,66.39932830587807,46.024104802113946,1,10,0,5.0
40.83795434240588,75.86867552092069,46.576711218334246,3.566093599071957,2,6,1,30.7
25.242425513891654,86.16690786873576,39.849135742673525,34.91709546806775,1,1,1,11.4
38.59027650216852,53.92802555503403,69.76624562004602,32.97601717536238,2,7,0,5.0
32.291062588839594,45.685847132184406,69.14098755980308,45.457715769908845,1,1,1,5.0
40.50027160234683,65.27255059637292,13.091842351179894,26.889053185137225,1,10,1,34.2
38.11901410562514,39.60698376570909,28.61087144091529,9.1697408441338,1,10,1,37.4
32.52048674535271,34.340250211370936,42.36744514871343,48.91119480851485,2,2,0,5.0
40.28201482882977,82.80956418209874,42.47154928759414,13.143076477002335,4,8,1,31.1
38.21017387402766,47.67170986127283,22.096601362397184,25.172785527534575,3,7,1,30.6
40.744765969173,74.17217575806106,39.50922300606945,16.166792204380464,1,5,1,28.3
31.608150943617378,71.48838540605573,14.848796204492137,47.427796035712724,0,6,1,17.4
22.17195111569522,39.246572383173444,50.27673302481739,1.0482436856437516,2,6,1,24.7
31.829839209277026,62.24123691246206,28.66501238643765,44.50694015395704,3,6,1,10.0
29.48025649269755,77.16310655125194,57.59158449011759,21.869873956878692,2,4,0,10.2
40.050519550267666,58.96563041779505,45.658946273804446,34.24224254547432,2,2,0,13.1
35.246809981433174,73.66002527618934,19.89789229138659,21.790835256355617,0,0,1,35.9
26.49107928218961,39.5796607723168,20.408021559317035,13.115616851063667,3,2,1,34.1
32.62410316480438,34.839295639327666,41.182924718847964,34.295692994867096,0,0,1,13.6
40.850385699180904,61.051628133329416,17.815871244536353,6.2464337401811125,3,8,1,44.3
30.406793524883582,31.539267427295652,62.82633614787284,19.993925545348993,1,2,0,15.6
40.894915753757275,75.5732878461869,27.60031733154581,29.497458585701892,3,7,1,24.0
29.635459519213068,66.92015601426304,54.84861854881731,28.37129468663897,2,4,0,5.5
35.063019567584185,62.542594129670626,46.637899116083915,4.958486097534709,0,9,1,25.0
35.56387900416368,63.44292142983189,52.84538521737658,44.51724071705117,3,4,0,5.0
21.355475475112165,73.6120741500381,28.49469616731247,13.577862393758416,2,8,1,31.9
40.185326162249424,88.50549251012653,53.779504976025514,31.151129434688812,4,7,1,10.5
31.776375351276133,67.03822771136768,70.37982043379535,22.29064977742301,2,4,0,6.8
33.84267665079513,35.14971171901485,47.625468356963616,42.92886629093931,3,5,1,8.0
37.498157931549315,68.09781883282005,52.80966515762453,12.20591545682847,1,7,1,24.5
29.527310662268867,59.18502997326557,60.453446888591095,13.279134781845404,1,6,0,15.6
37.70783042628523,56.44743786772028,74.29643587679179,15.009053050337185,2,2,0,8.1
23.70031076916591,76.26607452267532,59.62246777372364,41.527568508808685,0,5,0,5.0
37.286053558290305,41.06022742117216,73.0791331342179,35.347919782059286,3,9,0,5.0
20.719334044205482,34.67048732486433,14.619314107133231,6.155987728981249,1,5,1,38.3
33.80563548004966,62.51892710128835,28.565171354973312,49.71272582850468,0,2,1,9.1
25.596773021613565,75.12938600970686,31.376924400030084,17.665722954984286,3,6,1,28.2
25.635809503771192,38.54036251893969,78.49185399238753,27.099395347300703,3,2,0,5.0
43.61199219130199,48.867703951280106,67.44852896646779,20.725971978165582,4,3,1,15.2
39.44721498572829,68.56198492228364,36.20690905465833,6.748177784314508,2,7,1,32.6
29.125569924187094,43.93448887956577,62.20308115578444,41.76931931091112,4,1,0,5.0
40.31524610467971,70.64346706973501,23.31455191084332,1.0369721617476513,4,5,1,46.4
25.948613751565436,76.45688358504043,32.94076883976936,46.46732785041765,4,1,1,9.0
35.07832262811523,70.24509973417737,15.205700051968734,38.970847894715,3,6,1,23.4
26.5491821280768,51.50074254149828,32.91405500371293,42.004283652740156,0,5,0,10.6
36.89973020218539,55.08557005977058,53.0248686898236,26.85996289402018,0,9,1,12.6
22.29182038755119,80.34215343981975,25.213248826256002,29.88507648085828,3,7,0,21.1
30.690005593933265,49.50901489145937,77.88837660119454,5.123954609784498,4,1,1,12.8
29.538659841962655,78.18107024002265,69.56568449589773,45.33748173800549,4,1,0,5.0
29.05354057592996,69.29341341545388,71.68683139531241,30.581686640366613,2,2,0,5.0
37.204563378020296,84.41690513120565,49.42842186881563,41.020019705203154,1,1,0,9.2
40.553318869576145,70.8521237717805,50.41937234634557,32.51496587786589,0,3,0,10.0
43.84212711036382,43.12659435876762,40.55558686664024,20.343593912707426,2,4,1,25.6
21.16292909594644,84.81307621377287,63.283833579171805,20.590762042490024,4,6,0,6.3
26.940410522062194,71.9731759312353,16.562380826996296,1.1524736429424087,1,7,1,41.5
23.49068965996983,65.99023237347475,38.82008810826446,14.437447793663166,2,8,1,20.9
30.3380582285019,42.677725254050145,79.5235567375042,10.333903628509683,4,10,1,7.0
30.181299407023445,87.23865462570934,30.456292765114238,14.934552204851181,1,2,1,29.9
34.9502150065304,56.05543010579737,28.137227275875933,41.059659267587435,2,3,1,18.0
24.431524408775093,43.582495791938044,46.174857109793855,25.55457370096782,2,9,0,14.9
29.336527854012846,87.94178338665904,45.84200203567422,1.0553489648476522,2,2,0,27.2
26.137082939023575,85.82970088834983,47.51049081881444,18.136823443499246,2,4,0,21.4
44.37850794216,78.770242596235,50.42301454569478,19.154414578518903,3,6,1,23.0
39.95164614487543,81.58143711519452,78.18013946130623,4.729037949352294,2,2,1,13.0
24.619251418571267,75.41681816693725,59.27452391544816,23.390801091216552,3,1,0,9.4
38.95069324727331,33.174228235942984,37.61986545488454,28.31544238367928,1,6,1,20.4
32.5467119983537,31.773534395647797,59.457532621535755,43.210677881862004,4,1,1,5.0
36.943758140135685,37.03006384690859,44.31493334935111,32.727100392482015,1,5,1,12.9
32.15148325094537,43.557103634161095,58.45753128179624,23.138965524174086,3,10,1,11.3
41.584310313438934,53.20253677316748,46.31510498288472,48.94715026310713,3,5,0,5.0
21.214664323160054,83.08945720807063,26.06609854877189,46.13371473410815,2,3,0,12.6
24.03582417329079,67.45363827248384,39.35506260143346,16.939025000231066,3,9,0,19.2
27.951935417369,83.3011548295645,35.13137585551422,28.741322315486144,3,4,1,16.2
24.14260964064198,44.606619781781504,36.58609634532273,33.432043775098855,2,1,1,11.0
22.150594176484198,47.71867889714436,13.018449585869508,33.16863016068359,1,5,0,25.7
34.60798135085883,40.72352603736269,75.787282350316,48.89553200798548,2,1,1,5.0
27.631351307615933,67.4278428066727,75.95982976417645,28.05201181538975,4,7,0,5.0
33.15833380833353,61.54252655116749,16.991859133991717,15.281651838894433,0,0,1,37.7
31.497736577493463,31.90956486479791,13.060672254035225,19.76755769677418,4,10,1,36.5
35.2658097699133,52.244153932402746,50.241433616133335,35.689130779401566,3,3,0,9.3
35.95400659909989,66.335289815935,74.51876175275703,8.426526337575924,1,5,1,12.3
32.78533396479403,45.22590492307191,13.712568147755714,8.042695165325592,1,0,1,40.7
30.63839215559642,52.09605693155122,54.098861576799614,47.216715891085826,4,9,0,5.0
39.3930793757517,69.5864137066346,74.20934148031616,3.9880800613189162,0,2,1,16.1
33.683591736593996,35.418652310057674,23.37705132976359,33.15029732058392,3,0,1,18.6
30.711253653001897,79.94526681057022,24.065769056458436,2.4054204369967414,2,3,1,43.7
36.546135371108676,88.147117843129,20.083612507552402,5.341534532530773,0,4,1,44.6
40.79203488701242,58.765766012691785,51.57044668955061,7.98835253811353,4,4,1,27.7
38.840358805345495,77.15197667735808,32.97374325871517,16.64871993115622,4,2,1,28.1
33.12552814862562,72.64495283476136,20.672089857960323,20.56914160138431,2,5,1,27.5
24.075324005169445,33.32095412240871,69.21074729995642,35.84362714063356,4,6,0,5.0
29.480343746969695,55.27749667899316,20.279041472442138,48.58589616772087,0,1,1,12.2
33.44480299867192,54.50266132257992,63.243461479772755,1.9675546452953496,0,1,1,19.5
30.508973697255414,60.13134613891015,73.60183139519057,20.347410847656512,2,7,0,7.2
39.64673610530852,63.13077599700688,40.32065850632381,33.37040539065154,1,4,0,15.0
30.460550256512487,47.4888420014998,18.249413583947025,20.07496243325414,4,4,1,33.9
34.274678654655276,45.161071917800776,20.002743826978925,23.383202970711164,0,9,1,28.5
37.07126464799336,87.99263466771775,52.064981655490776,9.823084946363924,2,8,1,23.9
35.31926829111137,36.69724626795296,43.40766792526878,0.2579022417810717,2,9,1,30.2
42.89318932409279,60.53455835574104,11.480824793003839,34.15067213335297,3,4,1,30.1
26.91509590121206,60.49677934951946,54.923890907556256,43.65061243037697,3,10,0,5.0
38.55315104216801,34.311847426439584,42.81601858471209,23.284087145744238,3,5,1,24.6
30.076602450529307,56.97302789120347,72.19939922645261,24.108922655935928,2,8,0,5.0
41.20903663505648,44.842862982263,70.62403755730593,16.511809170406917,4,10,1,13.1
27.260966359985787,38.89353879245638,29.804759881789014,6.529497601647133,1,8,1,34.1
26.164362168928037,76.76708169407709,49.293325965822405,4.512890191115687,2,5,0,26.2
39.43777065904619,75.80747806146888,69.07492298579074,13.588048136907481,2,8,1,10.0
40.60833050274012,81.59606090958513,61.04010768264929,0.6834987709777973,2,4,0,25.3
31.733594281044233,56.51796155883469,76.00873367531211,9.963018923295913,4,5,1,9.5
28.378572271544506,38.1812533469096,29.49531538220615,12.616415858537477,2,8,1,30.4
36.78327257849265,34.02258897408436,76.9968672096838,16.25923629440212,0,3,1,9.0
21.112676366394467,46.43916499241973,28.287059582080914,5.79967936028532,1,5,1,35.1
23.244466593917156,60.67069443706454,14.238862976145716,28.713714328957334,1,0,1,29.1
43.29950533802334,30.51776739015202,28.912875154034325,49.20800644418477,2,7,1,14.4
39.068915472139366,42.540712174763435,54.785626673089595,20.34038311233578,0,10,1,17.9
40.716017060030424,41.47167734869627,24.69147996953543,20.73591612678921,3,2,1,32.9
29.56719911908654,31.174700605410482,77.40733726101995,38.983404547540715,2,7,0,5.0
40.17835565993726,54.229993362603835,62.14561423336088,23.612981354600837,1,6,0,14.1
25.46158748444384,51.787589113307305,66.87514790993131,46.442230855065276,4,0,0,5.0
25.706190624922577,57.29515955676078,30.959560026967072,8.74223965240088,3,1,1,31.4
35.713495934025424,82.0260467930255,59.476886981405954,43.25440438787773,1,3,0,5.0
39.57281249615617,56.29140458381967,25.2805607133175,15.31665724625723,1,8,1,35.2
30.674279074073027,70.93142538890103,57.37231194186162,23.847236717755315,1,7,0,8.9
25.031675085708386,74.70155790288918,54.539682146233886,42.82805193341144,3,8,0,5.0
32.31291680312875,85.37041811116538,60.79680483846627,3.811534307298486,3,8,1,20.7
28.251978523642435,43.47141793357909,25.99831660528775,19.00326978036358,0,1,1,27.4
29.37426274775646,65.42094409560514,72.17603432273012,41.42094725303553,2,4,0,5.0
20.11582307062206,51.45039888788193,19.419998825190056,5.75697545897948,1,1,1,34.9
20.538343321229302,64.77047632456983,66.74168785932342,47.355514587549955,3,8,0,5.0
42.32580101412928,68.67466403653032,34.57435506561948,12.159004280910867,3,9,1,30.7
37.15625647850744,67.16803358246034,29.49161929330658,48.56367971485652,4,10,1,13.9
23.42072870182985,43.116373733236045,14.009075336606664,37.56795457352618,0,10,1,21.2
32.55018780090626,74.83941939627127,58.199846556233304,17.649465007020176,4,6,1,12.2
36.58458071778563,84.39493500811561,39.307329310607045,33.20079570764437,2,6,1,16.1
40.29118563247498,43.942577450932276,22.128986270663113,27.940293860680494,1,6,1,28.4
34.15248015806368,38.51356159126229,77.20986145201053,27.987018543505393,2,10,0,5.0
44.872205337013646,49.58358567276245,33.804140797616284,18.82704912484796,0,0,1,28.7
26.7491782013224,73.08894550010615,61.52663887134914,43.50908634168131,4,3,0,5.0
26.179198738703406,66.36236497027353,34.58986388068647,2.3108507736430193,3,5,1,33.8
43.23221406154943,82.47125845767161,40.50128508705546,40.44990855411244,4,9,1,15.8
22.964518580509264,83.03656383874409,17.030829394861076,6.949297382798902,2,1,1,39.3
20.906375523934734,87.55185272457872,66.27933926436602,33.598743874015405,4,8,0,5.0
32.523716864628376,50.1149870472604,49.39278881672445,31.208801667808096,1,10,0,9.0
35.87813361132322,42.25648759559914,24.54183497222317,20.797515303777242,0,0,1,30.0
24.206351800395787,73.73148035179264,43.64805269385674,34.75887946144675,1,7,0,7.7
30.68241964729069,53.092342729304875,35.416792040953204,9.457817134149526,4,10,1,26.7
33.86438659532459,43.272102970122404,17.54996370417758,45.81646405288636,2,9,1,20.1
25.038868948823712,33.635734917490595,69.12632399923818,45.20359485538814,0,2,0,5.0
28.1832301322865,81.69582135101612,72.66174870196797,18.71589023985219,1,5,0,5.0
21.822197618292762,60.98036219168462,12.737593270049867,28.247545727907987,2,8,1,29.9
28.562569871627154,76.91291649102962,48.33976100118952,2.9090089671040262,0,4,1,26.8
42.982687168670076,71.3848502131467,36.29247419933678,46.975360584197084,1,0,1,9.5
29.76818710172718,34.45611477178933,59.40601886183283,32.689073224036804,4,5,0,6.3
41.64753462201924,44.559759648052285,41.14088339386717,45.90957762509496,0,7,0,10.2
40.1190115411811,39.22449336781946,21.000288246407134,26.515536714722117,1,0,1,29.9
31.3839986216985,66.0814387725946,51.78011738061412,34.815506953916056,1,5,0,5.5
40.458278090984884,34.407779916220825,17.616294784403145,49.76153941720155,4,8,1,21.9
20.672809371638017,30.95488538318826,58.15862785608833,2.6358088807362403,3,3,0,17.6
27.282732426389586,88.19709391982538,44.327055522548996,25.591575683190342,3,6,0,13.4
34.3399460650359,71.76119417545158,64.06287881962344,36.90691992222968,2,6,0,5.0
23.96350433833677,43.27693705654883,58.61839769330954,9.728969684945893,3,8,1,17.0
44.1148355778494,86.634511950765,66.46112678806003,10.96947196018333,4,10,1,16.3
29.896931064672202,85.06965879862659,23.41079187328889,28.89511644313053,0,1,1,23.7
38.037363891615115,56.412252860245104,69.53633237108158,23.699021648488834,1,0,0,8.1
44.055296643145624,41.108013014910426,40.25906577148028,28.446090614607435,1,1,1,22.2
23.44207966183563,49.71553071025959,11.732355835175355,20.17768774984905,4,7,1,34.4
26.652549081468873,54.11708064853852,31.917975152571636,14.405219079939174,2,9,1,28.4
44.545500725805525,79.02643404939262,17.468272182528516,14.8846602749035,4,0,1,38.0
36.37698727806276,47.56064530524738,57.69267843871323,45.83188048368861,2,2,0,5.0
37.28265922515143,52.57298512151026,57.968580182347694,14.714596366361278,1,2,1,18.0
35.13913120942033,84.68397020960182,65.68577450122038,20.85584394615155,3,3,0,10.4
36.80626748319385,50.96943683165709,48.57360585994642,34.68244530455542,0,4,0,6.9
29.048392100904238,42.36739555201541,21.366032880927357,40.47067754051922,1,4,1,16.6
32.14832000753195,64.61648682751297,23.855415490038574,47.15028195199324,0,6,1,16.1
38.07494419394876,69.4872028507214,61.01583733816209,2.8901598701200237,0,3,0,21.0
36.95789874221305,38.58636712453535,23.916833858466823,36.06632543608313,3,8,1,22.9
34.467210496453916,87.21962329648065,10.105278183882238,21.247502672667196,0,9,1,39.8
35.075366412319994,49.42290198840119,64.6896726156422,35.97059745095672,4,9,1,5.0
39.07382485683597,68.75634429116798,61.440395454660454,49.09136362504969,2,2,0,5.0
39.028426682676994,53.05733619830798,14.601378880514435,43.039759704287796,2,10,1,20.8
23.488721255425762,48.45176746536298,22.8261589479498,40.75021847393768,2,6,1,14.9
37.71445066002386,47.749249519116546,13.906158627097831,6.7857757813977235,1,6,1,42.5
43.79133793052716,35.1312894645913,34.59180482575991,35.11695386600451,3,2,1,21.1
41.28504830348602,68.33045500860302,75.42599736412612,36.914442031615735,4,1,0,5.0
42.31050242640003,87.66387749907257,46.07795381861542,48.5623551424105,4,2,1,5.5
37.40259253691275,67.1042799861608,23.814495594321542,9.44039275054583,3,9,1,38.4
28.102531372509866,50.176672331196364,69.8354502722443,39.94318126528307,1,1,0,5.0
20.162407338686297,82.46278338751692,74.06135061126497,16.491385481897552,2,8,0,5.4
39.98020669526662,58.23609032087787,10.108765187194251,35.803363082648296,1,8,1,28.7
36.454407350105186,43.060954083983574,22.958036234344963,25.59084101936594,4,4,1,31.5
40.16136490398146,31.489249808006768,38.17076796464293,16.096856648194912,0,6,1,28.9
37.64647831781673,38.98826892065685,32.51059018831238,46.534010395770196,2,6,1,8.2
32.254905535011545,30.529001904651643,46.397603222970034,7.641639999546701,3,9,1,25.8
22.29582246606452,62.608486044925,11.05462804436962,37.28429575132038,1,0,0,20.4
36.20942904855298,35.17582903959483,70.90125096024632,6.011552329663772,2,8,1,14.8
42.03470565745761,38.23622716382822,44.4833876944573,23.629927966762597,1,1,1,21.6
36.708053058645206,39.95660254502196,66.87230648843973,0.21656232400230624,2,0,1,23.6
21.86398274462406,76.62533470199685,74.21194966242776,5.761306277888384,3,0,0,11.6
23.51985254822776,69.49152724086093,63.613165986037984,31.069630630710275,4,3,0,5.0
38.04683850602565,69.83863715191887,37.85399727615817,29.378263497602834,1,1,1,20.3
41.01829422798917,35.01431064693223,10.189354590065708,16.3463141521885,4,7,1,39.6
36.36078065207553,62.38575177134089,72.36913002677468,43.58751869305286,0,2,0,5.0
44.027461957112166,76.56263142176621,48.98896228232677,40.32391768527273,2,9,1,11.3
30.012107155421713,87.4758667641655,42.460219901891946,17.830794441867837,3,0,1,22.4
20.071918393077077,75.8541674349062,37.07986254276406,13.471862921832695,4,0,1,26.6
44.54521599156237,64.9801880366266,30.269777592064663,44.61053190690512,0,1,1,19.1
35.582855183023085,69.39622832438991,33.404831734942746,39.352793705144876,0,7,1,11.8
28.367323578949247,31.034488964177314,14.023037353348592,24.16563509787667,4,1,1,31.9
35.56799776466073,52.61968889252288,50.678825145189705,6.555374314574819,2,7,1,24.7
33.47973677197977,67.65166325076515,60.72350793431734,25.230761990695726,1,10,0,8.9
40.03234706764054,30.081299074060382,48.57073365373956,26.009036868656537,2,4,1,16.5
33.268623872994674,65.59357217472781,31.006870920100695,6.098496784257302,0,5,1,36.0
25.184264374426615,67.47125128801812,24.701134979527406,15.911570864812912,0,9,1,27.0
40.968289238777196,31.097169044106884,36.047972831353746,39.2964242776339,0,1,1,13.9
43.96812714362795,83.07646163900611,23.87280196910949,29.962856058045436,2,4,1,28.2
34.43012474204389,57.22973772935978,64.61186290056582,28.435071549499746,3,5,0,5.1
31.70288783543252,41.96311480050146,29.066062339154396,38.20746915614261,1,8,1,21.5
26.797574633432703,67.82017488819946,56.19102900485181,38.91299013600356,1,7,0,5.0
43.724676052025856,55.59255372155385,63.233096757532486,18.029596051388697,1,3,0,19.2
24.395714743425135,52.59994833069442,16.795500100388196,43.50670689707425,4,4,1,17.4
33.86740092976957,55.34545779807337,35.58673072512401,46.06992349057089,2,0,1,9.8
31.825893470842942,50.91179459207284,64.96251072522577,18.910992214837126,0,1,1,12.1
44.406264659836864,46.201969956780836,50.631777242905315,3.5526524312903094,4,7,1,32.3
20.61735894719714,69.77348531268385,65.91990286337588,27.865176808043902,1,4,0,5.0
31.466186418726863,56.76494351539367,50.17900262547617,9.94273146725549,0,5,1,26.1
29.188353303776857,74.5899422066365,46.36574471816419,30.471323967888587,4,4,0,14.9
22.366700215867084,59.93252189822766,12.621720296770548,21.16093297638491,4,9,1,32.7
30.234922531233078,47.118304282928875,78.54993236409787,30.412021808305205,2,5,0,5.0
20.63632401407606,72.82187329092673,29.452669983302123,31.417208409463004,4,4,0,19.0
29.993444310867133,58.34357858958073,46.512140974163955,34.33298297042066,4,4,0,5.9
37.78883165308514,48.10009485807096,68.45069010096644,12.06204516072909,0,7,1,14.8
39.27524795260706,83.54439256815562,32.94111226641395,15.074759327152998,4,3,1,30.3
29.182951373659755,54.155297570386075,18.93181102518282,1.1060945894802277,0,3,1,39.0
28.575814849187136,41.22704503606287,27.519640362577007,7.739396770537765,2,9,1,36.2
28.15549389242891,65.14136340789389,11.373575473781367,27.730914842162928,2,10,1,33.3
24.34350258328478,71.72338895256091,39.060622556684166,26.38192596811319,1,7,1,18.3
39.529786028437044,88.65914750053233,20.04400567613849,5.0350779615997485,4,10,1,46.0
40.85152818404363,37.37063558303422,34.157980130867706,27.040401036291673,0,9,1,23.0
43.37757738131738,45.011307729778146,75.2511995152436,44.121590333581274,0,6,0,5.0
24.282059810280167,76.43072368993968,44.762920068809095,15.960491417178325,2,4,0,18.1
29.71008817266879,71.41692364717855,29.549469886269588,13.705048125577896,1,2,1,30.2
32.13305613459525,44.375395353829354,17.500996892555456,26.8025755544868,4,10,1,30.5
39.5123023899497,43.99119734878199,49.26801202839832,6.30810223829959,2,9,1,27.2
25.270784117428683,39.36102790262172,45.033379801723754,39.26114943820816,3,1,1,6.4
44.425661757099526,39.55223691215146,39.4493220523066,31.125756006298438,4,7,1,17.9
24.885476687638928,81.88932387971033,21.27856092436016,28.54664354343987,0,7,1,23.4
42.834614225872386,54.8939987536373,50.86738838708442,34.83125620353555,1,1,0,14.5
21.085127844385546,32.37771572310858,43.08391728755699,49.39141410111392,1,9,0,5.0
40.97913698798162,77.6354589093882,24.181630254849544,7.480512707501247,1,1,1,41.9
27.750816735143253,60.68911878745699,42.820584936445876,35.89274047727363,1,3,0,10.7
33.932014879548504,84.53575751609203,67.91653885340668,23.107868966244695,3,8,1,5.7
21.61933419543592,71.77839797745384,19.941853643106995,6.691258870999,1,3,1,38.7
44.16241975456168,86.19073208908277,71.18939795365281,25.936703515501385,1,6,1,6.3
33.143586742080316,58.67887955127307,77.59636399648893,12.446417997585757,4,2,1,10.9
43.63126552758639,64.9470247855466,69.30482241768385,23.364502059394322,4,1,1,8.9
42.42988462892049,89.70224911186368,17.137470230079696,33.30529926766569,0,4,1,28.1
21.82887336555845,45.449476532393255,54.19382478587132,30.27337923021381,2,5,0,9.6
38.16302065108602,57.076968976020666,52.94309749306769,3.9955736740718395,4,7,1,27.5
37.831317127131896,55.43077729422507,64.04067686957893,44.672393613125465,2,6,0,5.0
35.29827084252709,34.06824779695419,32.404018515721184,21.208845483589972,3,5,1,27.0
38.51062040581223,64.19154939779278,26.97950815552766,31.064450238409236,4,4,1,24.9
31.85477885629555,36.128317929046005,53.81954999201457,9.590857153389532,4,4,1,23.2
36.73569880316961,78.7434395108545,75.1650307809915,19.45580932508795,1,1,1,7.7
42.96431061681761,42.32981014185809,47.84116294125041,27.197580328097388,3,1,1,16.0
26.9638365071207,45.42149767856386,26.19655561101487,16.63641993693136,1,0,1,31.1
25.95760502906341,34.03803555936482,10.727864158211739,2.2428874069741145,3,1,1,47.3
26.184011805980226,39.45042986072366,22.517296375072547,24.386773983412496,0,5,1,24.1
36.89459969788868,31.899111888850282,72.39054770426624,32.92061602017744,3,2,0,5.0
22.07639351103352,81.43995776900984,22.836864608257283,1.1493532483611235,2,4,1,39.4
32.51588504962047,48.43379936664793,10.3092702707706,47.31051676412073,0,0,1,20.9
36.546881906651365,57.16503132786055,10.603272683977496,35.4293024110705,4,7,1,29.7
22.049452221575024,37.4898720372811,21.025981980771007,24.768495277411578,2,10,1,27.4
41.17491847164505,67.6072119504071,76.0461042312016,4.183729717392032,4,5,1,13.0
44.84986623873672,74.76174459894767,44.462307617152895,6.249522157702986,2,10,1,33.6
37.162483349753735,34.127257982162206,43.20228007115187,26.638847425400254,2,10,1,18.9
31.375123378740934,76.27444124149736,69.64577835011917,18.407195815815513,2,6,1,7.2
26.97816089744081,82.3660096822351,65.83423582534488,26.997893863758932,2,2,0,5.0
39.132376398219776,84.12207848772753,26.95023636220381,46.758686250204086,0,6,1,14.7
32.57717924153379,80.06187481468667,75.39075099080836,3.4531401244280224,3,2,0,17.5
35.017950933397756,63.72491907468963,59.392821154999254,21.57082639556162,3,2,0,9.0
37.959076260623924,35.46345561140885,70.88848588198503,10.319055342322352,1,6,1,13.9
39.512239314659546,50.6172899201069,61.36337327729297,48.31245217659302,2,8,0,5.0
44.86726353577553,55.08062112005811,17.420838586569165,31.378001477431045,4,6,1,30.0
38.18968439994342,31.282705819866525,32.5838677714308,16.09876496291811,2,4,1,32.5
33.43811056614435,57.13106210953077,63.34523710290677,3.4826812572505306,0,7,0,19.4
31.645409268194413,79.10976244517263,71.04884117306811,25.01979175272684,3,8,0,5.0
37.62002764631879,54.253663529796924,59.93225565139808,36.38941458805007,4,1,1,5.0
34.76708589268783,65.2050243097139,71.34040962432249,31.881223790548525,0,7,0,5.0
34.25354936869599,59.56891407570866,11.202379432490478,4.67742530510481,0,1,1,46.7
21.06454902177938,66.00759728863193,41.79380486534321,42.89810452775251,4,0,0,6.4
37.447065444101725,45.00505111152212,17.93280651258182,22.92530340792854,1,6,1,34.0
43.347267430660516,76.05455918060926,17.311575899052148,25.75842268781593,2,4,1,32.4
36.490847708862105,67.46897423436096,11.178258570644818,17.951127284642027,1,6,1,40.7
23.047400562478316,35.09055347380275,49.882318744172856,0.5002409584283773,4,2,1,26.6
39.32228615123022,60.232360226146184,25.413191335310458,40.13416263141097,0,1,1,18.9
38.18098217263501,88.54743290288525,11.531088894083178,13.54177847742855,0,9,1,40.4
21.829166597147363,56.81543791373382,45.873475954599044,37.92809307524526,2,0,0,5.0
29.615726835567543,61.19174313754111,46.33338207454218,48.40864301740947,3,7,0,5.0
22.65825292621917,83.99475925632939,41.28425636970476,2.2685132510215644,0,6,1,27.3
43.44949158869288,80.95484601462634,58.84731222696419,49.39617815218592,3,4,0,5.0
36.56529421388946,61.11824212709235,79.58806305779001,46.35294793434189,0,8,1,5.0
34.444970700060686,87.30906657389934,64.78364741575062,26.406884888995645,0,10,0,6.2
32.822990506537195,49.76413444583112,51.39766157703054,22.846546505002046,2,2,1,14.4
42.72083876157488,42.81469297991244,69.4645600599712,24.533800339709664,3,8,1,7.7
37.088130262918554,50.985443485256155,13.967204105749726,37.38975473971614,2,2,1,28.7
42.13093072150335,88.82163230405226,52.897167686649446,36.79954495500816,4,7,1,13.2
31.229750806556837,59.24764288647597,20.739799644307055,41.64005247263413,4,6,1,20.9
40.827909312526835,40.413481740987564,52.22976928472692,35.93002944206921,4,2,1,11.1
30.51282028037881,49.788667687587136,71.55604864746849,4.377143419102319,2,7,1,15.6
36.14769507538955,46.46927855565839,54.803577812051216,34.87049873064813,4,6,1,10.4
34.808236296490726,86.61165156703973,60.96219941157431,24.73408898880953,3,9,0,8.0
23.216039055119527,39.59560688149132,47.33722764792509,15.964568431787434,4,9,0,18.4
31.482992803542984,42.77315413049023,79.32527449486311,8.239076239621983,0,1,1,12.3
43.759352245263784,77.18069341926142,73.73009901736651,47.93205918253106,2,6,0,5.0
30.874110800093256,65.90216942804321,74.58857774474085,48.92780643438489,2,3,0,5.0
40.60746823673815,60.73736564906544,29.605502570250934,5.683852704375875,2,4,1,44.0
28.103374626596164,83.20083424057512,76.62847876719574,22.280156332433837,0,8,0,5.0
29.692342843230723,43.24417582019269,61.25467382814037,29.0912000926041,4,0,0,7.3
28.062265915677244,49.94221308493,48.0104280071605,45.97506765408737,4,3,0,5.0
21.882627425784257,35.71386446765413,77.39966275472241,9.318514138022959,2,10,0,6.3
42.8804158464725,75.21245480563792,30.730123844408578,2.1850238908493083,0,5,1,40.1
36.3761599709475,85.9549291135861,30.345029163915115,0.07315579498963776,1,9,1,39.4
21.809123517907064,87.57104786543405,44.1646072141918,18.736787416808752,3,10,0,18.1
32.70296593383605,35.56597769413117,32.120841465040854,4.160020366050049,0,6,1,36.8
35.90881206428054,89.1360785948702,25.13766931445935,5.657283781338773,0,10,1,37.4
28.230868236159466,73.1214688676355,55.287551699918765,32.52041399986727,1,9,0,6.9
25.54977687003639,76.05766810929177,53.20827815322942,14.777825996488236,3,0,0,16.0
22.746636971218166,50.70784129326853,16.943738437429666,4.919695768014681,4,10,1,42.1
43.257893765580775,55.18521346918779,76.2041564021482,11.62056294409209,2,1,1,8.9
26.75950125950926,47.680243212311815,25.58945310517711,13.38744582842994,2,1,1,33.6
36.03344084351198,84.98837313265395,43.193587778885494,29.444796456495997,0,5,0,19.6
43.982542641188246,46.681472909082444,52.4421649039619,9.115706080548962,0,1,1,23.3
22.59232226541455,36.095187043833995,47.10880812448318,12.824201245000216,3,0,0,17.0
40.609806818954766,54.59701908398057,65.4968974241049,8.980700279821358,1,7,1,17.9
23.355482050795196,36.04358219667424,71.28325998137007,7.760784860961406,4,3,0,8.0
26.684140266418435,61.653726667840814,63.41992654341224,37.60484614326721,1,1,0,5.0
20.39939951547696,79.63657028925547,39.71645106756699,37.21923157242306,3,4,0,7.5
35.98394429939465,47.14255845584806,72.10719716004262,1.9015536400652067,1,8,1,21.1
20.562591076554067,43.31028226622611,74.81483719499388,29.61962017640809,1,3,0,5.0
35.7246845649502,79.41319748173626,14.600179361048406,12.654496762823225,3,1,1,38.1
37.11585818224677,77.24935035278244,21.079097058236464,40.22307510928667,0,4,1,27.1
36.58834257806875,52.51776282958521,59.24185015662546,30.428141926351753,3,9,0,5.8
41.08319551797083,82.16389246352867,62.741769447255685,46.98583419274864,3,7,0,5.0
43.30577782795429,55.86620618558365,61.06206056542587,11.749868955521626,3,4,1,22.2
23.978635055105112,31.17041451382624,32.958346993092505,27.916835404730598,0,7,1,20.3
31.272634350509968,70.85311838739992,24.38717188213638,20.8135960766704,0,0,1,30.2
41.74878841054886,54.045727314389616,43.30020142919696,4.775944583401359,3,5,1,35.2
42.24438394732451,37.11507408019443,54.095893497119505,2.0715315569874546,0,3,1,30.9
36.7847044180215,63.68108508482436,68.85894274656656,6.753446226283527,3,7,0,17.8
31.770191224783932,85.58481334937495,75.60247296300189,25.08790757424744,2,1,1,5.0
20.027699755315403,66.69097225904639,35.846884768172345,47.33036187355934,1,7,0,5.0
41.19466588302536,58.467031630077265,48.49873732990923,41.466320251531506,2,10,0,12.0
27.31667571452987,67.02563489681566,13.542133434234138,12.61546132242532,3,10,1,39.4
38.151141991761165,44.30636879715132,35.00717659690862,16.537581489446207,2,2,1,27.9
24.62042018488627,35.506454709852584,69.60968007040782,28.23363546244222,4,8,1,5.0
24.136039757054654,36.76299931476593,43.99179904418957,31.376900266186393,1,2,0,9.3
30.13568643094041,50.17557072060449,43.80469487093283,35.75152832100478,0,0,0,14.2
29.201379609718373,66.15664830479304,47.07084260126817,41.56627050801911,1,1,0,5.0
44.79258475939523,32.20521650784657,23.212204727465103,42.979580794752785,4,5,1,21.7
23.355502035134034,45.246892583463804,28.587052567754462,28.23957616662066,4,1,1,17.9
33.90916808822557,40.490466296631325,74.58184961536732,47.415103198189726,0,3,0,5.0
34.95041760074212,60.583500006984046,43.77367134073408,31.877805414082022,1,1,1,15.8
26.570842653285887,32.745303358154324,18.049080124193047,5.181753743603607,1,4,1,39.6
24.056120852263216,82.21354131342478,29.705822014937244,48.39980957289174,3,4,0,7.6
23.406164602180965,50.45830033350705,21.454280798100164,18.67616330496525,3,0,1,29.2
41.28250457811848,87.86466778099481,63.5789082770299,10.10619253634409,2,0,0,20.9
33.31671094803397,74.99580062187735,69.0279136516298,46.381054286614706,3,5,0,5.0
26.406302152683963,74.49425597982788,49.893491713589626,9.099162332646188,1,8,1,21.7
35.837057910135,43.88046406416986,33.73487473389042,2.8259550168921344,1,1,1,35.3
33.65261556690515,88.5263545178859,49.04634130498517,47.26291813080022,3,3,0,5.0
22.833387256972824,88.12011385924562,58.82749682622321,12.208966904043915,2,10,0,14.4
27.878227286235145,62.070564941209085,49.703212976223014,2.4529516792086814,0,5,0,24.4
37.464661863362636,81.89755496858663,21.189075619480086,27.45809606187934,1,3,1,28.9
36.267263537163636,73.57289781080425,11.47456818544356,2.785268015925629,0,5,1,50.5
33.936541879247955,34.28185055938087,63.25221481668109,43.72846795405174,1,0,0,5.0
41.887378033059505,72.72096397643061,52.47392649497816,2.224888407362824,3,9,1,30.1
21.99568507995381,79.17078425383393,29.874224148644643,12.396527684155068,1,2,1,29.1
24.06181710209477,77.92983086582177,19.657615854662005,4.048246545829387,0,3,1,38.0
23.706137700202994,58.05911707494961,49.85290768947734,47.94004643980699,1,8,0,5.0
38.99016687635985,77.03431646846562,67.91102655532941,38.73990405762615,3,1,0,5.0
29.759392065047372,59.634029280270354,21.72802638405748,35.82288511241096,4,0,1,23.2
38.829749565849816,80.1104736920133,17.776303437339863,40.943816574640955,0,6,1,20.8
27.330680400676524,36.65690203087753,31.73669761978167,13.173964880821126,4,7,1,29.4
38.158925988509885,43.34123191522474,54.553071345517026,19.357593882731233,0,7,1,17.8
41.554187301679534,87.13925156296983,52.05732397833712,7.089691818176491,3,10,1,27.3
40.23043036177222,44.26446377317664,52.622154878619185,22.42569842476541,0,8,1,20.0
32.18764851365438,85.52121192524521,18.521251461775172,15.845957396905074,2,1,1,36.7
36.33508262641732,30.064141589334444,59.211445356119185,36.99936355772619,3,3,1,5.0
43.38183663318746,49.374394388341585,33.4998060463984,26.35852871095204,1,7,1,25.2
27.000777158359043,52.509172894739265,73.26042056851315,6.013806656367477,1,0,0,10.5
28.682200798746358,68.37847984838122,58.52501823858397,20.34253624968044,4,8,1,8.0
38.98676713163168,88.86740664258977,23.964938499300978,43.156618370232316,0,9,1,19.0
41.01112483443988,68.94947459123779,71.49572455012357,47.52466830599075,0,0,0,5.0
34.179572803353906,51.950348593937605,53.91921528313443,6.820109500481891,2,3,1,23.9
40.92911929088652,66.53032133685669,56.92380941304453,18.735667258462072,2,0,0,17.9
20.250208054337158,42.242525749943944,56.531850064280235,29.057716428348197,1,10,0,5.0
37.61408358161174,34.89543877104531,11.328450118687671,44.54114723179406,0,5,1,26.3
44.09412615325502,47.99508025640052,54.69721963815832,9.780706630340985,4,2,1,23.5
32.447758639509175,62.498611586642,51.46095325912537,20.32165860202958,0,3,1,20.6
40.10555081307535,31.02306792379241,32.94675836491396,46.77548947865555,2,8,1,9.6
41.97436345157831,71.13022755850162,41.955467145405095,43.660949539023534,4,9,0,10.4
35.600840364354404,54.36686412074708,12.4714909585128,47.65600694403614,0,8,1,19.4
27.68727434560409,62.11646777801048,79.92240309090657,8.38725579586314,1,2,0,7.9
31.94279377009463,81.63652472965279,40.26529538086072,41.26557949530999,1,5,0,9.7
31.44100393458068,47.846107280718186,36.05102053709378,1.9807834729361429,0,6,1,35.1
36.062984275554854,64.45441641213611,15.721807022240194,2.0014630286315116,0,5,1,48.7
23.83173070034594,65.58359611145437,41.30966602631503,26.23029469040122,4,4,0,15.0
30.176012514435207,82.03931891405921,17.539010395277646,45.645416911830694,3,4,1,15.3
24.19217351577273,80.69722216480963,36.50599221911299,19.952924356068962,2,7,1,20.6
37.08902591313096,51.06943540482777,64.03501364851483,36.358845071991055,4,3,0,5.0
24.714414702522095,44.65412611737782,25.093073698465417,7.451140533854455,3,10,1,33.7
30.14655695075515,73.4708013111817,34.34761614600775,42.50689052629282,3,1,1,10.9
20.869077607524325,76.37636499431736,74.0345799607602,46.808748050374106,4,2,0,5.0
21.615002889055383,84.63499735785125,60.815855824755225,14.13771542405895,4,1,0,12.2
29.570990639151056,52.77472781712159,32.43459236182346,14.578887684678543,3,2,1,28.9
29.05411645078818,51.55618934211726,68.57452183072638,32.77164961616623,1,0,0,5.0
35.94814906874941,72.83156615556054,53.20366920746982,46.31519211702001,2,2,0,5.0
24.972566102606137,62.45818051678116,57.87925027958976,11.54084324686,2,10,0,17.9
22.350180677148934,37.19179339115462,70.41177842749994,2.329224415115383,1,0,0,17.8
44.113649769746004,44.20517310784933,36.17366652814064,1.0127220586530372,3,4,1,39.2
21.22061394427668,75.72693643255124,68.8429935410029,23.967774495710216,4,5,0,5.0
29.810824757797796,88.90053617420668,54.427568828879565,10.170735795476599,0,0,1,18.0
36.302721381297786,49.53500111031833,61.5094595976562,6.015953549191155,4,10,1,23.6
44.64897634280959,62.700309906939054,28.46162363730238,17.122673387422765,1,6,1,35.1
23.11447259576105,68.61349245773272,38.99290562003871,0.5967033787072196,3,8,1,34.0
39.53884628374343,77.61521401662203,52.9645224924699,5.85432691129108,4,0,1,26.3
29.3834041449205,54.482079102390365,42.64104453152997,21.416811395498396,0,10,0,19.3
20.453922529016605,42.26373991392507,15.27165094123814,4.230112109311602,0,9,1,39.2
44.43150937702698,78.25968325709917,14.087796533968106,16.277465331590395,2,2,1,40.0
26.8413635770075,71.51524375687112,53.29937087183827,8.894864649739931,2,2,0,23.4
34.05925356339584,32.94614913689851,38.399174359982766,35.85147908572507,3,0,1,11.7
27.62927568209374,75.82078768481149,34.60665374077887,29.927716168642938,4,10,1,14.4
25.69995614630337,32.66114926107702,10.133951121435484,20.283017557232057,0,3,1,33.8
35.007346602764585,76.52099303031014,38.37315018505025,20.520447565850837,3,10,1,21.8
41.11029775165436,43.384924607183066,41.31718787495748,45.33997545371138,3,9,1,8.3
41.7408556134475,86.34015378506601,22.30362963370446,31.21454233151087,4,1,1,26.5
38.907060694130536,58.40241703600159,54.46015438107187,6.918410668150687,3,8,1,26.4
40.73017605993341,58.39852965775272,29.013035829702474,21.886479670532932,0,6,1,28.2
23.17843233515375,32.11760415025067,63.363772007479824,22.644251660002162,1,1,0,5.0
26.317585631412157,86.10425715318934,52.30352187687919,28.04768032458491,0,1,1,12.6
34.768837325433566,36.78776067082164,40.243714047299655,3.7359796486687857,3,5,1,34.8
20.734525114036728,56.67428754330579,38.079185038990715,22.864596436221536,3,8,1,15.5
29.418095000239845,44.05581046986457,19.444726446010378,37.26187432268847,4,3,1,17.8
33.95526437119553,37.48464507309459,69.95585380938144,14.13104056862608,0,2,1,11.8
43.822756317432436,47.51323114789823,65.04122171630351,19.705624868433326,4,1,1,13.8
29.8511116876469,68.04343887223654,61.68893963836324,42.857611256945134,0,7,0,5.0
34.78153079823793,67.51197126999602,54.53582578359874,49.51524152809012,0,2,0,5.0
21.27561012293464,53.549415233019026,47.47340872911295,27.847289462279022,0,5,0,8.9
43.839455128640424,61.89139860060533,75.09016198082864,33.68832875296325,1,10,0,5.0
39.7557223801123,69.15558035911053,42.96584906218451,8.395018264868458,1,7,1,33.5
30.50330644255192,34.13900566082223,31.369071791238714,16.493693838809726,2,10,1,28.6
21.726652043723085,61.432983232913465,37.436276075839174,2.4463210039996075,0,8,1,28.8
22.29104697588016,67.17716087852043,32.707950216622166,0.6958402526096252,1,9,1,36.5
36.52317192948651,42.9947722672735,47.846815684279036,35.99679968706644,4,1,1,13.7
36.67239358650052,70.1740712328953,64.68964913470431,35.976223416457835,0,2,0,5.0
38.49817145599427,45.88406068469658,40.42480055385149,8.479949235151446,4,0,1,31.3
35.79043897618337,80.2955811275317,57.61977762377028,8.318666060283276,4,6,1,18.5
43.508325197087856,76.62100070707905,65.31016210476011,38.79883311223906,2,1,0,5.0
30.641201541103413,34.703367728350514,53.166725036710744,3.8857495413723795,3,8,1,27.4
40.0680004041068,80.8885209835006,52.91658504273547,25.28957374784224,4,3,1,16.5
34.95762489256311,46.67940984229297,45.33582124347798,25.581984310094047,4,0,1,18.5
21.42075331443437,87.01420326334883,60.51820260891011,35.54782194972048,3,4,0,5.0
35.14724312070318,36.557735931998074,73.84898810635713,11.63441823346314,0,6,1,10.1
31.374303010413428,45.99459008675345,26.18156518356219,1.6643462952496635,4,2,1,39.8
29.921651930823884,65.77305587467833,23.120989068511857,10.262658984384037,2,2,1,36.3
43.15805084408569,53.67118844008415,77.617518711846,24.306231657052567,4,6,1,8.5
33.28430492851719,82.74482372987245,47.210534710223385,44.29301746653658,3,2,0,5.0
29.879074776253994,72.95376059253705,64.7777371718096,12.116661719073802,0,5,0,18.0
20.74926592771129,47.2439008849162,36.796732342599,6.758446019811581,3,7,1,26.9
35.90262502109968,79.2198634998251,41.662052011589935,16.089151337062958,0,10,0,28.9
37.26832127554485,38.98259515823334,23.681661078088858,24.763635053398346,3,10,1,30.2
44.333776434913005,36.60932036241281,41.196201863895055,2.4823075425204344,4,0,1,37.7
42.315122428848284,84.60201750190356,79.2832433887051,20.742977384641055,1,3,0,6.3
24.03846389458417,43.12608860282522,48.44833944043567,47.06001807616406,0,5,0,5.0
35.6399343433483,63.02615162170128,71.94047724871913,37.05082718660918,2,6,0,5.0
41.53642146781357,62.081371911284435,68.4220566270003,35.54677227073956,1,2,0,5.0
25.232921615989625,61.45180974400976,74.66052740116113,43.524069832981354,3,8,0,5.0
30.942769365097902,87.91529182824578,34.862060761310346,18.452451199732284,1,3,1,25.6
21.65461922222357,54.68573063781178,77.01408864687586,36.22255751264118,1,10,0,5.0
21.98240233802357,76.89510245866002,28.595610499422236,30.358188669781157,3,8,1,19.2
34.02171669960538,74.14629447667014,30.20250686061039,23.717910457586676,0,3,1,27.2
23.529690494699366,88.94942340499998,75.22080718308466,40.68571215583847,1,4,0,5.0
24.43348734070872,64.73037922256839,31.408167607403538,42.998693599921076,4,4,0,11.4
28.295015181582983,84.44186369681798,26.6097636773388,39.052521487846946,1,3,1,15.2
24.952956284249506,69.21113262064033,11.386112092697656,41.00869395227393,0,9,0,19.7
26.504958501099345,55.14433305625844,63.01105039544192,10.385952313183966,4,4,1,13.5
29.069216892060048,36.630626311860766,32.10108435017891,49.055148432336985,3,8,1,9.8
22.009343197735504,75.9403322765263,39.27436731591192,25.72333635625682,2,7,0,16.9
44.77507517734673,60.369849529952035,65.88454941762825,28.925621713393546,0,10,1,8.3
28.11267547234053,68.50648081390622,50.65544819531472,0.06042512858433491,3,8,1,29.6
21.105451957738836,87.77320017580178,77.1403049273928,12.217670528666686,2,2,0,5.0
32.569523200419695,76.40636374300844,44.95765102908434,43.06568183773853,4,10,0,8.5
33.81243982608356,73.80710828645593,42.870515319521424,18.113772104372757,4,3,1,23.9
27.519317817120847,81.20198659838914,11.824198451597654,31.75558150854309,3,3,1,24.6
40.01481552141041,84.73570107990528,59.844166798201165,4.280600283113889,0,6,1,23.2
33.9493216019372,46.99967692803613,72.32141516254086,33.438054457023384,3,5,0,5.0
39.12004149670387,42.41871162371625,11.894659634373907,17.93703031088597,1,0,1,38.6
39.59506985500934,32.801779677941944,42.21051639466471,6.107951340872381,0,0,1,30.3
41.86048347258374,45.633390157898376,48.08438014980176,7.298680589864659,4,7,1,31.5
20.265007771681503,39.28006065897603,74.05000405054693,12.825076473709473,2,6,1,6.2
27.133768331411627,57.831676440915345,36.427875805001094,30.746834312989428,0,1,1,17.8
30.245275436809145,79.59746425608276,78.60627616596828,30.95339865951917,2,2,0,5.0
39.43820027746754,57.69413366359376,54.99063531028649,3.66716594137223,2,0,1,25.3
40.54637083528318,73.30525852632648,64.83648901747341,16.333212657564093,4,5,1,16.7
42.668729334918474,56.373088553901496,72.80477588342356,5.161015486148324,4,6,1,17.1
36.50492250714626,67.94678688245497,53.238753584356445,25.210116338828048,0,0,1,14.4
27.527496710416603,74.99246247811367,13.782155053436753,26.777940704838176,3,3,1,28.5
33.39746635229622,80.16176925443412,26.553127447156832,35.60045772546755,1,4,1,19.4
20.26733098226102,34.14924379370577,62.541720942261954,7.717392115335797,3,9,0,12.2
33.690423946394475,79.22842143022409,30.098178857966424,19.552686198269107,0,0,1,27.5
22.535380479249525,50.30310188295137,24.203181901281816,46.10319660588621,1,1,0,14.2
24.1504439708867,73.55177867646871,11.01995633690421,29.71071941291455,3,7,1,26.7
41.374689272808,87.67803348796159,59.39963214720711,44.872026056132,3,0,0,5.0
24.14916854818649,56.25081269040622,46.27204226557585,19.355661902432804,3,1,0,16.6
43.56223129024319,39.17554355167735,34.257155196870244,30.97741134634669,2,9,1,23.8
21.788189352307484,75.78242966647002,73.58001733635578,26.773919983556755,1,4,0,5.0
43.74288446481537,64.98187692590038,32.914482754176525,6.465790947906886,2,0,1,40.6
20.8964118686944,33.94998790571839,20.062549720661128,40.347044017168656,0,5,0,18.3
43.012409640080726,87.58657067548882,30.27987418256017,4.01080613029734,0,8,1,38.3
29.7587754468784,77.534922440155,21.291793777570383,3.642663683664371,4,4,1,38.5
40.79435537873458,81.52839539190998,65.16776874038993,20.110564279954584,0,7,0,15.1
20.640155230346302,47.39614449868108,69.04013269676817,33.063257732598416,2,0,0,5.0
36.25663898462669,68.22286079352799,53.82620643754846,45.26861157609565,0,7,0,5.0
20.59051785366923,74.46994988924408,22.397230961438495,34.54584527751294,0,6,1,22.2
35.10463336010366,81.6338243667733,60.60983322648485,17.800688471366723,1,5,0,17.0
32.83860290130788,35.982229347883234,54.246333916019616,24.118954570703156,0,5,1,9.9
40.00624194014726,43.82594831614702,63.437198069075,5.799813766922685,1,9,1,20.3
23.27433078711858,53.70412081145267,51.75777417163245,33.66070100792009,0,10,0,5.9
41.920049808601476,83.64401803467315,14.726453601361706,1.9198621023061968,2,3,1,48.4
40.56585138983428,35.633633862976396,11.499520417887668,22.324014932805813,1,10,1,39.4
30.320026900941166,48.61387439429004,40.800234260826045,18.84687404617564,0,6,1,22.1
35.691903237173605,88.02799048624411,76.0608963376421,41.05639781449228,1,6,0,5.0
41.7282723275164,32.27462109043351,78.30056346693097,49.28676705538837,2,3,0,5.0
32.91174185032334,86.42835628316699,60.65402054527354,38.84129344799823,2,3,0,5.0
30.765244398343278,89.06896654135888,44.204036951549114,34.502388100534716,4,9,1,10.2
33.38962243255645,56.26521928493753,54.14621642756239,43.42254049707161,1,7,0,5.0
44.57529243985846,50.46179530840489,53.39681466531735,27.773558933839976,3,5,1,14.6
43.09556684198236,47.89572304790916,78.81711214948898,28.87455099380955,3,1,1,5.0
39.99813167398321,82.33775522536143,30.43141157225848,33.45444130918624,4,6,1,20.8
33.98939766722772,76.41807803933662,13.727345473866075,25.568042765356847,2,10,1,29.7
39.772286247837215,52.288390383634365,43.43654225428576,23.82534572033607,2,10,0,16.5
41.365140180316615,42.637766388615546,59.39905911152623,39.35080328945739,3,7,0,5.2
27.78517536088639,66.91755595311744,57.44981725797935,9.044861629944212,1,7,1,16.3
41.42537187313975,44.46625858169897,38.77994263928831,17.196480729442225,0,2,1,29.5
36.166852631084424,61.15343367132263,33.89665792229997,10.738876437122375,2,2,1,33.5
35.36225223115905,44.01554331199178,48.29309400944734,19.53009183128272,1,3,1,19.4
38.38939708250386,33.55936093173523,63.67348855032078,29.147232736999207,0,1,1,7.3
44.97813484683783,53.43109841288249,63.740063483863764,46.35691736782374,0,5,0,5.0
31.049369931791574,36.30881566075461,35.45978127739295,18.990309606159993,3,9,1,25.8
44.376376276837526,73.23279084828118,52.92001701449038,46.25752292449833,1,5,0,5.0
31.911301307370138,73.50676194347444,17.013457402380812,12.356361140177125,4,7,1,36.3
29.04423641022548,44.61906344008143,77.12831869874948,17.923538146805246,4,3,0,5.0
43.92271550323416,68.0466448821503,36.37078042872912,16.748284078224223,1,1,1,32.0
37.51862656527142,39.3083309372984,48.683510633863435,47.127313677125905,4,10,1,5.0
26.408320422031704,54.61664484269441,53.745415156373994,46.552549042772995,0,3,0,5.0
28.210068030538064,31.139223962750567,16.201375405406058,36.181252840431235,2,5,1,25.4
24.205086193957726,80.38239685499613,65.24553838164844,14.218406625971575,0,4,0,10.7
24.259047206128315,69.50361623025053,44.636516115220225,10.37710372936913,3,0,0,21.6
36.8487125311466,37.776378399048546,61.478010645182785,29.7995889643354,0,4,1,7.9
26.99565662189188,80.78864486524444,59.004356279559005,21.169363031383963,2,10,0,11.7
29.212504274441336,84.5227908753314,67.54960866580247,45.2172332447355,2,3,0,5.0
27.83812761361502,86.58327557557824,75.55560860354457,48.195452457080776,1,8,0,5.0
33.875840327284976,33.530490973598134,34.52318419004976,30.99570486201644,3,3,1,17.6
42.845202817231936,35.138926881636905,37.25408449019725,47.5735282752308,3,7,1,12.9
36.39527744861148,31.635047859451056,58.70771993312664,47.451083602918644,4,9,1,5.0
31.08223644501803,33.494337380718555,18.2016863819182,21.20022133830043,0,8,1,32.1
34.08376161083899,83.05744350308636,69.86611796096274,20.502928396304004,0,1,0,6.2
24.020149190732035,46.51222770529984,16.824327459801456,31.432010577709363,1,8,1,19.8
30.33281050870513,56.10154928402416,69.67913847947364,37.97845120359361,3,3,0,5.0
24.02209344498268,59.96254903305363,60.14130602335325,40.36200723394899,2,9,0,5.0
24.887764490205655,63.173374807557295,31.68420118691316,5.807275216216584,0,7,1,33.7
28.644778918404796,66.58654560651334,74.67307141507834,47.73263753276943,4,5,0,5.0
30.95525245466149,37.829704993170274,15.745956795463236,26.167038739238567,0,2,1,28.9
20.005485693363948,71.40150763992392,58.50937737308072,43.00737450880817,1,2,0,5.0
34.97211962227999,68.92361329869556,43.31619097938987,24.3273229726779,4,9,1,18.5
28.42717265730075,81.37883738024772,47.53385875274951,23.170727851423838,0,3,0,13.2
40.8410691683073,33.16865347696668,34.689911043670705,9.385299556199433,2,1,1,34.2
35.017777528601655,76.8857458386363,19.943265100391876,0.5190127099164332,4,8,1,42.0
37.35813498164754,47.51812786871133,60.41464165104677,21.629893922260752,3,4,1,12.7
35.08912559472088,32.503590507978636,41.992340642203736,29.637395361021817,1,2,1,16.1
32.60583136814666,81.3092325925613,71.54517936957372,43.111083409328785,1,4,0,5.0
37.248195966338656,72.97274370741863,50.580008582192754,7.703260256092498,1,1,1,29.8
21.05320781157777,73.85328035480018,12.550682766076058,23.501141445724617,1,8,1,31.3
40.692451523668986,66.73878674655117,56.4224295264995,37.383996346963805,3,1,0,5.0
29.67553222314186,60.42289869199108,45.36489102108959,36.74732295930835,2,1,0,8.1
29.310970953478474,89.96836727866605,19.972249036653672,11.63662935063181,1,7,1,33.6
23.634043117666362,89.28151024118868,67.52895166075913,13.007456677517398,2,10,0,8.2
44.61252741973115,77.73547355194927,12.914862084811908,42.015611535832335,4,8,1,29.1
30.479529744649817,50.52064882245509,62.48567122747705,11.4782374627856,1,0,0,14.0
29.946128862944168,85.82053208781036,79.9594575558871,8.920804528278714,0,9,0,6.5
24.530829970845367,55.358667324526266,55.57540084006107,44.535768567157845,3,5,0,5.0
28.70834600211684,41.02653249731602,15.63981914755002,24.051003255615782,0,8,1,30.7
40.304478771146094,65.91180311927462,29.504178076327527,31.126077245236505,0,8,1,21.2
35.09964890860638,45.51265402198575,42.291303004203016,26.116073483123575,3,2,1,18.3
43.20813253908143,89.83084921097478,71.52242370941235,26.897734501372657,4,5,1,5.0
43.215848711439115,31.12098481718148,35.95077071161435,23.91089346426855,4,4,1,24.1
44.28997277329976,34.596409958633345,74.90421261905114,19.964757956435626,1,9,1,8.4
27.215009992375016,89.55762969491236,15.477196215997836,8.225032783447695,0,8,1,38.3
36.51308386572059,78.46456368121802,43.19423996752281,49.884388436327285,2,5,0,5.0
20.158015411962946,43.82726609294388,51.41556356433529,49.950896074096235,2,7,0,5.0
31.03511559601577,87.38333452291008,23.40483870621381,45.57344939402721,0,0,1,17.1
31.004331157795594,89.73792490323063,20.136850355594564,46.493157634558834,0,1,1,17.4
41.13877850360177,68.87895654485027,46.17914181325868,39.84588470199879,0,4,0,10.0
39.04528732933719,54.201996941984206,11.683332754590259,49.23859709942605,4,7,1,21.5
21.55400061922024,51.28960058538958,38.190049267037594,22.095853884653444,1,9,0,17.8
24.791346938072163,41.4741957418242,78.788317666557,22.441940588010194,2,0,0,5.0
31.91118689184379,32.8464782508023,74.10524169451521,31.427525459011918,4,4,0,5.0
37.21239908945026,84.5662886968853,20.64345997588158,5.8140947760184245,1,3,1,44.5
40.856265609184035,51.03344235035521,15.560598798249815,46.53631574750016,2,6,1,19.5
34.67243374891747,66.80790066971613,63.34275469349775,21.68762970653693,3,0,0,11.3
20.95616480608477,44.75674927242003,31.051054170994075,23.59545509687983,2,10,1,18.5
36.927475428071965,61.21368146909998,14.241709038271502,31.79408475304638,4,9,1,30.4
37.87568307858714,80.03829833136078,63.99314130591137,4.19027896573107,1,8,1,21.5
33.2708398281018,83.39404103350299,42.87408661885104,26.373406564695312,4,7,1,20.0
24.50675741744839,48.69509887257948,20.698732389644668,2.4727131135842626,0,2,1,40.1
37.04193707408736,34.904184019927825,40.595419208997164,47.69428380020496,2,5,0,5.7
28.34448158636669,32.43100974377501,46.051576145600464,4.2789398240289875,1,0,1,24.8
38.621164547350304,44.02924039538316,67.39156343134292,9.074988801047946,1,10,1,17.8
38.3004588109812,79.2471955966747,44.47374774379484,7.4003835601804955,1,6,1,28.1
33.880178444038826,73.36364264181205,74.97988305393669,16.179688410891835,0,9,0,7.9
35.45659379186226,78.25336799286166,18.756996361674844,38.38541966836615,3,4,1,26.9
21.990512336085366,36.7576751668374,44.81410129409296,12.543618556418895,4,6,1,21.5
24.83959719307275,32.82128940171324,77.13675593926045,38.880435633526126,3,3,0,5.0
21.742410534660273,34.345017789797296,74.46893172326489,17.879056727482773,2,10,0,7.3
35.61709334123328,81.007455248485,55.209870101794,47.625155346821764,1,4,0,5.0
25.884263370401953,30.949056837470565,70.30805008001379,16.74930165719566,0,10,0,5.0
29.951530610763832,66.11173959182884,65.98140205350074,8.211818493729211,2,2,0,16.9
34.459969252318984,43.44523433318071,34.857837011288915,32.90564453718933,4,7,1,19.6
26.491572878513832,78.34322587191144,29.61844179691721,21.073025278152162,4,1,1,25.0
43.14919496764249,86.84917487580478,69.83938981574295,32.92181895775909,2,4,0,5.0
30.698573296832322,49.2522582722364,37.9712511373464,49.856896814531446,4,4,1,5.0
37.351157453089144,58.85686884948454,63.02274427855002,30.649413026610763,3,9,0,5.0
43.95481362196635,76.32928806115169,60.55370463378407,23.62901009752764,0,1,1,16.4
38.1187757379503,86.67426663720079,65.41727712603529,29.57363435074442,1,0,0,5.3
41.05321230351072,31.851161408453486,56.54790406460426,16.665131234931053,1,8,1,18.9
22.836770421204733,38.997067377718075,46.58754804665972,48.0804362548795,4,6,0,5.0
42.5951495748127,61.606751219587494,72.46407439220968,5.266918276851301,2,2,1,14.9
42.36083046449046,51.50761656295618,23.992492360129575,43.06906998550535,3,1,1,19.8
23.96387967925873,33.136893500731546,10.533339735056721,27.705008135049585,3,9,1,29.0
20.604549935763877,54.83066993497384,65.80517061386932,37.9480830848586,2,5,0,5.0
21.423881614658672,59.39046587025648,21.050688761505647,29.481150001950734,4,0,1,25.1
34.458814571929146,31.23311356575942,11.773291778160925,1.1749976478200863,2,5,1,45.9
35.551269774407665,38.00941855834002,70.61760170086694,23.175851515274026,2,1,1,6.4
35.65586245339287,52.01092631034234,38.3959730591075,49.40198694078362,0,9,1,7.4
36.624363639688966,64.846105254865,26.766431283528558,5.097352272369254,2,10,1,42.7
32.2573719851656,87.64191713689168,16.594144361702476,31.033459233344225,1,1,1,29.3
26.299397765169765,68.45027758428921,54.40174974021301,8.666165787062502,4,8,1,21.9
40.067997319154934,72.73677051546412,43.60024787649607,34.90640680371863,0,8,0,14.1
21.635356903022707,43.25993894597767,55.34586679654446,30.015739156070047,1,8,0,7.5
28.939383062711208,66.32626027157086,71.53260689627535,13.98803671149329,1,9,0,9.0
28.54565185432637,70.2378989930416,26.226613510689813,12.74252573044673,3,7,1,32.4
32.432007341616206,66.02196531390221,35.2678281569263,18.997382942231265,4,4,1,25.0
36.34497696678678,86.3737639624336,67.68055243224438,8.727690055899306,1,7,1,16.1
24.84839669310932,73.9260401090043,64.81794913995589,41.64524528912618,0,9,0,5.0
28.26339464593252,52.595134989973076,14.08039040243303,19.19403444441305,0,5,1,34.5
33.73248707072238,87.20402072042197,78.83906306657808,6.659288892354947,0,8,1,15.3
31.458966823667968,65.26544166921367,43.429756565645285,27.527468341486745,3,8,1,15.3
32.64926262727991,63.898656168822015,73.612795141421,43.65150269946423,1,10,0,5.0
37.568955043917626,41.60903537356273,34.30056785282329,44.17843597764797,2,4,1,14.5
31.967728082935356,38.23712827261265,10.887201377365283,9.689647384401784,1,7,1,45.9
36.82060382232947,34.0845556702055,34.21050063536978,42.712623682105686,3,7,1,11.8
32.08422565417235,85.74682049625761,45.594449780365345,35.62861112859208,1,6,1,9.8
20.810473805750632,82.2958759704782,22.2344232660337,35.66525847036014,4,9,0,15.3
21.297994270500773,59.06137931819458,68.93231992597185,2.2447112006593937,3,7,0,13.8
27.20933316748792,72.34732051541972,16.516863328387185,41.222753213130595,2,0,1,22.5
22.86985946310663,43.332721351549715,76.06990058338101,9.816354220041262,4,0,0,5.0
33.13245415982644,81.69650592842117,19.882805302961636,21.04274701953092,4,0,1,30.8
24.517915218484955,62.71136026392312,13.076113524223896,31.986137561749732,3,6,0,27.4
28.972634432244558,66.24123672624467,75.02168423985327,4.026185862098918,0,1,1,15.2
24.66614436120489,86.36796049161507,69.1687886359341,22.679890598424617,1,9,0,5.0
44.87218265851966,60.87415648868601,66.79638675387054,25.76024259068882,4,5,1,11.6
23.519561875104284,72.13007970632314,36.31094952173832,46.86016957472933,1,8,0,5.0
24.675219086007488,67.88742197722804,77.58186456116528,16.522534701770823,4,1,0,5.7
32.43815925749903,54.411231616716115,72.24107930786518,38.717255392970365,4,0,0,5.0
40.06171597588593,51.032808639362806,71.18548355239818,39.723735283031225,0,1,0,5.0
44.99562244399214,33.776750462264204,49.01798761716127,21.323390001143306,4,4,1,21.3
35.215028425977685,77.66535108929153,20.520291151185283,19.353608465485735,0,6,1,34.5
44.756283738421075,33.774494991822216,15.055306434833753,45.95929063604313,0,8,1,23.8
39.975796626140834,73.80121521035053,71.06657808325792,5.962336684593151,2,7,1,16.6
37.92136366643646,83.7851962970941,19.218503123623357,49.16237912458071,0,8,1,18.3
34.15469072916203,48.812831529883695,43.10045120395665,9.730431865925615,4,9,1,24.3
20.55412681846186,73.04994707491906,71.19444456942284,24.505447315803636,4,0,0,5.0
22.8639847044318,78.11611416425018,32.72250818440354,2.6651129685698995,4,8,1,32.3
32.9010856439909,70.65708001807495,53.65252863084111,1.917066766692238,1,0,1,28.1
41.44214217932824,33.28404420603861,45.23734709859787,37.51044833289285,2,8,1,13.2
31.433674204345856,54.21546944827253,15.857038774992365,4.147898208687617,2,6,1,47.1
33.804576691278754,74.41172063964876,24.759524597391017,30.67347433983757,0,8,1,21.3
31.198568405945856,60.747018967124184,26.43884311850363,39.661168360219236,3,10,1,15.1
42.015413169142896,58.26122386847545,26.500317842345023,7.039018669712894,4,0,1,39.8
25.398518830550643,50.1089292201213,27.54663395644851,13.09583677696638,3,9,1,29.7
25.966893239693988,46.87008892265624,17.75248530049921,49.36141980656176,4,3,1,13.8
22.819465678564995,41.577657715489494,13.251860556034666,41.47502501870461,1,9,1,22.9
31.08319148998817,43.00944018329094,49.460154869379664,19.44634765184811,2,8,1,17.5
38.66818734818044,41.268678882976744,64.49965013166482,34.88254209540697,4,6,1,5.0
31.274575368931238,35.03960724262519,58.35221592589011,36.13483040497228,0,6,1,5.0
36.58931629923733,67.95670556740167,22.03465796371686,34.020737148854344,4,4,1,25.1
44.64129428033327,38.10976963235515,20.208026496037377,14.509857773955575,0,7,1,36.4
24.35077456565116,30.67368001131122,52.02568482268803,46.769497913405175,0,2,0,5.0
31.10756629896569,37.584932136197594,53.93037123254612,41.688112563194586,3,9,0,5.0
22.999854380180743,47.692137585019765,10.768103611688051,29.113481588648916,0,8,1,26.6
36.84307052740306,46.04921594836408,74.56413220904587,12.022431300187508,4,4,1,7.8
40.41829967933013,78.31213520503618,26.393443801048722,17.709952934141764,4,3,1,27.6
29.72395598712476,86.59494352344385,19.57998116472789,17.500042707348378,3,0,1,35.3
43.05783974902575,32.99242024750838,51.1746394619616,12.071259584421934,3,3,1,27.9
22.00538342709273,62.41408683121126,22.044277437589002,35.68221661209291,1,7,0,18.5
27.176819784745046,86.40310362246082,33.01897682718388,35.195357629257536,2,4,0,12.4
22.117462304435456,41.952334996891345,57.61895956958068,18.481961730546185,2,3,0,12.1
23.772869464101824,81.96666742488051,60.289787854092246,7.955669552946376,2,9,0,17.5
39.017829502897186,68.78756899846266,21.91777014755862,47.632128815915166,0,5,1,19.7
27.82810505896858,38.66042132432899,59.943410152295485,12.476921657659945,1,9,1,14.8
37.794653332139134,35.24768057655307,59.872865910906036,34.405666033150624,1,9,0,7.0
38.50716880554267,73.76645567837647,38.12219630520582,2.5166696042435044,4,2,1,35.4
40.1672576432283,70.74234947430197,35.2424076401071,34.92861435711095,1,9,1,16.7
26.929573072916163,83.4038611117202,74.98061389696515,49.87231573331157,3,4,0,5.0
38.05341183624595,75.51949555197973,31.49379325743625,24.749617699885484,4,7,1,31.0
31.244874926081266,46.61319416166616,31.50222949116496,10.218758093487407,2,3,1,32.6
42.863482671855614,74.64008151992437,57.50992940590789,20.73183024303346,2,4,0,14.6
23.48133557621239,88.76978044674306,28.796999427359076,32.1141057325618,4,2,1,20.4
25.682386062432137,59.372998568235424,79.88408071260643,20.369951109266765,3,3,0,5.0
20.81492134766758,84.15799610893532,13.838148020696181,27.51828557104714,4,6,1,22.9
44.50304985577459,42.40823054272694,34.6769653960809,35.360099300039444,3,8,1,21.6
25.91714351414292,40.78979477562146,32.54169600713455,23.680492994441178,2,2,1,23.6
35.066086204784355,65.18187671173027,11.005314886612336,9.978475512021923,2,6,1,41.0
28.637852932732393,47.25742509595876,49.635837731514656,13.406268217025124,1,5,1,15.9
27.299551706050273,38.271057634594854,52.29396916926327,11.099350762449223,2,9,1,22.5
22.105816063006483,85.16061187487911,15.417370231560007,38.04392159817178,1,1,0,15.4
24.485946763562207,47.48910419500637,61.88166225857426,33.958432650233185,0,4,0,5.0
31.855749124214846,40.67968098871746,40.79826526359943,25.352229135507827,2,10,1,19.7
28.736291350024956,72.8297272913953,49.40117707514763,16.125322534925957,3,10,0,17.5
34.035287504507885,82.23354019687739,13.547773658348934,13.331014762037436,3,6,1,40.4
22.630834239573645,72.29307336599108,49.54987630649278,31.301315047304744,4,7,0,5.2
35.172323137068275,63.22767125873195,69.92222038389905,10.52900949574968,1,0,0,13.6
25.281826751604935,36.0694359837657,78.61395901327118,0.8706623324724105,3,4,0,9.2
37.80666019685975,82.74462147061601,26.757852431874465,1.5757370638702695,0,4,1,42.8
26.221482765009874,54.63122103477891,64.97011622998019,39.986881084993406,4,9,0,5.0
38.589582542231696,42.474650609467915,39.48642142731332,43.05841813973251,0,5,1,9.3
37.865277057979355,34.67155270444473,60.63049643278211,8.95854254884178,1,2,1,23.5
41.34434354183595,30.170363279298964,66.72828872398291,30.75816496859997,4,3,0,8.5
44.76182611477323,44.77161895479963,32.90178408299951,35.66140120248516,0,5,1,22.3
26.82635526532536,83.25903782447327,19.728217402907884,25.433688660777538,0,4,1,23.4
41.32205081262788,68.21958398502053,25.310179682576514,48.70089051927214,3,4,1,19.0
33.67365528217527,67.61900998616548,44.33397751938183,8.452177168192703,1,4,1,26.0
35.7191594995642,34.432399070871085,21.655533325760604,32.88913921565108,1,9,1,25.4
28.890454413572094,81.022797738068,60.0712657996865,14.698827772444883,3,7,0,13.5
34.896858592317464,42.57904342996726,34.689033855942995,48.24398781331175,3,5,1,7.4
44.19741133909936,31.950867483589573,40.60877925668686,23.092470544342735,1,4,1,25.9
40.302171330117204,39.61275260896208,35.17676095704218,46.1882241781174,3,7,1,11.5
27.483151217481844,46.51202186334423,54.718471874579755,12.040637949873156,1,0,1,15.9
26.99470297546482,66.2162749660545,33.952737758965924,29.972273878660726,3,3,1,20.3
28.668860614439545,84.12855776600632,27.87231881541372,13.72947711897491,4,4,1,31.3
42.983693230794344,89.29382088544136,79.87317679952938,19.27673514061214,0,9,1,6.2
44.440752770160344,48.63499900559235,45.894328073487955,39.9308514504253,0,4,1,10.1
38.06089727631603,84.06035733371198,78.47579443890343,45.61123168732074,1,10,0,5.0
26.88194635268005,65.79523278207604,65.91691056914726,5.3832112935642105,4,10,1,20.3
32.46851972026015,76.53988798134012,61.704572828982364,41.75129023321438,4,4,0,5.0
36.07122051065346,57.91929059245328,69.52252001737293,8.435839507983511,0,4,0,13.5
20.061061280183534,79.0165377776303,66.58886877852461,40.11576165561223,4,5,0,5.0
38.169303417257105,40.35906442062183,19.391102192847693,48.463802234608124,3,7,1,19.3
41.29621666730117,51.40154265820502,61.52744237289977,14.51016040812071,0,2,0,17.5
41.921807869055385,56.49068049433062,47.463792879760724,8.131342079770388,0,0,1,31.1
32.987502964730844,63.67674340631543,52.80106281008074,44.521742850244216,3,8,1,5.0
27.790743214547206,78.2046678412629,79.72604234185823,49.456048976518396,3,8,0,5.0
30.116121944269665,60.523949990524294,37.73104773801603,21.278778986804053,4,0,1,24.8
38.01764012060137,64.14623054981655,35.58368334188286,13.27484147630793,4,5,1,31.2
32.11664261083612,38.60463640521267,48.72826384435927,49.65385334176267,4,8,1,5.0
27.834932877733497,33.37056427441533,10.136764590447205,39.414753291744844,4,1,1,25.7
31.883852650397245,69.79219445524254,37.66565766463666,21.05701695834885,4,9,1,22.1
36.98560296586662,69.94006733598039,19.19902817021029,13.810227949419646,3,4,1,41.3
41.152684240631224,57.52890035494027,73.77145122993566,16.59080632838884,2,0,0,10.4
33.82799668969189,88.7273967804867,13.631229788534363,38.434498814234544,0,0,1,24.5
31.426353138259064,75.82847650463637,62.904604004461554,32.01495871589327,0,9,0,5.0
29.175197776936766,79.16106390922008,58.191449224151214,20.9567331835257,2,0,0,13.2
27.83156691535572,47.67385147105837,38.44709083977288,7.217270439071805,0,6,1,25.3
37.72170915633375,31.579397981090775,43.0738365785556,14.318482799693466,1,5,1,23.9
33.446056704522974,79.8355566164584,76.74171595355112,37.406747533917894,1,2,0,5.0
33.21987368718899,65.29893883723689,60.169397692041876,21.210985735797255,1,0,0,13.5
28.15873767294391,80.12116248821661,21.418574612467065,14.748322292299177,1,4,1,33.0
44.73842426996124,66.0874498565628,16.23171051042693,26.209073302678842,0,4,1,35.3
29.98530597907144,56.63577246328429,14.672172750822858,9.62457917050043,2,7,1,41.8
43.378455399782396,51.332643252483265,19.624453046501134,9.78147370153048,2,7,1,45.8
27.354862244623696,85.1746796708326,11.258918658015345,10.456606013806653,2,5,1,39.9
33.084277361983425,80.96643962854603,75.42262370439104,12.654269536660228,1,7,1,8.4
20.993023403199615,52.71633565345782,45.28760074135923,31.828559995834144,4,1,0,11.1
23.13947528382574,56.09309228850691,70.65887166864223,12.60864020924004,4,2,0,6.1
34.94726607764559,60.03982838247846,53.879235398031526,47.94101158456813,2,5,0,5.0
37.627289695040275,79.79046850320094,50.586891983544994,9.700670965169778,2,9,1,26.4
25.2554557841774,35.68526159666407,10.226265611370325,16.847554334166347,2,6,1,34.3
31.963355282454863,45.129494869710726,39.767187749253026,43.32551058624818,2,2,1,6.6
44.859361616889295,88.63829050639268,65.56224526257895,27.429181483637176,3,2,0,9.9
34.38213752036256,88.83392814475272,50.428409533261416,38.62966772292899,4,2,1,6.4
22.252116800373553,80.73284882336387,74.14641461573103,48.10822507195709,0,3,0,5.0
26.240862864804768,55.873724091078564,49.185477257821006,3.301294147264744,0,3,1,23.2
42.59677868017403,33.41614611800397,41.29479848646025,32.78606226924305,4,5,1,16.1
20.956071327687408,88.00614645627437,42.307096669891216,19.59770884039606,0,0,0,18.7
27.65034741724085,31.60775455795976,10.594497513598624,39.16965206400537,0,1,1,22.6
26.725110552312703,69.90483135401195,45.733869734353824,14.051459862654902,0,3,0,22.2
40.97407581486292,48.483689223652874,59.6637352737978,30.33706961666627,4,10,1,12.2
22.87102052635956,38.99702556160349,45.004505011927094,41.924885052166076,2,1,0,5.0
34.94071364800757,52.79114470022843,14.863312973658708,22.40417901086894,3,0,1,32.3
42.144903189109726,43.02624450516117,50.44370932313463,15.708516874773714,1,4,1,26.0
43.905418968900534,48.092593795314166,49.22424663372631,14.755668953350199,3,7,1,27.1
24.704681877828925,37.079587797029745,42.77316236289812,6.397287392799278,0,2,1,29.7
36.80864168504543,79.59437838261579,56.19347683550711,48.07146897269314,3,0,0,5.0
33.72261150135087,32.53236272705318,70.04091268653052,35.35614157031594,0,6,1,5.1
20.148408244996617,47.90403831567729,36.0256225719383,11.896904296509025,1,0,1,27.2
28.232049541765935,45.41824777868085,15.754184409122065,33.67716548058758,3,7,1,25.6
34.325696262665204,81.40499438232348,12.84893618219117,18.230580833674253,1,3,1,35.5
41.99898837159727,49.63750537548634,51.24019919790642,25.476454730575615,0,0,1,16.4
38.984886080861855,88.56675097174181,43.97825453327387,39.73563074619692,0,5,0,13.9
23.11667883159137,55.106354436057295,28.118070241507706,3.79421793824839,3,0,1,32.9
37.0760022041447,68.04273319905491,37.93305761266549,40.63779448663883,3,3,1,8.5
29.944120597297957,66.35920786983215,79.3908315848989,48.3216289317835,4,6,0,5.0
20.29228816959195,87.0077356642471,36.608222532574054,20.2707299494769,0,5,1,21.1
25.484896929641014,30.016896336487058,28.338823928153502,43.99327722909783,0,9,1,12.7
20.589846969240053,37.435084425883474,32.30295287014302,40.30298481470179,1,10,1,10.5
27.15139461633312,44.76444523571781,15.506835386555958,13.142608219916923,4,5,1,37.2
36.483894281090784,35.69692515708792,60.33502606232025,44.04681406461523,4,5,0,5.0
30.815278615415547,38.77299625558641,19.472908506867086,5.660129306942929,3,8,1,42.1
39.93138088221936,34.05508226213831,64.0307041642659,25.077132822750748,4,7,1,13.9
23.838830666113058,48.17343698383285,56.12216550240035,45.354447134092794,4,1,0,5.0
31.259154082384914,45.94870787920509,36.80553248430604,0.8781196179931894,1,2,1,36.1
38.68696042227388,47.45849055696204,25.872085227980723,5.4631993360388655,1,3,1,42.4
28.34958611537676,54.99294502300533,31.32754740100854,20.71113782791139,2,0,1,22.0
40.00558275385665,77.90233305720803,40.30272233158118,0.07261483783974065,2,6,1,37.3
38.50250046271234,85.47719645691166,63.57904486352079,31.42662522331185,3,3,0,5.4
43.83620319389936,33.11253896236626,60.06598884980498,30.011160944731614,1,7,0,10.9
44.572570472923516,71.44938319411736,23.577688781337233,2.3414790207260614,2,2,1,45.5
21.58444660228917,82.80857316819066,20.931408963817052,48.36856354211702,2,10,0,7.0
35.68360493759641,37.0435670759766,56.90764404640845,29.667236577064283,1,0,1,9.1
40.362275035180176,48.4087521518004,75.86738000511586,3.212504404643113,2,2,1,13.5
37.76496116975615,42.37491524140198,15.10770703356377,12.64165226528149,2,4,1,41.1
44.216708232219005,39.55357026255854,52.04211451116199,19.303271220490902,1,8,1,21.7
29.216939768023273,66.60866102638431,30.587180750126674,19.906710761243364,4,7,1,23.0
32.759927077926804,36.30973840194385,55.36062602444449,35.03688449967944,4,5,1,5.7
31.48711508727625,89.06189815422263,64.51929452176091,13.035773823103202,2,2,0,14.8
26.462803871823276,43.72795548398099,66.4888452758932,39.47807147660224,0,1,0,5.0
41.94544598549009,64.9205320729295,55.31046522765516,14.968959149999318,0,5,1,22.2
27.321376833317842,47.441686762772946,23.152569990358614,5.624552699018004,1,2,1,37.3
32.54899675757842,66.18889458231115,76.30058602603665,17.325620777591144,4,7,0,5.5
32.2234045610089,72.28895727994498,45.92011653124638,35.2443229637472,1,6,1,12.3
23.54551414785216,46.27356066709568,32.410827574002234,42.889738189820136,0,3,1,8.6
41.25985111510965,83.88548747935238,53.20130784247803,43.36477327298108,3,8,1,5.0
31.378709401932383,80.97934219177341,60.19574408386428,26.45670429218966,2,1,0,9.7
25.17097974924236,80.32501800099249,18.066881025080917,7.385452825187505,2,1,1,34.9
32.49628317768291,71.78500871594572,15.267032924274359,20.39476155177012,0,4,1,33.1
32.516663820059875,76.97471863146617,55.803807499737566,31.620037090894197,0,8,0,11.6
31.361271516004354,88.01235116707481,56.322541737245025,42.94657957982898,2,6,0,5.0
38.76543307285251,47.9170119553374,67.02384764657391,39.142872817932535,3,9,0,5.0
43.92684624987551,36.10645456914571,35.96088236915483,16.571926147464634,4,9,1,34.8
39.710675703636326,89.8747056652435,32.457520879289845,1.9754013503298529,1,7,1,41.1
44.1338475000848,81.87626376979813,15.029304757732747,12.017900365982864,4,2,1,44.8
30.80775928498757,58.0214454759281,28.447149757614216,11.789200016799533,4,7,1,32.3
26.164151824207522,45.637888589602404,74.03187558103293,44.650615561849776,3,1,0,5.0
42.60423568005732,33.3927874158145,29.1834124960379,41.77638791243596,0,1,1,20.7
21.492104209676405,45.22374985508344,10.711173185207869,23.82278907127119,1,4,1,27.5
44.68807565614367,61.00112229237607,13.23731418983471,7.6598772802802415,3,7,1,48.6
37.42566320190558,36.79864524479567,25.583254538459137,7.280838121831118,0,6,1,39.0
34.52411937262272,51.1103667142592,42.74506719100516,18.846346334215582,4,6,1,20.5
25.098880678696226,72.59177686517256,32.610699730064354,10.827932731525452,4,2,1,30.5
25.821402742996792,51.370717441520014,16.267431355136935,35.50263732422758,2,6,1,22.0
40.335302805289075,51.2356393564561,34.053541479806256,11.448955685713024,3,3,1,36.0
41.877807083590525,35.13924588044421,52.45591060481205,7.129746394871484,3,2,1,22.7
41.16416683088036,34.365276158538634,27.308440176316424,38.651158285763884,3,1,1,20.4
39.377617705830914,71.87198382937798,32.41965003094916,30.00420241752088,0,9,1,23.5
31.537545232447314,80.84499470930842,46.918582833204155,2.2338778336765506,4,6,1,28.3
39.35129136815996,65.88427645723152,72.46748055304685,39.65040713813878,4,6,0,5.0
21.43961653301857,81.83095337200058,13.994839977916383,20.67176387264918,0,5,1,25.9
39.29566685570735,78.47574697259427,65.77655752467663,40.4608680001742,4,3,0,5.0
36.317113768738814,32.126184744684295,24.028304428955273,42.96386343557519,4,9,1,19.4
21.163754298888716,79.03563885311405,39.842639618923755,4.714287648538306,3,3,1,29.2
31.437117470066134,55.874423209593964,28.90468115031762,15.96300832628187,0,0,1,30.9
23.688824464136445,82.64724105238683,48.603570182654906,34.588410508976104,2,8,0,6.8
39.5839119368093,49.90884216668943,30.371986826360917,32.54814129079907,0,9,1,24.2
28.158908055901556,63.72993824432881,60.62003823188342,35.44611919863533,0,10,0,5.0
35.9935617393005,46.90201756579977,75.7324406329673,7.5938648732478855,4,6,1,12.6
43.12984875106271,44.39863166898071,25.38856358805969,49.30103585396273,3,6,1,16.6
30.278534121116948,41.0508490860987,68.20635309099589,26.052624860226082,2,10,0,5.0
41.233356090453896,44.15837139382032,41.59053044948581,10.777002944422016,1,0,1,30.9
23.153480916150023,40.96575975094285,58.962702867092275,44.13737014762037,4,1,0,5.0
29.06156049714437,88.64685646050742,41.514982764880415,45.68027889067811,4,4,0,5.0
24.29773445018462,40.27405266251216,74.18448528909023,8.253967569603482,2,2,0,9.6
42.232710276697944,41.91829545208553,22.18504997337942,22.867526761230668,3,5,1,34.8
27.538340692208664,83.96476172376082,66.22724685196592,9.992226423355921,2,5,0,14.0
40.263302205593696,63.834494624405394,13.930487113196333,18.75172313986325,4,10,1,38.4
40.699117596218315,70.5632915945408,10.718567872081747,6.78647900562463,1,2,1,46.8
44.90763373638398,80.39808528694402,36.21708834014101,42.866014764348456,0,6,1,13.2
25.85331589632916,53.4651186386788,31.3328546745534,41.792931254496914,0,7,0,9.4
37.65647782761616,42.02312508355503,77.04168598586693,40.8004514931125,0,5,0,5.0
44.57709123067549,87.84464191196216,44.578532323448506,25.572792965017115,3,10,1,24.5
40.88984199348649,89.28871737836684,43.30566701092592,16.954422267549702,4,4,1,26.2
43.33735898595878,88.8232683459269,40.32119990475998,19.47422424559643,0,4,0,22.7
28.330192877993092,55.629932695480264,47.83393089573176,2.4864943096035095,0,8,0,30.4
39.57059736333056,42.24499411531557,45.288630289916696,17.676593915823847,1,7,1,25.8
33.36092847906441,45.36984823680693,76.9265134894821,37.23447534402966,4,9,1,5.0
25.096740515892847,53.889139977745934,76.44261089073247,40.07489399125595,1,7,0,5.0
31.593932233164104,78.38681233769753,60.68525745431245,16.52034564164583,2,0,0,14.6
40.77899322674911,52.875937991866124,52.82062322157936,8.771251493923165,0,0,1,26.5
31.77236128554485,59.4574804309339,66.17229451144362,15.967605656383139,3,1,1,11.3
42.22763793682806,30.950465100849524,32.44569384048517,29.50915679503901,1,1,1,21.4
33.66720390525064,87.45696919417321,47.45471147010594,4.165467267675477,3,0,1,28.9
32.10688124010031,82.46868383118121,70.79043986389814,17.74341603905198,4,3,0,10.6
37.24675515833794,79.25535528774682,47.62190878873027,6.947005366011815,4,10,1,28.2
24.135429736252135,71.26478756174902,67.96382305335752,6.125446274803442,2,0,0,15.5
29.68372676100195,46.67735227733941,66.22949930757494,6.3290714634082645,4,8,1,16.4
28.063561492282858,47.82048462003255,54.47807297116455,42.149767874899254,0,8,1,5.0
38.272511101048465,76.11824920013967,10.615240764558104,7.828782131134876,1,8,1,41.7
24.566452548339377,61.909826301799214,46.73503981460664,47.81432992029507,4,1,0,5.0
42.990024106782315,63.891766020711316,43.39684990340871,14.030623026941825,3,4,1,25.2
43.94858536851833,34.7012689872829,63.375899087067,12.69679481983621,4,1,1,19.0
20.68023887261502,37.80538091253744,52.46826869139312,47.10545437428444,4,5,0,5.0
31.744530512402232,54.71615195362229,49.489661274930015,33.69225860247347,2,8,1,10.2
41.43239276056174,57.638499291617606,58.56459270922527,6.822755309688933,0,10,1,20.7
32.37840771295673,46.75774281704956,42.828571471647,39.6766684132669,3,6,1,7.2
40.04876029984263,59.08712786770897,30.23700307687351,37.944015912429506,4,4,1,20.8
24.694827362568088,84.32429313116916,20.091880183791133,43.452372317864516,1,7,0,13.2
24.049724608326493,41.40133700456183,39.86969193757335,49.193187556969946,3,1,1,5.0
23.8818472080835,85.31222649262799,62.517029681980425,49.2097762444426,2,1,0,5.0
31.015840662307518,67.12392186841046,56.05088241912952,24.682481843111997,4,1,1,9.9
43.1606984339694,45.02050573122771,78.53755418504642,9.95606393371084,4,10,1,9.4
22.835747997436926,68.14324829262068,76.18560068727439,38.15734946703879,0,9,0,5.0
28.229513652368027,55.993962761604465,76.27379500364253,38.24380088938277,1,0,0,5.0
42.85638958143086,31.314596946862256,44.69029810070653,22.354320716311904,4,3,1,23.7
31.858764076199392,73.36220450632632,34.734499368835216,32.42898419163411,4,2,1,21.3
23.549061197769674,67.78355966579613,52.754775504231034,5.1505438132115,4,9,0,25.5
43.03690147499364,62.576816446771716,27.293139313907115,41.653778279115365,1,2,1,19.9
21.556167591996825,33.17866441413769,18.57068299450566,20.94085621453467,4,5,1,27.0
39.07485052805927,57.88103970708658,19.823204849180005,23.181752523763944,2,8,1,35.1
39.82850962648079,30.489344994461785,71.70082668475663,48.94006154003678,0,2,1,5.0
41.11586626099278,58.76563126770938,34.53882383412132,5.652939805504959,4,5,1,37.8
25.396885417123045,67.34329122987225,23.294013868742674,22.740321027466713,1,3,1,28.3
33.98419270833027,57.9035089242937,57.4209931218905,45.05270510466215,1,4,0,5.0
32.87266174430812,66.33652017582017,70.56419285000658,30.96475665583627,3,5,0,5.0
36.86292902645359,61.182023627216694,12.711769097358824,43.187753846155594,3,3,1,22.6
22.533587257396725,70.2487023918835,44.7129523628418,49.53214938740646,2,5,0,5.0
22.27733364879679,68.05596396266932,72.32478601476132,33.32395248429986,1,0,0,5.0
34.35780777829711,74.49734880283381,61.07642180484244,43.37092616419718,4,5,0,5.0
37.79428489566442,79.91864904119399,48.535207575843394,27.0197697075516,3,4,0,18.2
40.70921719537559,82.71631948160848,22.546784828807098,32.34089990372985,4,7,1,28.6
36.26672338256282,72.04277599625783,21.321008194439933,23.412158313418484,4,8,1,34.0
30.414350745586148,35.35574733825435,45.67052090342532,30.558555158489252,0,9,0,12.8
40.78959812376267,60.12984184123186,31.42107566369784,19.201101673020567,1,9,1,30.7
21.690645668325853,72.85188605061018,31.292133425913057,21.46951231124553,0,10,0,22.3
21.402108724801536,40.65609551225259,13.131766972658275,12.751832055353518,3,4,1,38.4
42.96203362499166,74.81418866540113,49.95249600292735,20.906035382445072,2,7,0,21.8
43.81513469355798,66.50367420147114,33.00184203181833,16.562132816981673,2,5,1,32.6
30.164989435421973,48.256409361732835,55.931939678741415,25.555311468281865,2,1,1,10.0
35.32740717766846,76.6935163430009,62.130807451697656,4.074189631356074,4,9,1,20.2
20.207740665679378,40.12783434938902,69.10169967986414,35.71947375463462,0,10,0,5.0
32.9517198352889,63.10263307588892,62.11206607835651,1.1947280476887145,2,7,1,20.4
37.26380705826263,42.1220970798541,37.31279978462619,40.29172760850514,0,5,1,11.9
26.621867046696416,80.15467777291703,10.294523775747525,38.90278057074385,0,8,1,20.5
30.218942737593498,41.59059017472199,73.24054533534522,2.668867832518945,2,8,1,16.9
40.78611464787603,48.014421106575924,56.83534340196611,44.46293199025765,2,6,1,5.0
32.613090009297096,36.03874263523529,21.829682761372666,25.541906240555384,0,7,1,29.4
24.293753886248304,79.43721513134085,44.239084529895976,47.45997053415935,1,5,0,5.0
40.97357495294128,54.93666689045108,38.22001185249162,49.86696220178542,4,2,1,5.5
41.5049539948224,83.64169285728156,27.777889156357034,9.832290219021145,4,2,1,38.3
21.87638000878458,41.56237405860651,15.355014515493444,16.131146634539917,2,4,1,35.7
38.99950449429174,89.77081428400028,28.989515635682473,36.26947848498738,1,3,1,20.5
28.949819726637365,34.48117978282168,43.115574645335705,16.753282303768803,2,6,1,19.9
41.52718254860857,38.44767519463518,72.28541181111581,12.298398923081134,1,9,1,14.6
20.610774060377317,70.55280999208856,62.652399169209076,46.650184001872795,0,6,0,5.0
22.862205000064385,76.69171325366122,69.12847691075666,35.67559042100744,4,0,0,5.0
33.87635363824317,44.725513694421224,28.2652606448916,15.83051995238176,3,10,1,33.7
43.92327908036792,65.31483251699305,15.09035994321222,44.78007850585882,3,10,1,28.3
33.145420399446316,62.49648885345477,71.80111737169467,48.94245995653744,4,8,1,5.0
44.006321295580946,70.1934507454609,56.51167289649338,41.45550135423283,1,2,0,5.0
39.200650348326185,33.63764179361113,69.27317950002114,4.732748175765622,2,8,1,14.6
27.601925564088923,36.74337721246514,29.469963464255883,32.74612042716519,4,6,1,18.2
31.38616743800678,48.1118880854096,63.87572656895487,36.40430500538329,2,7,0,5.0
38.11500294679627,62.5089008270635,61.09660289662842,12.231846183110024,2,1,1,18.8
23.336183166688848,48.6554861399889,15.384944016555782,5.602285320563761,3,2,1,41.3
37.16689505817692,65.77185043972867,13.670302767294986,46.04794197963385,3,1,1,23.7
38.8662967601515,30.055344653009378,30.289205608630695,38.09908890845431,3,1,1,16.8
44.06653282652038,48.359212604537234,25.84815045720729,26.04859121967093,0,0,1,31.9
35.30353822389051,68.72649752174092,75.15558605884553,44.87571854245609,1,2,0,5.0
20.344143392307096,42.2313733423832,55.85442641125456,2.1206033058856653,3,4,1,20.9
32.7522677877932,36.171747884348925,32.275509375010955,40.16996215687893,1,8,1,15.7
20.37099255410653,49.74317132063095,37.5075930987574,4.795460157821929,4,1,1,30.6
41.82707166988621,49.486689384812514,40.20197534993576,38.727042342272355,3,5,0,18.0
24.746908826269333,70.4507935384039,48.61635871999547,15.122260157089363,2,4,0,18.5
30.504991027542367,49.32785821743077,64.50232045028142,16.064811347571233,0,5,1,10.9
22.97703564776353,48.06096314297257,46.69757089886858,46.16083614846218,2,3,0,5.0
44.58094998037046,74.71432767088709,50.732883150129204,13.894284026716807,0,7,1,24.2
35.81577519351595,78.81492959529889,48.029932079949326,20.215390684347113,1,2,1,22.2
34.35825846539378,64.2901600790365,51.724423586626855,18.629642209905462,4,10,1,18.9
26.57010716909386,39.18433951115399,76.60677720160788,33.29481454758883,1,7,0,5.0
35.87093036337265,40.231445983675464,42.129775835061956,46.36806916791745,3,3,0,5.0
29.33914274719322,59.41366998787428,14.719401145685424,39.26721271774457,4,10,1,18.8
24.263938113775694,72.75062314921777,74.34441002561023,14.995755763421242,1,4,0,5.0
39.128177159660666,31.793374478380446,47.88820402684605,26.36960950452028,2,1,1,18.4
36.717346062667154,50.05302930975701,77.1575144834408,11.44515300944563,4,1,1,10.4
22.89534762425616,64.01865514599655,58.50545256451246,1.7700259341223823,4,10,0,22.5
42.02206463690996,81.4604882725479,13.226529318731924,20.61796691297662,4,9,1,37.2
22.93181053103953,61.27795578688533,12.05688173360532,5.23099452323858,2,8,1,41.9
21.33436179681109,84.96978700686606,13.252672116489357,7.3395083399119265,4,2,1,35.2
44.22367623796086,45.845598418052575,36.18678648562793,9.503061978131145,0,2,1,36.9
25.84310379000559,48.246367202072896,41.259950151899346,27.291312486552844,0,4,1,12.4
22.203829594841803,39.82793450761344,42.66914929841869,18.393441046341348,1,6,0,17.1
44.85394823880981,56.26577946753944,58.49447768380787,37.92591076761151,1,3,0,5.0
34.2880610591028,34.7159071497437,69.27183310499419,33.98626634051307,3,8,1,5.0
29.046232344791733,37.44736212831809,79.32578465102733,39.081122378661775,3,9,0,5.0
43.45808358244534,62.470428010821834,38.64294459137513,26.42542685016612,0,2,1,22.5
20.082042889743562,64.57922842644307,51.652065428614414,25.83708686060124,0,4,0,8.5
26.61857695203469,75.33464672448883,77.57507026640286,37.93658088469138,2,4,0,5.0
43.352230589306565,38.119868717973304,19.8958916475079,14.929525526474935,1,6,1,39.8
33.12851894538294,58.72593526423744,77.48483717275488,4.449672061997773,4,1,1,13.4
33.01723384608114,56.40344432094375,76.29644179221367,23.207516956158603,3,1,0,5.0
26.846223770035518,39.051584579488846,43.91661924661272,19.276264999113042,3,10,1,17.8
20.774530461863694,80.9597177146509,60.370662524046466,2.8635155513094035,2,10,0,15.9
41.20527496758247,65.16195464661553,22.48543949092992,17.442747327288522,2,3,1,36.5
44.959501270117954,74.3175316558,22.274624448211014,21.638587096057876,2,1,1,35.4
36.72028911514854,52.11324764357013,57.20332453611924,26.132886861918458,4,0,1,15.2
43.554067493537715,78.23808218863735,42.40861918821477,48.404582886866585,2,0,0,11.0
38.15279515630071,88.60353638916773,77.35354391633459,24.08609477105841,2,2,0,5.0
36.35668554408748,32.556265606604185,16.28725687058371,10.47780169229785,3,4,1,42.7
20.492853045029506,45.896170127362296,26.123827259221837,46.366661433014656,4,8,1,11.5
27.85343051247978,46.58912770812748,49.0769794778069,35.803595532353796,0,6,1,7.7
43.54405239028543,34.78088813374932,63.90462291698078,10.484821450648912,1,9,1,20.9
36.034248705299134,67.11178072744903,23.361259143738728,4.3771916462459926,3,6,1,42.6
38.62706037690971,35.86928128307833,66.19150864656082,31.48121782425769,0,1,0,7.6
43.65437375705102,43.48899740659895,45.58972084376657,20.06876157122235,0,0,1,23.1
31.678503463921288,65.90263169115526,40.03527543753321,32.621452941985936,1,5,0,14.0
31.543442964350334,39.24387142803515,17.731944188222613,26.324010939260873,3,5,1,31.6
25.570437846677436,42.036832686605614,38.067590279889444,16.27656006604468,0,2,1,23.0
21.129610542651623,66.78021902338861,42.88159298353366,29.03624609331899,0,0,0,9.4
31.20060030861265,89.27786405809732,42.89783795781065,26.499675193994282,3,3,0,15.0
36.702072134617254,47.63536650277331,62.8233620477691,23.331924816463268,2,0,1,8.4
42.2014390404438,36.93403317992587,43.54263654067498,40.307584156765856,1,6,1,13.5
38.04741797976655,55.31489736704242,72.49480450047975,21.476160867122168,3,10,0,8.1
38.79939949660513,64.93905581122874,56.63877035160176,42.29190455845348,2,9,0,5.0
31.388352091248564,64.99714516594597,10.925346037157052,46.38101432452902,0,3,1,17.8
42.20204808180331,83.85467993659405,10.479460750070874,1.6045912943335627,2,0,1,50.8
23.459638019302908,64.03032316390704,20.84668265087376,8.57747028561734,4,3,1,34.6
39.48174595761918,55.43756655498683,53.388879189578816,26.932989429430638,4,1,1,12.7
39.4093324522649,82.15441725233788,43.93660625033119,31.415410673670074,3,2,0,16.9
32.45671453854878,62.615075351756,75.33136130690679,1.197321408506824,0,2,1,14.0
26.18082071387075,47.69390169647897,21.653763574145714,17.311866509792694,4,6,1,34.3
36.82268442253881,72.52918920481983,30.069932058786197,16.913625407291633,4,6,1,32.3
40.655186098272736,48.063152295785585,15.962065835913833,9.687110341071886,4,2,1,40.2
36.44133623506991,67.67410557700012,60.33846436101751,46.87917061670158,1,9,0,5.0
37.60689303242283,61.39061081081948,50.34975908435755,41.343693921247834,1,9,0,8.2
42.92614972584579,83.22551966791174,65.25756854463356,38.96495541112741,2,8,0,5.0
33.047099903458616,88.4842768356203,32.23139942772276,41.20887829795974,3,9,1,12.0
25.923779567713936,66.71494223199156,30.69502730500436,23.881336487362514,1,9,1,24.3
41.50947669840666,75.921768384985,66.83326153471262,8.174090252023758,4,3,1,19.7
24.69817771014506,83.10662815178333,34.02736969687943,23.29336660034317,2,3,1,21.7
23.296144636056027,87.47344873951205,50.39775893535992,28.6098953463478,4,9,0,5.1
42.612045761183374,87.90240543408223,29.99517537580317,23.17705899275403,0,5,1,29.1
24.35447504425509,59.94032172419378,28.135220980909452,1.002764884590368,1,3,1,35.3
38.492150445177195,52.71303748645988,66.65758524825789,25.9487679739227,4,9,0,6.8
23.303864898060922,56.01362066255972,77.02359556906146,19.957714784220727,4,1,0,5.0
21.89143952555768,80.19667395808605,62.37661060431709,14.979874382593833,4,5,0,9.9
31.37729569047307,77.64719748863939,49.64568795686035,16.525924281142153,2,2,0,17.6
21.951200437494542,78.41091924073568,29.96612677016194,16.310270504473788,4,10,1,27.6
37.630282962738534,46.288943690496694,16.492970344903668,48.765923217066906,1,4,1,20.9
36.75971863630126,34.33069456348481,75.42396781102346,6.239204716058033,3,3,1,12.9
40.571627795172915,55.49584631712612,68.36566025802306,39.84307636640221,0,5,0,5.0
42.23614139387193,33.8741288183801,38.42033044948407,14.387967939581792,0,2,1,32.0
25.172359292862637,78.11733895492964,14.022710769331546,7.688233880141565,0,3,1,39.9
22.852975835993576,57.247350755997836,78.41605105469286,33.64889042149248,2,1,0,5.0
27.313095834721402,84.05880187099564,49.06329729050247,46.28151064030106,1,3,0,5.0
29.74265861573411,85.29700571106733,70.18142138564457,40.72064055978154,4,10,0,5.0
30.031187512634908,86.88960100918226,43.68951202526041,18.26321547221015,4,2,1,24.2
25.967420698162563,67.08232362512382,29.46209062898841,13.770466573769907,3,6,1,28.4
21.469197816263474,51.61505451829117,79.30287333401674,25.434373640063352,3,8,0,5.0
33.02440557550241,49.4968408042014,39.168961442086484,25.43125527032458,2,6,1,21.5
34.12298463277877,32.97776001878824,65.54392945074481,44.81684198050309,1,2,0,5.0
22.518318219379818,50.43688784631731,39.06291837705919,35.6829531872518,4,4,1,7.0
42.61211785929876,89.7010870981718,60.58305875965936,42.17491121027278,0,4,0,5.0
22.398514228063878,85.77650439298975,27.626621034938445,11.621395543381574,1,5,1,28.7
41.17922610467784,42.69271884251756,47.00969289640974,25.398855303440403,4,7,1,16.1
20.517871252889716,66.00350440164385,26.00690178266649,42.89659122089808,1,1,0,13.0
38.63536223520948,56.49533872662226,45.374815607492536,34.4412355391301,2,4,0,17.6
33.103291312209876,46.47046083829132,17.760995473710707,6.440688876376494,2,4,1,39.9
25.167809379058458,47.765958921030105,18.83055194330113,18.390273056537097,1,10,1,30.7
36.34006314281323,42.91415508262703,55.197169219671615,48.95756244509192,3,4,0,5.0
37.294520050339514,42.56664797050087,48.95677841023408,47.1796365395346,0,10,0,5.0
38.766190397299695,63.16166847515921,15.411633184679381,3.3107003929989274,1,9,1,48.6
21.027119660738556,38.54871634043169,73.27098960243572,13.651853257670698,3,0,0,5.6
29.816031883960562,36.73066578214474,26.333582717226655,8.171147133559998,3,7,1,34.4
39.77130351726982,46.259526946624646,77.89398096523205,4.8519722400157175,2,8,1,15.4
29.38157729018129,53.327552418548905,14.060957380934198,33.27671169068282,2,5,0,26.0
32.52152998813994,74.86002365858651,61.634127782044345,44.881999472101356,4,6,0,5.0
21.570497107353653,37.06105137275725,33.887786636512914,14.936344911425309,2,7,1,24.1
22.601627740809377,64.33247883728288,22.301280322047933,46.86873932975581,1,6,0,14.0
41.9452020237174,76.28764124804381,74.7410458735411,24.897122438942297,1,8,1,5.0
42.75051088686298,34.45771516758005,51.427898196755415,36.65646626243583,4,2,1,6.3
20.71647298851627,35.89069836904025,49.12093674039181,34.93120529731078,1,6,0,5.0
20.514945474662902,55.61238732315486,37.133716986328665,1.4157231327268371,2,2,1,31.9
41.67026886958785,54.06795238309412,58.068469735643234,47.11453725730345,0,8,1,5.0
26.53682487657784,56.78402974505278,24.852850896002167,4.919793457565419,2,3,1,38.8
44.41703055768965,63.44945072569602,22.677248770386903,28.243539774095844,1,0,1,30.2
34.80371243744139,60.42332729589688,61.37625765792704,44.2289755992831,1,6,0,5.0
44.79995640873928,50.682945481402605,11.529569082361634,37.68746541639288,4,7,1,30.1
35.631100573757635,49.824353958672745,35.53650025675831,2.1100977773812204,4,7,1,36.0
34.124095921933936,37.71561789001184,20.490616902914695,28.624753132751547,2,7,1,28.6
29.149549999210812,57.467752480094944,55.51923147430234,8.542068895023524,1,5,0,21.8
40.825452583708795,54.34705977684001,45.917624583497386,26.08155891947275,3,3,0,17.0
21.3272311945334,79.82922098948274,23.08869952827427,29.970573834660474,3,2,0,21.9
23.234847694287865,32.043706038210345,13.279249681351642,16.736000963287317,4,10,1,36.3
42.490193885768235,48.727380132596664,29.13155375850823,29.691263550377545,4,4,1,27.0
35.3558381614239,86.80541291989621,33.022709135017784,31.87981467881036,3,3,1,21.0
25.467897285870023,38.41605380051283,27.23549660865568,38.689058078931545,3,4,1,14.2
23.175799881840174,42.488406632382954,10.44300569494371,36.298861531788695,3,3,0,26.6
23.645945502371152,32.88498148531205,62.52692381509307,33.06006368222294,2,5,0,5.0
23.993500997941428,35.23144594683598,70.91825026293161,48.428838950140545,4,9,0,5.0
36.36213519840065,60.55363801114808,75.20093937330394,9.73284342184263,4,10,1,14.3
24.612354675586317,51.08779906657347,20.206349029848404,13.876843639138443,3,9,1,32.6
40.18991219335442,79.42354605815987,20.111636230403555,46.91430145098634,0,1,1,20.5
41.59073056757489,54.78826532758404,63.922349131999646,40.329351137094335,2,8,0,5.0
33.83052981220375,81.53285062572347,63.153559811693675,15.76186045543802,1,7,0,16.4
21.740875385053993,30.669987359371436,69.3788076566525,38.01564670846552,1,2,0,5.0
21.12025817960181,31.797245971945454,44.89517762049369,17.887360916925882,0,8,1,18.9
26.605056554184355,75.64545643870218,66.060904955139,15.353253493315238,3,10,0,10.3
34.363778074517064,88.13331573923739,57.96189985283526,23.50324402023074,0,3,0,15.8
22.561688781091952,81.5788545841638,29.573847900216805,24.055211787068426,2,4,0,20.8
24.084737495614892,55.08471472179968,11.036840428331121,14.509110568470701,2,5,1,33.9
39.28783204952897,42.49252882381813,48.09084931639138,29.588009068634886,0,2,1,15.6
41.831882939006135,47.97751520468886,77.67955130389059,10.813375105215478,3,7,1,11.4
26.61723643385412,55.05451652726194,70.16004645969596,6.832304804276118,4,1,1,12.7
30.957035481965782,64.40377825897704,14.116431771055936,23.6548888701133,1,8,1,33.6
20.510403583674808,61.72517987579554,56.73901186045074,39.25946069861686,0,8,0,5.0
36.02987321012695,71.00674657478092,27.697296744685016,34.39433774415996,0,2,1,19.5
32.14202228768825,59.21824245231427,45.45957122999429,47.735883575867746,1,4,0,5.0
29.85967892041841,34.96806335555028,63.53885501934878,5.960981414785005,2,5,0,17.9
26.36023035146327,54.84384398062247,34.083865868756774,15.89078642641245,3,3,1,23.8
29.968228163392343,42.68228623728322,65.04619102268921,6.943220652264381,2,2,1,14.5
30.642848901265875,84.96596620995797,77.90193139774526,45.9310392421773,3,7,0,5.0
44.73968709885637,48.27244990960605,40.4991401719855,32.72540723095687,1,1,1,20.2
20.258226640168076,37.744010200826054,72.41406905573123,10.713328068217876,1,3,0,5.0
34.09721266944092,32.872127784943466,70.29177376677396,30.836870096661972,3,7,0,5.0
32.771860986248214,48.15077859598149,58.51158030592184,34.41974942755697,3,9,0,5.0
20.72828689221492,35.989534957592,57.77757596493097,37.012774903003425,1,3,0,5.0
29.43720730066893,37.98031938115797,73.4797328265939,41.20198177649033,2,7,0,5.0
25.498758179441836,49.269465398606975,12.05227391792534,6.10568872607582,4,10,1,41.8
32.27544048776678,74.21546882455931,30.57282165603973,41.38047580183129,4,6,1,14.4
26.787755845257223,67.20781721044068,47.68744122547703,35.35072389635039,3,9,0,6.8
28.047371315990112,58.14549382768645,47.02443866276187,3.473418689139618,1,2,1,31.4
20.574583653912416,39.76965916680122,46.357030729841334,25.10215858759243,4,0,0,11.4
42.59337543495165,62.740651461986225,38.74256831336977,31.55255323666928,4,10,1,20.6
24.871317150876926,48.14599017441397,11.990165510750685,34.04894127972931,4,3,1,23.3
42.97836073308133,75.47310777479093,42.15961073495723,11.321173501590826,3,1,1,33.8
44.740843187128306,59.34642852154609,19.924098285230418,18.192116489451106,2,10,1,37.4
34.099297123523954,78.60830913819544,51.107656047897464,27.399682077817843,3,10,0,12.5
36.03041651048795,88.76553642385961,77.54419175530893,23.92446220400042,4,1,1,5.0
36.27964550657724,59.76552957989947,51.34905698536153,7.335716405366655,0,9,1,24.0
44.62100218808919,40.40076476446951,67.04794328265899,3.3723556144513003,3,2,1,20.6
30.80615846285332,37.3349190835128,15.564811947421921,40.41804288756481,2,10,1,22.4
35.975367176781994,88.99906995998927,15.925565220336665,18.47348199300668,3,6,1,39.3
38.441817451863955,75.41652081343531,72.93472582337645,15.243625298206082,2,6,1,11.2
39.10879106064252,31.60180751036053,67.87791315688605,25.98811492011304,4,5,1,9.5
37.15407293118634,87.5258007252495,73.0674892337413,17.337796260389144,1,5,0,13.6
20.40356337111474,89.42749940921576,62.336182629660236,41.8768574945404,4,0,0,5.0
25.28909214795358,40.799958804582765,78.43550659091835,40.96998936251171,1,9,0,5.0
24.712682849198107,47.72041840049353,77.11945434281735,47.945472420225514,2,0,0,5.0
37.578690900410464,70.98690560499568,40.10840966464169,10.918018936954482,1,8,1,34.1
36.196690891030144,65.6253530822499,13.538127659582019,4.016800249643953,0,8,1,45.0
29.444062050088228,54.50882974713842,34.26940122065264,25.454531855010693,2,8,1,23.3
32.879286210080075,73.52226552466468,36.6797191302592,5.586608932329051,1,4,1,34.5
35.4476029017065,68.44297584698046,32.135245221696564,33.98154400849827,2,8,1,18.1
40.456269835997446,76.33597408857743,19.38161531422395,32.542502604223614,2,4,1,31.0
32.227963568726835,78.81095872704344,57.623614641645595,49.56538561944932,4,4,1,5.0
39.20092868939473,32.40367202235632,16.865813077001537,19.910616592216222,2,1,1,38.0
32.39904923806982,71.73493574668947,53.56753536067252,43.48574252566467,4,4,0,5.0
27.582986932978013,49.31752765588814,59.50564180738767,10.385158902354663,3,8,1,17.1
42.32302767398264,72.36383397100128,60.1112945743067,8.291568909860286,4,3,1,22.7
28.087839796524587,64.54457979586925,78.0827844020181,16.007522104004284,1,6,0,6.3
20.738019333353638,82.23157278638743,49.97094054754597,40.02886739998842,3,10,0,5.0
32.19584097630965,58.07456549638474,70.2487143103009,26.49708348719822,1,9,0,5.0
43.23720486475083,48.05574648794796,65.7599497569514,31.352215564502888,4,8,1,7.2
23.89597564567542,77.54656626895841,61.4514350974825,10.047847635381185,0,0,0,12.5
24.593164120555837,64.7504988568754,34.747264658731254,10.012470213038554,4,2,1,31.3
36.097297933208964,39.659799586112804,61.007849915715404,7.884345112566421,2,1,1,21.4
35.82054086938933,66.85736333471468,31.562868647932163,15.635824789614711,2,6,1,31.4
31.48555698374741,55.05801964654671,50.80265612332493,19.477447353523715,4,2,0,15.3
37.45589938306283,55.357643337668684,13.406380883430423,2.3147483224062846,4,10,1,45.2
25.237405903797544,47.00936794277178,43.7161950366274,24.152028067291493,4,9,1,13.6
42.311171291514434,36.5039294271743,46.96440027500267,38.09664428506135,3,2,0,11.5
24.645124492951197,78.78630717296059,51.355136315893624,14.792516125114041,4,4,0,18.9
26.829897529090463,58.84566037058079,67.70073056641354,25.03956104263875,4,8,1,5.0
30.586910918463722,31.257585410507723,52.353151093851736,7.147149387792718,4,8,1,24.4
35.91158205644908,38.48351011382607,15.485561454072544,49.13087005939813,1,3,1,20.8
37.26319658136379,46.240293854995,74.15014741293416,37.84813786411861,2,3,0,5.0
36.65218277022951,34.34018338563226,15.810840683546932,43.89987468633803,4,1,1,23.2
39.459134975644936,56.567952374152114,55.54865180928499,2.656899188494849,0,6,1,28.3
22.375215268293246,89.53240245881909,30.82523278356375,33.10853486681095,0,7,0,16.7
24.626945547125548,61.34766546551071,10.707836135169646,33.009470564049884,4,10,0,27.4
22.516500714702246,60.84504955109645,48.38225327103875,44.47745980784372,3,1,0,5.0
24.285508171239904,73.15192956453043,65.43341056570138,20.61039454022126,2,1,0,5.0
27.94566449620192,64.10496427282021,42.17099290345635,49.53776939388299,3,6,0,5.0
26.249981042325082,72.29424631945966,56.35920603116589,46.59876635626766,3,1,0,5.0
44.1604169903728,33.90005796342606,12.113736702944896,30.921616089409763,2,5,1,36.2
37.59130691257329,85.18333479828445,48.44262875790579,7.1154482849482115,4,1,1,24.1
20.130952745583873,54.24922852080242,52.51770323892921,40.048536564158496,3,7,0,5.0
40.808849115521085,58.326659083324,76.70727381970535,20.578735568545532,4,0,0,5.5
32.02570709477551,89.31402300271279,62.132111594955326,34.3586971513884,3,10,0,5.0
24.526326478439834,65.9802540757828,15.42260091266773,16.440257275874252,0,0,1,35.8
39.17828946676964,72.72579127458161,65.21381147709376,16.82496405374721,3,2,0,8.2
44.565316883472576,35.724624962942364,69.84895000900138,24.630021605855806,1,2,1,8.6
38.36415643077403,85.17489148612668,39.56549459870427,44.477262419726166,1,5,1,9.8
29.043329456036748,51.2083178203915,20.37700902184467,12.529684753292036,1,2,1,36.9
28.350260259454892,66.80519968572257,50.95030882162949,15.151385870899809,3,7,0,16.7
32.082766481866855,66.82186655008334,75.58226910783023,43.74608728932973,1,2,0,5.0
42.52381823616591,49.00728381250132,21.840482567195426,41.343212794658236,1,2,1,20.7
26.585381966238423,84.60818816728508,13.258725595419182,30.385741615100333,1,1,1,30.7
40.8341618640537,80.9920209406175,38.84833302717611,27.832715744843185,2,5,1,23.7
30.787391714039053,41.61027426766105,43.00766858322369,38.237366227697336,3,7,0,9.3
34.96355927156904,65.90767568160157,13.309299950749931,41.62179201037783,1,10,1,22.4
28.21497235343984,38.17463788361033,75.35802104047403,17.451551232568015,4,0,1,5.0
27.609005160888405,36.7448741619275,17.631745046102218,30.41421438664304,4,7,1,25.1
27.286502181202096,61.5020851448891,57.85373293408507,11.849618735841144,1,5,1,15.7
38.79779251730578,89.82638148170315,21.69849771148791,41.751642746214536,3,9,1,20.0
42.888784786329396,31.250517125676488,53.093726567588696,45.337958602568165,0,8,1,5.0
27.712686434138902,71.10348829455661,79.38437658715976,4.927397542972517,2,8,1,8.0
36.80290545718213,81.29028834135904,67.66628603195502,22.428721112838858,3,9,0,10.8
33.541281132814404,83.50517894960691,41.36776086155808,37.5419094570455,0,1,1,11.0
30.211212807340303,77.02344953278254,70.3779081178456,47.340760226634885,2,3,0,5.0
29.668015310226124,73.55793980353891,50.425460859191666,31.459117988165193,4,1,1,8.7
36.525908775282986,56.57385851974921,67.65282492528704,30.967083508601707,3,7,0,5.0
40.2994322159688,71.17123106090264,30.418583890651412,34.97540326154247,4,10,1,20.9
41.94172523195286,42.996781535864194,52.43062437557856,6.200222106812464,3,5,1,26.5
41.80434479634563,65.13577357142412,76.64266888905819,15.656023490664438,1,4,0,10.4
26.963435085094403,48.41812129905704,25.368189837433412,19.1366214023443,2,8,1,28.2
40.252394480003964,68.22065599625364,27.085739700226096,27.954667717539806,2,2,1,29.0
24.643807357218495,87.01952845361066,35.02079723910636,35.14780623436678,1,8,0,12.1
20.070572454826266,55.30673276567363,55.07209481621979,41.356246615386894,4,5,0,5.0
26.113721437602663,51.63111674395855,19.245181745177224,8.77806791316863,1,7,1,40.4
29.388518547066397,83.56226549955267,34.77661615048278,23.78835218087103,1,1,1,25.4
33.95154835173154,47.28602556536563,37.90570100122747,0.8747914961503733,4,0,1,33.0
31.038051912256094,50.68515275617824,36.51469516164166,17.884210462643356,4,1,1,26.3
32.842794591336755,54.54160880567005,62.46026802888598,48.052733330075654,0,6,0,5.0
42.606798227806166,61.06724291897363,50.048617004129405,7.738051919045613,0,4,1,24.6
29.63595358099522,49.53184496202486,50.78953785460007,26.511694103564498,1,9,0,14.7
21.025902237658507,79.28286537622088,11.318540685943887,36.83541608483095,0,2,0,23.5
30.777171512504154,80.46484203117305,17.19456540317076,44.18388834061898,0,3,1,16.3
42.92409560667571,37.88828530444103,25.321552292745267,19.04112051858447,1,9,1,34.9
37.85157871281674,32.138311405060755,40.04332907990859,8.140967052015297,4,9,1,30.5
20.36247389847793,42.224665905598414,74.93170965214966,34.55540388527974,2,2,0,5.0
42.11094661706252,35.82392161381526,21.693793878975605,34.45451155944917,3,4,1,21.1
36.637468176976284,31.48915324933454,17.20314061782209,27.48251722200299,1,4,1,31.5
42.24685131264299,45.86709291847063,60.916863336181976,11.921337551797523,3,5,1,24.0
38.96822359988049,88.73985582080813,14.68405932456956,43.407469021499054,2,9,1,21.8
27.964821804291145,42.38654359857378,21.591129630163813,10.517641655761167,1,1,1,34.6
21.881232019856792,81.64868205189538,17.474113367286794,31.804376098529264,1,2,0,28.6
34.629455389910625,72.40402663087016,33.888123241932185,46.57563649803739,0,8,1,10.0
43.08508676793709,81.05559669423528,67.9099536743623,25.815767749037867,3,2,0,6.6
32.10480364816792,56.562643799617504,67.79918208236153,27.056021426222998,2,5,0,5.0
44.42255678262727,61.04028626202656,45.82336127150785,25.31919066274725,4,4,1,19.7
44.162802759259876,68.81750217934479,16.156601668135792,34.06333952093611,3,0,1,32.7
26.154159378687442,48.09575357526067,58.2489083087408,32.55822220324474,3,5,0,7.4
29.143081087114997,74.06681273046532,24.235217250254166,22.930818374150892,3,4,1,30.1
38.05649007144336,80.46295766664798,30.624729655983195,43.5548134758802,0,10,1,16.6
31.662691250048958,42.760278139559674,76.80298170735131,18.417600352213643,2,8,1,5.4
38.2111492531863,62.70854095338958,48.415811264960105,41.23192608722571,1,4,0,7.6
33.82645493900564,53.68604658894555,40.80330251666676,10.315971357322423,4,9,1,30.7
42.94871496237624,72.40057471116846,38.20286274312494,11.985627083005902,2,3,1,30.7
37.46073255915448,67.30309093527755,56.773580179834106,32.99415769968018,1,3,0,9.0
25.5578203846338,80.46271577589735,70.66810720015869,7.814996622022635,4,2,1,12.2
26.935339146725923,65.6505827495697,28.728605365553687,22.150929349819208,0,8,1,27.2
37.13138225041577,81.07057836469153,17.43103737418542,37.586021841724,0,9,1,23.6
42.729159765851435,30.990379358091392,60.63313201525333,46.73842516332903,3,6,1,5.0
23.616984616284892,58.318286364348005,39.86999072058601,2.4291147809072546,3,5,1,32.3
37.671916823462574,57.26001138122119,55.46424778000233,21.57089020397564,0,4,1,10.7
22.942796292831584,43.7320286418507,66.59590980704361,18.342231891396782,2,2,0,9.6
44.92000766872651,64.66270834387109,24.30869812912006,33.70564949837578,3,8,1,25.7
27.704577522149016,62.03754924208588,11.249742988727885,18.62210857136074,0,0,1,36.4
26.24090491494011,34.736263936632454,64.97360846169661,30.4391580773093,4,10,0,5.0
34.10983397729579,64.30612084475942,73.36879195230378,17.57326993207838,0,6,1,9.1
40.430704203184504,65.72966384556358,71.40721420820961,14.47791896487547,1,1,1,13.7
30.090555439919328,66.6415157949958,18.376282412999664,0.49974601044039946,3,2,1,45.3
30.78090517875967,58.41519781826979,78.66208685376436,12.359354583686171,4,5,1,7.4
39.68078857064748,86.12336424066494,37.75280789179985,23.42329347340697,1,8,1,23.4
26.205208970304643,76.15697855180048,56.331741963946875,47.19927591810272,2,5,0,5.0
27.59882666013171,86.76678312859204,12.142248767226128,19.049971367025197,4,10,1,37.7
22.46589327688321,54.75969930969595,75.53472381485189,1.1650269243818456,1,2,0,13.7
23.831425249770085,63.46279939839784,30.58997069424163,0.9533225095374132,0,1,1,37.1
33.0267899407019,76.86900060386299,49.903403454001264,3.719894940771157,1,2,1,27.5
34.19181355662343,58.48330757082996,57.88454076263728,23.240441105829095,0,0,0,13.7
29.45318841925618,53.588625003861424,64.48572477738281,28.667597655050912,4,10,0,5.0
39.30476474528929,78.52540228573255,35.49271022911984,32.80208392631141,1,1,1,18.9
35.71110696335414,40.18687553181267,72.26721904105233,43.36312517898181,1,0,0,5.0
32.72850481972874,38.47489134676523,58.155089012498124,25.52462824091369,3,4,1,11.6
41.00671943524528,42.77028751315393,61.18084169377778,41.189334114015466,2,4,0,5.0
26.673424592799204,71.49022186784481,21.393638425154144,10.68239344841928,3,2,1,35.1
26.72472785708866,46.91941106163002,35.12844196916407,49.331000996704866,3,8,1,5.4
42.95277006788913,76.73180183643865,26.537247075579526,4.719218192005275,3,8,1,40.3
26.61899663939605,68.31465415535286,19.505154835250607,19.519381271971763,0,6,1,32.9
34.245396526496975,85.81242322441257,63.49049107654463,5.03957319326116,2,10,1,20.9
31.673995412453507,57.70173818278417,47.14362753207055,3.2298966561805975,3,9,1,28.5
38.90194662422968,79.88082261419757,19.407316167731885,29.9197992301757,1,5,1,27.1
40.853519925348564,30.323303902523783,51.81015608325819,43.27855872013549,4,2,1,10.4
38.58666414459211,73.95693141579999,44.684214952290965,36.785037257352236,4,7,1,10.9
28.232846909423586,88.64110417448106,76.57310088545371,49.47320804162874,1,7,0,5.0
36.76763890884712,63.587452285097456,47.96464275545098,10.572880323529048,1,1,1,27.2
23.287367192976284,61.29172771916956,38.38446797313391,20.61418781299558,0,8,1,18.3
39.789114785234794,88.89122624040738,24.62602354267298,48.22514517869732,0,3,1,16.3
38.87865834822221,63.512736204324455,50.31503115303796,44.78925403219095,2,3,0,6.3
40.16456082391527,86.86820204379772,15.665124091440461,1.341531593170897,2,5,1,45.2
26.225534457220867,76.98156897651292,35.65481105239721,31.8128074957156,3,1,1,17.3
43.688482749993526,78.06808374084312,38.7237423247948,17.070830388995567,0,2,1,26.8
24.206026363222577,73.33388946535794,45.91029387754897,5.431826020375485,0,8,1,24.8
36.26807829447486,62.39310633620322,67.0660985834217,2.120386258150886,4,6,1,18.1
25.07229176512968,85.40121689827785,69.44118391448188,46.18744367711516,2,6,0,5.0
28.84228220823022,56.93086551669974,70.00495265811296,42.488040957315036,0,2,0,5.0
30.950076324318875,60.336067152686226,41.41280632583195,3.0383755720977623,1,5,1,32.5
28.77803287570291,85.59936477153624,40.209548095433576,31.519364441076984,3,6,0,14.0
28.44115821457904,55.54664492620164,27.21880606878165,40.9206639788717,1,2,0,14.6
23.502770332109204,74.6424187484756,36.88242773109444,31.96528887691213,4,0,0,15.4
31.97711614171357,83.10541527268695,40.21830406130197,35.94315446259366,3,8,0,8.5
44.5965586387191,37.041653563685834,12.296767878189618,29.279522923239913,4,1,1,34.1
23.68900061744604,77.53994519837093,63.743401342091886,20.25914823566731,3,5,0,6.2
28.84616724465712,42.471156492434964,71.42441814697807,17.594809422705843,2,5,0,7.0
44.06067913451277,64.82188076259972,53.94001582954963,20.181572283932862,0,6,1,16.3
43.55226878418867,68.61177634633336,71.7033835960442,5.960648887261471,4,5,1,19.2
31.822918811034388,60.82711182874919,26.66409418355985,22.8131202965592,3,5,1,26.0
35.382861679031,55.887047554494586,24.612145071941544,18.176910477763542,4,9,1,32.4
39.10864295510919,40.400840753885774,13.2308277114365,17.690456914534984,1,6,1,42.0
38.855429612850685,55.90093382033079,28.95155148437714,28.433168413808012,1,5,1,26.3
29.975385573965603,67.16235336888458,43.40750112834968,0.4122985901704401,2,4,1,32.5
34.38190528082779,41.4593895266626,36.988763394036184,34.55197119458054,0,2,1,16.0
29.947908246549687,44.424070054962336,13.820352708818172,12.164388504903812,2,8,1,37.2
42.57205144777251,56.50436913216555,27.37190533389586,19.578638725555166,2,3,1,26.1
27.802985147717283,86.40746112810177,23.47367529188936,27.252465750764287,2,5,1,23.8
41.199632093113266,34.12871721938055,22.255897888919414,22.10253163747381,2,2,1,33.6
31.79342190348958,33.60450173205323,47.51950224883117,3.5497667803309154,1,8,1,30.5
43.33156482317932,38.65862814533977,16.50053916126686,15.024872273092726,4,8,1,41.5
30.378476839159504,66.58038385852365,39.20321732212356,17.42530272756807,0,2,1,22.2
42.93444914297527,79.19400674440195,36.48774555406238,32.570247704450075,3,2,1,19.1
32.67367459325866,76.64394635947414,38.81188860868498,13.254363572253569,1,10,1,29.8
37.2996430715194,80.6702329086135,79.169558160332,26.94142588890605,3,0,0,5.0
29.37457730159781,81.59669097753383,70.65357471657998,40.314462760415886,0,5,0,5.0
20.165960654236496,58.99173024882741,42.5506595734581,3.863508000733995,4,4,1,25.9
33.472822130567415,34.831564900531816,50.711208061752075,12.950553825880961,0,10,1,20.2
25.835300474322295,50.81761116326081,63.06804573901458,41.73667341659056,3,4,0,5.0
27.53947175370229,43.60184688730432,72.7751564126131,14.292767142893931,0,1,1,7.1
22.58555250223562,37.65341867848813,45.20568475478779,41.21244001538024,2,2,0,5.0
20.40047761889596,80.95259989820019,35.467982852947955,14.121723224830252,0,3,1,24.3
27.377225595053545,47.83145082996285,47.169581959387955,39.30561961745135,2,5,0,5.0
39.83365133339282,67.7152210744111,49.656071374620176,42.4184678616826,1,6,1,10.4
30.657645031556182,42.595143013906444,14.06295748361153,19.324427717862097,0,5,1,33.6
43.571352382474046,52.90529479678318,50.37887627741797,26.882883804747365,1,9,1,18.0
29.832827091184296,83.47428085491308,23.244844287744968,24.285515113375393,4,9,1,29.9
30.52794138018656,56.858743838173126,64.63989039975145,38.21206064363748,1,10,0,5.0
41.562483364637885,42.6909512243273,40.6147241440419,12.423061650596095,0,0,1,31.9
35.37956438963306,39.26195202843199,50.15280749496668,20.52269923069027,4,6,1,17.8
29.257176034248943,30.741224768085182,73.87421720737191,48.51285198396895,2,2,0,5.0
43.62289610642817,50.42488906154056,46.32330829339226,48.09895647943524,4,2,0,7.7
42.1785588159929,59.83401044856058,67.65124904553768,10.184148896480561,3,5,1,20.1
21.155301086434086,80.93163645260941,37.93762984138518,16.897912360938278,4,10,1,20.0
29.83282686909434,79.27099339867038,46.0422244265184,44.153772062214806,2,6,0,5.0
34.686509795570586,89.16984298473997,56.647137429025946,42.023683232654676,2,10,0,5.0
41.11858146357436,78.66383735144252,42.553271708201265,29.657572236770243,1,0,0,18.3
33.86660575504058,61.6806355227511,48.38330257195101,9.742821761564263,0,7,1,21.3
44.51778060852722,84.03933292838876,38.8173177003529,44.96328889331181,3,5,1,8.6
44.21859042754982,52.93405591845459,26.62016924769865,27.51805262477759,3,10,1,26.3
21.841625943857483,52.304709660243034,46.03667129870507,18.527371181898427,2,0,0,16.9
22.7995731505655,52.90846288548004,54.88137047921683,12.520090184604427,3,8,1,15.0
33.64544670817642,72.04526719953645,39.82157831408159,32.78137573417871,2,1,1,13.4
42.23921614463006,76.26675891314068,42.3900305623811,35.43600422987694,1,7,0,16.6
29.494512151198137,53.72313635436757,15.585600501500341,30.720653117323728,4,10,1,25.0
21.053400257646516,73.6346719665792,23.666208107223433,5.853451621593581,2,5,1,37.4
29.446244295194226,60.94904112941316,29.47637521307543,41.81190051390883,1,6,1,13.0
27.098403411493635,41.121248837801346,65.01117689259084,39.95869000429063,0,0,0,5.0
39.9070632205848,49.043955678606466,71.65033140815233,13.414816160018233,1,1,1,13.8
32.49010575399822,61.125910308490255,76.94227709792244,41.472638602901846,3,5,0,5.0
35.27753218406364,46.8618719857115,74.68686986599097,9.916534216431078,2,4,1,8.3
28.634230750695444,53.254469997994754,24.464305279636164,18.99278893084459,3,1,1,28.3
28.215153709543017,34.8604235173383,13.250098524127303,4.610981172887718,4,5,1,43.9
38.818760287708066,30.926782067722307,25.302556311695547,47.531236968009594,3,2,1,16.2
35.42549311970507,57.66657223672067,26.24502416662255,18.782533442887317,2,6,1,29.1
21.071201321184326,59.60049407148703,26.102231065570937,0.7937829308335087,1,9,0,37.0
29.720924035769023,85.5513277768944,32.83286612013931,15.897937396260298,4,8,1,30.2
33.87655498321788,45.98680191917619,35.600441860731515,41.64344727244708,3,4,1,10.7
40.32083094180412,54.049201699030334,65.90511795702338,12.992980999812431,4,0,1,16.9
20.665035492640644,69.8383189703888,32.56506114110529,23.33274337251353,0,5,1,19.8
40.36038766163506,32.24322514861582,79.10342082027759,29.623279593865583,4,4,1,5.0
21.177975339173134,63.00752218454412,55.30632999608473,47.59575482499728,1,2,0,5.0
26.720092164670103,50.053257998797704,75.3131856425455,43.49243580742799,3,4,0,5.0
39.100990745576894,84.96648649709648,41.93336406325659,11.452917701120185,2,8,1,24.9
26.58840662953014,63.71410827649347,38.45896341724357,14.632748924824025,4,8,1,21.4
33.55890525895643,57.34326955497593,73.13981890942404,21.724666314299267,2,6,1,5.0
43.78867126013572,69.73127936785397,70.44305028438981,42.42985436870589,4,6,1,5.0
21.229082917166206,47.02485256803173,20.333633582265144,41.44761708829551,1,6,1,13.6
39.976152059657615,63.349454283270326,40.88273298559664,13.870748769817853,2,8,1,27.4
24.207116723473607,84.81179827034732,43.14630440316352,17.1398453396631,0,0,0,21.8
41.412512394733525,83.74266627041233,28.281604910421784,1.676229098631099,0,4,1,43.0
29.97499153119596,76.91190169486558,35.89094211334683,22.450201513318603,3,5,1,22.4
33.82315065476425,31.72206870330929,19.856937410502137,15.982835291526055,1,2,1,37.5
31.26107672278456,70.46390687525877,32.87415185796819,49.46282512680618,2,7,1,7.3
41.258979594095564,83.73329364959679,76.70384909449255,29.74595171939119,0,1,1,5.0
26.33871129161045,59.994696951961956,75.16201806962154,20.23269860964938,0,8,0,5.0
28.66865664340857,35.72600467069141,50.65025913299545,12.877434224284102,4,9,1,22.3
24.552507032732066,82.46586958855707,38.70791484985446,36.36143956080167,1,8,1,12.2
28.7552270159355,40.3348965244581,47.39429470445323,17.374541580602614,2,0,1,20.4
38.94777078069151,49.63487449882392,75.91935252538823,7.362085837849152,3,0,1,17.3
33.84174866834905,45.24364990548243,67.17352730598499,40.69839343919593,2,9,0,5.0
20.041581741409725,85.87276514214052,48.06271543511088,3.489859341007734,1,5,0,25.4
32.562631633382274,43.41066070479166,69.59637229897763,10.978556341412427,2,3,1,11.3
24.371760704413337,48.21193708214295,11.650242575017396,39.66455059640266,2,1,1,23.1
27.876637884527227,55.00612055373841,55.141490555743516,19.097009447913372,2,3,0,15.1
25.85044227354139,49.63096137337908,43.76396880479846,30.737335819087857,4,9,1,11.8
20.586111765782558,63.83312336224945,20.851108900840373,10.598217103305018,3,6,1,33.3
24.277317093826106,76.04345600445734,57.497162561299135,25.309352430055615,3,5,0,8.8
34.26014247585988,34.16381682467098,18.164289343884754,47.35677930512641,4,7,1,20.4
32.11256949852392,88.14192723507341,23.33623072762297,2.2710381730115192,4,3,1,40.1
44.091673907562935,67.99585671860395,16.885711299793282,21.40274508005956,3,0,1,33.8
39.45459316788782,84.18196752475279,27.24101749451288,38.03983025695612,3,3,1,23.3
28.513456230923225,57.61333370555856,66.84082099580078,44.26565518927257,1,6,0,5.0
25.877043668087545,53.60198325795052,45.490243023511596,20.907331365010705,4,1,1,17.7
30.870089107197515,77.56722332792357,24.446715217649235,0.3782970003155972,2,3,1,41.4
43.20393515379478,69.82625950582727,17.96301772689093,14.716661464297065,0,9,1,42.6
26.912382389210016,40.28116283259244,69.62325358347206,44.948183887645484,1,4,0,5.0
39.892384731717726,43.830951438057966,39.220470562508524,17.79646668004502,2,3,1,27.6
44.544706900721266,50.53680283198031,54.97161136651795,39.68199769502596,0,10,0,9.7
22.998492746582272,54.81847972057316,68.09061192333465,24.770979522490688,1,4,0,5.0
35.84417475611728,35.35045130739766,69.54440439546673,33.90010264480509,2,8,0,5.0
30.416951531648536,73.99555625697684,13.040430174054173,18.91099262370215,1,9,1,34.9
39.73451471682148,47.95333867655003,12.40799480289033,15.848913326686375,3,6,1,41.6
29.116718391217418,74.72771889761944,28.54093822464471,46.72299122830083,2,7,1,9.6
35.78925063957445,60.43323124747234,32.332582690416615,25.417607071949227,0,9,1,25.5
43.72921831155718,83.56931531059979,19.614296348894584,46.01067114641605,0,4,1,22.0
32.52474210750371,46.71832653459634,41.19754949664041,22.54135082466061,2,9,1,26.3
33.519344176342486,32.59983963287045,37.85143346852665,49.37520565319298,0,4,1,6.0
27.32612204105603,56.105636916936916,40.971453975119054,45.88294232934391,2,3,0,5.0
37.55173439148858,56.874471810333404,72.34962473588183,32.98693123369257,2,9,0,5.0
30.841420933628342,77.87856404046705,27.238561786489697,43.01901980998954,2,7,0,16.6
44.72394760846925,39.56518020071425,22.344695436657535,45.05067867089995,4,9,1,19.0
28.118231928998615,41.57320810251615,18.886278819408883,15.46529865689431,3,5,1,36.4
44.99406716913662,39.077565376420374,35.58529358552901,37.029697642205264,1,8,1,19.7
26.261993835721263,44.17637779427441,37.7259954599577,36.60973447725732,0,7,1,10.3
33.814916342297536,41.12590783083499,30.666356417041897,26.62715406380658,1,9,1,24.0
29.985913506638795,48.703970874200536,12.237217364783868,30.87454638921745,4,8,1,29.5
39.51158751921903,72.0994726564565,20.768298983398935,14.03704936963509,4,0,1,36.8
25.329605293982052,30.03086093129551,60.654433242147135,16.447108730740545,4,10,0,12.5
25.809388784244845,31.39256636955125,23.664734648019984,20.352351507942462,1,8,1,29.7
35.50119265014067,62.045595454093565,44.41947230056936,8.010796304677047,1,4,1,30.2
36.52125191918142,47.638936160617575,43.166721337964475,39.866217400153,3,4,0,10.2
43.0951852485596,81.19064991415092,30.241960781598998,40.55705067026621,4,2,1,19.9
23.729094012379864,81.9579765612014,33.32513577311168,5.578262615697849,4,4,1,34.8
25.57539858963248,31.898775563283525,50.89783466918497,15.434878963453558,0,3,1,18.4
37.6296696495235,42.8123872132348,18.20217608659995,38.53039980111159,0,8,1,22.5
27.162090969241767,43.501992118914366,45.06537542078009,46.79110415815001,1,7,0,5.0
22.209978770700694,35.79918887651793,13.133817381510612,20.85378653149826,3,7,1,31.4
34.769880819319134,52.63918787543759,21.570740342074252,33.99685374377516,1,1,1,24.6
26.568133856017276,62.145627543096026,21.329770254556998,3.4300047034219516,2,3,1,38.8
41.32145761765863,33.338161741214314,76.86448655227767,13.616403030015418,0,8,1,8.4
20.28955129233472,44.11849415004316,14.803284848426431,40.33051394153151,0,9,0,19.1
32.65769390571914,80.06560968047955,68.25322738364181,49.169692351715774,3,10,0,5.0
38.08670118085256,34.791148918847625,34.359226384171095,31.847011133737958,4,2,1,18.2
43.4769683547836,32.91342071834203,48.33175322950022,23.253217503342594,0,10,1,20.3
42.858838207305084,39.2203209585106,52.52038350296828,20.110735817144555,3,0,1,22.4
41.414794878497744,55.71370003098207,40.51504891115093,29.1435797838886,2,9,1,18.8
21.836660245952107,85.9306162069179,54.767784849997355,46.29215116254829,4,4,0,5.0
37.940735875317245,64.51410324642833,42.13883021822355,16.323304101453008,2,5,0,26.5
22.1041232972864,49.345028446171995,71.17808438702392,48.008844495490486,3,2,0,5.0
39.946062787453485,58.335838730232254,48.4620299636847,32.25544086042329,4,4,0,17.5
44.79662232379101,85.649671498739,78.44037092141481,39.888968880633875,2,3,0,5.0
40.44780234813581,68.62924242599077,41.993236014445316,16.511264691920037,0,4,1,22.1
32.43689394141621,58.763786486205525,21.781462807827342,12.642053450657853,3,6,1,34.5
25.745939116811364,67.92722269288001,73.95599526273506,37.2123000877447,0,5,0,5.0
43.89600434738789,66.17973776949373,55.64074660719051,49.72262471709604,2,4,0,5.0
37.53622662634818,77.36357989870484,38.36098364029854,15.685334413902336,1,9,1,25.1
28.892103606277573,84.34903037348828,51.81211415890403,8.9700956411218,4,9,1,22.7
25.682747025990935,84.05270048870521,20.22292452988926,1.5907637588504164,3,8,1,39.0
38.420397629141355,35.91208749612463,66.13029886603995,27.143018225560812,1,1,1,10.4
26.034068808696833,78.90965518174035,12.749109228107997,30.3804138096108,4,3,1,30.3
21.055424674238978,66.11153941415455,61.49702960056652,22.11409056174942,3,10,0,7.2
44.494157906840584,83.36567052230168,72.68123318311603,28.29946202064275,3,7,0,5.0
34.03577146276053,65.06007439938972,43.78080692141918,18.897317801189068,1,4,0,22.1
42.674621338111926,37.60480740384115,20.558527765160832,44.35203376087883,1,5,1,22.5
31.893797757763647,35.857539791620184,68.56556049254598,5.450483161804737,1,9,1,15.0
21.992613367063942,55.67316407320697,27.345050162058822,15.256677058128204,0,4,1,29.1
44.43310831484336,72.75717717909035,73.13258495949358,40.75944756967897,1,1,0,5.0
41.1066409665753,87.63951672501409,30.087690327184472,34.74467706708889,0,6,1,23.3
44.95684943927381,57.96576046458641,25.49834808027404,25.02117456846612,0,1,1,30.1
25.172670278023944,67.96210667032841,21.98794721116882,47.97315099937901,3,2,1,11.1
37.5279417593723,49.99184160163015,35.95312493994969,13.460553465823516,2,5,1,30.4
39.29155237362678,61.3107394415316,68.52250457984108,14.900673696201473,3,6,1,14.7
26.361853214101572,83.91232915739934,64.82059813881867,26.876246742975248,2,6,0,5.6
36.48986760187097,34.031020293914935,25.66857702999798,23.32725758568585,0,1,1,28.9
36.86235856602516,71.18134896104438,31.038066938139174,11.2674486154217,4,6,1,34.6
21.86284447446016,42.100109221364775,70.38503428343932,3.9308584326709584,3,5,0,12.2
23.702821480084193,58.467371869733284,73.67496688105513,32.94005951712368,1,7,0,5.0
33.807909172390886,46.57219399464546,33.1315934800694,13.925103223897139,0,4,1,32.1
44.01017974482346,80.31500220893085,56.49185520109136,22.652356490486188,3,5,1,17.2
44.04794021789301,89.3387316360472,32.656741797015925,29.7572066184589,2,8,1,22.7
20.31069157335089,31.841398964393612,42.803395399306396,29.8928475849098,3,1,0,9.6
26.597812522064064,72.91625132248058,37.46250313237904,2.642000160646174,0,1,1,30.3
25.612191921637088,42.39541099746306,14.378706503038226,22.657591681445698,2,2,1,29.1
27.24447661821136,34.047670045452406,10.590600425290654,29.008777253385908,2,4,1,33.6
40.41155257739118,59.61278204638208,18.001124094895776,47.42567950212092,2,10,1,18.8
20.364043690736022,33.809947432193496,14.269646631867321,3.12828487780466,3,4,1,42.1
36.46615163325281,75.666883203965,11.497572060273134,27.943210854455103,1,0,1,33.1
26.21154877295397,48.45151798495251,29.860075023819718,47.30977630227179,3,1,1,7.2
26.180267379690513,37.366296732583415,64.29898323295805,48.90769669427281,3,6,0,5.0
39.83941781654127,89.96394919725604,22.084568647997898,2.3191779628916,0,7,1,45.8
44.24992588975952,85.8353899740286,77.75785273697974,47.753301058011324,0,4,0,5.0
44.264804489364714,81.53664296080117,75.43186655681973,6.472021438097269,0,4,0,13.9
42.33132389473404,43.061209501124964,49.434387572616956,24.020214997257206,4,2,1,18.7
22.122658824437913,44.917983403936894,30.07043354266688,2.9842947440219927,1,5,1,31.7
43.67184010378878,30.325884424291473,37.72103703289457,14.601982424311883,4,6,1,31.1
29.134445982797402,44.018782001477504,12.593144104497503,49.26680316407314,2,8,1,17.8
31.504025325793496,39.260929044719944,52.24130681289572,14.036513802214994,3,1,1,21.9
42.0297939708737,66.20434756335,15.21715555678039,31.420868305395626,2,9,1,33.4
23.48664755643356,52.34341790895027,41.18678574571787,7.351064316770117,3,3,0,25.3
42.206805340710595,41.488788072082805,70.96202764964201,34.28414605200746,1,2,0,5.0
34.22475960439561,81.66717728534094,75.57623241768854,46.77703253384669,4,1,0,5.0
43.11058848064111,83.33197189210225,16.518327447894055,32.89271352174069,2,0,1,29.7
44.7891659574959,51.06860293226042,35.639417895949734,32.16483583263601,4,7,1,20.6
34.23513613499344,71.03915736858059,30.28785456521561,35.11239779159791,1,9,1,18.8
34.049177726991104,84.30782241001066,60.28593871494159,19.430585036596153,4,8,1,12.4
23.30302951613517,71.48361885227774,33.08198889567127,11.000607759727,3,2,1,27.7
44.532452035530795,30.613516408481495,19.181075318584075,33.363270840155316,2,8,1,29.1
22.185383531894622,68.46813242526343,12.422641802274908,23.38099530430008,0,3,0,29.3
42.806639044200736,54.66157784387687,32.65410056801446,37.88968094832397,0,8,1,18.5
21.06098606493016,86.32938103867545,17.584846432208806,40.38135401273896,0,9,0,14.8
44.38969680013629,43.406406266376166,56.253482789398106,38.43731968343469,3,9,0,8.2
21.88771445553622,33.70848740967975,57.495509493626564,36.61474694009725,0,2,0,5.0
40.06243398719854,46.62426677624069,58.11257844326377,34.93390125383197,3,6,1,5.0
37.804228168279685,87.79718962998673,38.91637444248949,37.817254221968334,2,0,1,14.2
22.886096215020757,87.62142991624467,26.629419026987982,28.371533239034946,0,2,0,22.3
30.898156299066006,50.91936789573653,12.054802529835225,46.894977746673206,2,7,1,19.2
32.13172951551818,49.882209677779684,32.34996888660747,29.97823310412405,3,3,1,22.6
27.88953560088467,67.91856242017934,62.63182614532059,29.89999850773419,4,7,0,6.9
42.913187801177074,87.44306197370409,11.665494441414266,39.48230797308492,3,1,1,29.7
36.207974264872234,59.488968958723305,38.34774311608889,47.96723805560234,4,1,1,8.5
24.17894300326578,33.06792897708338,63.67649396532423,31.842057798879953,2,6,0,5.0
33.10937410018355,79.00633363487066,10.409937583397493,44.46671882362577,2,2,1,25.7
32.84580229100461,50.365452723660624,23.002996468733237,23.36120262643532,2,7,1,33.6
23.46872406167847,68.31647941322878,32.73607414496879,1.2725813337043923,0,3,1,34.4
35.31852459536008,58.40605086307296,21.125662035013168,39.926752824661634,1,10,1,18.8
38.1712317448708,58.19165775830969,49.48787710687212,28.01539995703167,4,0,1,14.6
21.63837852513422,88.45404312464277,57.36471524896014,40.33248438230013,4,1,0,5.0
22.754250157687345,82.35502630546534,27.521139292924154,16.528034209043334,1,3,0,26.9
37.18898953635896,38.53520316604614,44.58299699372812,40.3545722573535,2,0,1,9.5
39.79040474877196,67.68896712671035,22.181240236071417,26.761116900999234,3,0,1,28.3
25.71339041840284,60.6528023791033,68.76982651653108,22.566230494526362,1,2,0,5.0
41.35488319559538,81.12900065966895,28.715855128943957,13.677621850474909,2,3,1,31.5
25.218598853112738,56.5437923604218,26.743038688385273,31.63792578927182,4,2,1,20.8
43.99511102730635,78.54726604279091,67.35453837539353,33.12870645201962,3,9,0,5.0
22.446650206064138,42.532126632897146,51.64588978324276,36.08219803538362,4,10,0,5.0
20.0668258630023,80.03224294794981,62.34292286061885,15.945772817910363,2,0,0,10.0
42.40778890993714,53.23043214250832,51.063627186576134,27.458423789005177,1,7,1,18.3
27.970875140540873,88.31130585212713,15.36198391162832,15.71496023923586,3,10,1,35.9
21.10667943135454,54.98073998894232,72.72029333035877,22.20118357770958,4,10,0,5.0
31.193179443149333,41.101385322247836,18.035817099673096,22.871018856261717,2,10,1,32.5
36.12443026477361,57.22715840160629,19.886399870153575,4.227126674596615,1,10,1,41.3
23.497806203573184,30.699340479079858,54.609946674706954,47.814456425657866,3,3,0,5.0
43.260585583237855,38.35670193026324,57.93729549099117,26.63346607614355,3,5,1,13.4
33.70963934993353,65.45963592771687,18.61503576674117,23.57829252510421,2,1,1,30.1
23.27362505707392,78.8098899603275,49.11954055443554,43.7133934008687,2,3,0,5.5
34.49021689732975,43.92849360427132,58.69278945268204,45.75209264901039,1,5,0,5.0
24.84105410849088,49.66995238880234,62.79370323931663,29.525055577697344,3,10,0,5.1
35.286830100021,53.97578846266188,33.41130911956772,33.66299073965272,0,4,1,15.7
42.06431964493329,54.032642338229884,33.78287132704893,16.342194374885143,0,2,1,32.8
24.790537207385274,61.37341690950639,74.60490276923396,44.68982256714172,3,8,0,5.0
35.48884464997004,52.03314543835614,64.60421055896872,41.517744102198385,0,10,0,5.0
21.6998219680939,60.030872547392676,40.72129605054862,44.421750741875485,4,6,0,5.0
29.633035557075985,75.65790037255587,44.4129455754387,14.324566910803988,0,10,1,24.6
44.76368602055243,82.07586262973267,32.27228820635066,21.325408779400014,4,8,1,29.8
39.6373010095122,37.898299167996754,40.27888184569176,14.257480971086089,3,6,1,28.2
42.43175944813089,61.49400074002151,18.378965501384542,17.345574504237888,4,4,1,35.6
22.363096761354157,74.93991815671001,78.13831974074978,6.995614687844248,4,0,0,11.5
34.31764554541365,75.26722831767759,11.981975018133289,19.170828405903368,3,5,1,38.4
29.267452541519923,54.013738519871694,49.44462955157527,42.358180791172934,4,8,0,5.0
36.640579309374246,82.92988478022687,43.421858006957784,9.62845837348551,3,9,1,26.4
31.25604556544203,71.94834709651403,32.778770481643974,35.98945493665387,2,9,1,16.0
30.363743922313272,56.02579066530952,73.05823216604199,10.560410560249023,4,9,1,13.5
43.54564524161687,70.98289847907182,66.86141582229027,11.782347386252667,0,0,1,20.2
24.41922716992838,42.2767521216105,30.580326941315498,7.517777310706331,4,4,1,33.5
35.99770835438935,45.679121136139145,44.830567284205856,26.992018436966088,2,7,1,16.3
42.004909471788764,38.59898170419835,35.11193320855688,3.910109151312274,2,6,1,38.5
27.121789949009372,80.67188124572158,29.394313163163584,20.732181278799246,2,2,1,26.1
29.923316430674582,54.4456206312712,49.360905596160535,24.159233469907036,3,3,0,13.7
35.018250608167556,51.65042971543449,48.54200076228093,4.266953673710433,4,0,1,27.1
22.5488951226508,83.87219199821337,42.816565440483934,24.896733177644354,0,6,0,14.2
42.548652708229895,56.85543327810476,43.223001354801475,48.9222049809451,2,1,0,7.6
36.79188591615081,47.85015103880528,74.32907600379994,23.14019374906205,1,6,1,6.1
24.351650826838224,74.23522828816081,14.516047554287475,45.4014615070315,2,7,0,19.1
44.716098069251686,60.254051188371065,58.53963839990694,4.5231181353809715,3,4,1,28.2
37.19748733447971,60.38807415890554,27.09268755998676,22.02528485817189,3,7,1,31.6
42.259848633092595,56.8619908661236,53.637381631262656,9.982035961564916,2,4,1,28.6
29.149134350683667,34.485158173251506,23.735926801093814,12.359886974918993,0,8,1,36.7
37.735583290318175,31.704890441624812,48.23640446088285,42.34767882679945,2,5,0,5.3
39.20565047217622,89.17517041508779,52.52312730701913,46.973643067003565,2,2,0,5.0
28.25936360755803,46.88446698944227,61.78491438486846,28.271779482878053,2,3,0,5.3
35.7245608259845,66.42291221802705,79.20334204559565,35.167099445770305,3,2,0,5.0
27.804815513165977,45.51657765386308,44.30230064103693,27.59816956918066,4,9,1,16.0
37.36354518835029,77.29704771699826,18.26235236254133,46.68314749931277,0,1,1,19.5
23.69190576124222,52.50834381030759,48.91331185037943,30.882398497658333,2,2,0,8.0
20.524969841433627,39.03048719727285,67.03016357306927,31.898358207702067,0,3,0,5.0
22.902170956203662,54.00826434022411,16.1440674700748,29.52495703883645,0,6,1,25.5
24.21212100783823,50.63867966369635,44.49808111451668,34.90867711547321,1,6,0,9.3
23.009413653500573,84.91617096981696,10.734677121064575,27.496569125326324,4,6,1,28.3
22.00267139666637,75.8972426446118,41.95589381250758,48.597450007089236,1,4,0,5.0
24.347735715290305,32.703557881672246,17.52535096955907,38.56404770698209,1,1,1,20.1
34.02842703125672,56.373157373366396,76.24331740220072,39.15125054753566,2,0,0,5.0
22.538591834868654,88.04668371246377,33.00603518117143,43.8513784096032,3,7,0,5.0
20.961420272551454,81.5899124603171,19.936443350789474,2.8001978380807255,2,6,1,37.2
28.204511318064295,76.69843103892866,12.967939764794261,49.10478064635437,3,3,0,14.0
44.77311748661038,69.15887198079966,38.32759656315935,46.50473149007428,3,9,1,8.8
29.377384946809453,57.54733171597731,57.10737044306066,37.06613540405937,2,5,0,5.0
42.73565296861473,36.915427495030016,48.30087790891924,10.400887064484149,4,9,1,25.0
30.736435776075766,35.34160295563855,29.469113147088063,43.314293582413875,3,1,1,13.4
32.75221238098133,51.05169937787083,56.79123859776078,47.24830742055454,1,3,0,5.0
30.14651159753219,33.39233307596824,70.29010744577708,7.436492611556561,2,9,1,12.8
33.016880275284265,60.092613278020764,72.49518474006649,35.89628381407117,1,7,0,5.0
33.260411933813664,51.876079569732,39.03858561400351,0.15689691642006287,2,7,1,38.1
22.78431698630999,89.2379352084568,22.16205235607415,1.8067249719085687,3,5,1,41.7
35.96134535948142,81.00266087066093,73.93033061439328,45.122909737921965,2,3,0,5.0
38.31343416765451,81.19704316747087,54.69869751305953,14.621278214162924,4,8,1,17.2
40.07232463717546,39.10303639579216,68.20132603997743,7.409563363552768,2,4,1,21.1
42.53161477387662,73.98985442937446,68.75377524067893,11.2200020676336,3,8,1,18.3
32.00120318414868,61.96589997254266,26.436331560390464,17.256498559545356,0,10,1,31.1
34.36669431150451,71.76620920725928,51.4805127972023,41.59679121723901,2,6,1,5.0
23.606536226886387,82.07085319307731,51.89437508334701,21.313717800529346,3,2,0,11.5
23.175241811151245,56.21296271618601,24.621827053378883,7.810708158804191,0,2,1,31.7
28.687927505417875,68.69475710146844,49.502386633441546,4.526869858631466,2,0,1,29.4
33.888117107585124,60.638208160698426,45.796554864592785,20.61563653969371,2,5,1,23.2
41.979975468369474,88.07220268594355,78.29262950346153,40.45576231859152,3,10,0,5.0
41.1097558812595,72.91968822708152,32.597858724323814,41.44165591780767,3,1,1,19.0
43.4836478288265,58.0525073317873,19.820855599380153,25.063546311903966,4,10,1,32.9
25.50069397853114,36.90616851689984,22.38825347183668,15.793278502022346,0,2,1,31.2
28.27658099146778,64.42278995501715,60.66106631204985,14.095212279796614,4,10,1,12.7
36.17082920201409,38.559792642537005,37.02193762453553,20.963541433850075,4,10,1,23.1
22.291247970638075,56.45917423402158,67.45823720083877,21.773499894557986,0,5,0,5.0
21.1947601595731,58.41544303767064,42.09745062990134,48.89598740560733,2,7,0,5.0
36.77224491005078,37.75216467781192,18.806785907209946,18.966630567972132,2,5,1,34.9
25.687367104242085,76.92636909537947,54.73842466989241,29.50206458900991,3,6,1,5.0
29.32800330512305,44.13824999419908,42.81139011658883,40.826129817557245,1,3,0,9.1
23.002487381892905,35.89473712648841,15.247976058124754,33.21689752282409,1,4,0,20.6
43.83829077132253,41.60655415483691,17.912092556114647,48.97883279157617,1,6,1,19.6
34.52502388486315,40.79107837974219,75.96906878918857,28.11967955576089,4,1,1,5.0
41.40920576145962,63.64459608897343,43.68780063244519,3.9430151393779034,3,3,1,34.2
34.7549499182501,66.3400971716886,70.31280281374305,25.709776886533405,3,7,0,5.0
20.296757798334866,89.45290716333857,37.60836717477582,42.120889167868,2,1,1,6.3
25.08282531996662,61.9422821945885,11.852638995462563,38.717840237312195,0,10,1,27.3
40.72208623955759,30.894071006285305,50.98686349128607,9.444527584964945,0,7,1,24.6
32.78684279147256,47.10338709518075,65.94791641796792,7.8904630059312915,1,8,1,20.7
39.61658297979857,36.478414972029796,45.966989923459984,28.186824104178253,2,10,1,19.3
20.499826808637817,36.18656464347518,20.344707749800456,45.38292998178631,3,5,1,15.4
43.61826192318035,77.87762099160979,31.054632457211888,2.4393428151266217,3,1,1,41.9
41.82166569805164,53.29053153687387,20.51640375121202,1.2204389505890811,0,10,1,43.4
30.460879792569145,89.92548205578332,15.450863189590207,24.621922070823505,1,7,1,34.5
42.78082403975336,44.99778320840568,30.11698727199731,37.71873840968218,4,3,1,19.8
33.653091676423,69.79104810972302,68.08813639054227,26.992468653120827,2,5,0,5.0
32.86130550212501,70.22300314420806,13.013736263114833,11.367210168266878,2,4,1,40.6
32.27007186558656,65.44923405674943,10.975042470793326,31.028408721285512,2,10,1,28.4
34.252147004440786,65.10309384451907,78.68499392059837,0.05881774799570416,4,7,1,15.5
23.562356621003087,88.85120900621374,72.05653618326633,34.225833755829505,2,10,0,5.0
32.11932148786097,76.27899867883804,76.50151705663058,4.656716688789925,4,0,1,14.7
40.74434550144867,32.84289398146297,78.46283417589648,38.53333876997854,0,1,1,5.0
38.31373628249979,54.93414069198385,21.09968693656017,34.63138591685002,3,10,1,26.6
24.851441373747374,51.016099216806346,31.63623276638256,28.46199651052464,1,9,1,17.2
43.79914974663559,33.26081904234157,44.96658533400962,18.989922664247917,2,1,1,25.5
21.466792261678865,82.63361721547317,11.87804923515446,36.30539721582969,2,10,0,20.6
26.99307036350852,44.12711913532192,58.7191416814775,14.27406888006481,0,0,1,17.1
27.41817262416007,82.05245902036722,17.596059679970114,13.256596878384808,3,8,1,39.1
38.41333259051467,60.222758927893125,16.462758920560752,32.45363407832995,4,7,1,30.6
35.63391517283847,52.931643052912236,44.0938733996853,30.182266890056663,1,6,0,14.7
24.29347701613388,69.34259578979666,16.13798737438156,31.82921205755299,3,2,0,25.5
39.14416297454421,88.97624284640878,35.64748261475415,13.671020970491805,0,1,1,30.4
28.063287238477972,30.723427878632325,63.327811873181055,37.42221341452587,2,9,0,5.0
42.44061450077352,31.316164173327834,52.36407047627456,23.578296578664265,3,7,1,15.1
20.584947060196104,84.63301612818027,59.27810447715281,30.504380428370137,4,7,0,5.0
28.511288423542357,39.321687578900956,36.72883031173056,10.17709887502542,0,2,1,28.0
44.07153815711263,88.35386323064918,58.96495627849894,3.7111233247194395,1,10,1,30.9
26.301336156454653,62.2220238608347,54.7850465786906,30.602060069211483,1,5,0,6.8
21.622677759588367,72.80232736422519,47.198330610238315,27.89159460517576,2,9,0,8.7
44.64889152764718,76.7545453783114,75.24633809250294,31.04220285449792,4,2,0,5.0
21.88453297297171,56.15862013914708,11.44307573872664,40.84376803473796,1,4,0,20.9
20.96706368226768,59.699258698363636,59.61246231484971,42.79626860285896,3,0,0,5.0
34.20846385620866,35.873600245726664,59.18562187187158,32.75860558466889,3,5,1,5.0
23.037500740863678,58.00539387613772,52.92124809892054,43.19337435163544,3,1,0,5.0
23.69447000180881,76.90603167971503,62.43734851851287,21.23738687023061,1,1,0,7.6
31.227971307838338,60.93529802537084,16.231479126784304,0.14903583056227743,2,4,1,41.6
27.55393935886567,43.51787507000287,42.463077248487956,7.979503265445592,4,4,1,29.0
32.088230319076644,34.1809341324591,43.26758074025177,7.061633059934391,0,3,1,24.2
20.9007763420267,80.36666328292105,42.740278932668474,18.045873713909515,2,5,0,15.0
22.47502889652604,85.68255552211028,51.035727805626586,40.98973661042906,1,9,0,5.0
36.34717452375706,59.6651695780167,65.72340059305347,21.293599072623127,3,10,0,9.9
24.709652548169217,74.13931668282885,73.2478267745588,17.82804358314622,3,0,0,5.0
34.23697404182958,35.31377214679713,11.272321647599332,16.915891426887196,1,9,1,42.4
22.16915920666232,81.45299342059987,31.09843928628425,25.583673689988395,2,7,1,20.1
31.054867325786226,67.14081269059369,74.59098550424662,35.697383455901836,2,8,0,5.0
43.887405870366194,39.303653149069625,31.480857010797386,1.2580932987056925,2,0,1,43.0
30.11694957446244,66.94617638117282,27.06016273845391,19.139738645686432,3,4,1,31.5
39.972877186814685,63.658598419878366,50.768829786051846,10.132647429895353,2,2,1,23.8
39.89098604250836,89.66954836431884,45.725891161148255,46.67223358260079,0,2,0,5.6
36.72526380477099,50.34390311810681,42.48826126159964,42.98628219473263,2,0,0,12.0
23.74110701779765,88.41871193570506,38.04446782910446,3.1256658822752637,1,7,1,35.0
22.79741447480747,88.77940765390058,70.39185843090269,7.422470782565621,0,3,0,12.3
26.011052300181618,73.91675311751533,43.18975932788419,12.91738846762387,3,6,0,23.1
32.428714798457236,42.208547884648404,18.4418382118659,9.352306203108785,3,7,1,39.7
43.33920627684856,48.72612204861586,76.35764420456637,13.849119848103047,1,3,1,11.2
38.79500786813365,45.94229713210618,73.06000872073564,42.922414825086804,3,3,0,5.0
28.168358469508995,57.148783540667615,32.137658232980435,2.41441372944477,3,10,1,35.2
26.974598086599972,37.20399970320641,12.669988823243315,42.05448668996647,1,1,1,23.3
35.349672756138986,89.99448093701713,44.301029696494666,37.30921719700084,1,4,0,11.3
31.793764063950093,50.22980777223389,28.834300679440663,41.172552180641155,2,4,1,15.2
22.89571437084797,51.31790744992903,29.041095057115093,18.23683996155763,1,10,1,25.3
31.018075915190057,43.72654345962449,13.505422704382287,3.2848895969957272,1,7,1,46.0
44.28712568440929,38.16684925518816,21.07611008402191,38.53325161030569,1,3,1,26.4
30.243435043528173,37.43164543105411,78.42179001286482,21.08508785302708,4,3,1,5.0
42.17746428332856,63.32598270368341,28.84090973126789,30.46855276914825,3,7,1,24.3
40.891599445879706,73.69302284936337,51.248746168663466,46.63970126321825,4,7,0,5.0
27.555247033517194,40.8239313695615,29.46535620938145,42.200221935924674,1,6,1,13.3
41.91111918031617,59.01900302758087,77.52611296840074,31.204901110972607,4,8,0,5.0
20.171612950749072,79.87027266559892,37.23885135562114,24.421543830655306,2,2,1,13.6
30.86433886366884,55.59260787946128,11.615820449482378,27.774729420241933,4,8,1,33.4
31.16491593940389,48.236690696556494,58.48820960086234,42.58692945201123,4,7,0,5.0
39.001338901169134,65.40996467299836,61.87391009429262,37.210955385142306,2,3,0,5.0
44.73010786096674,33.386029209515165,22.267508218672255,24.469185678067234,2,10,1,31.4
20.03905171250152,68.41659245233066,62.78411594404151,21.915319692716974,0,1,0,10.0
33.24238664915904,56.0744175914068,37.0001185208864,28.028713221408957,4,3,1,20.4
42.46289633144376,44.02232076401709,72.33463686446257,4.961140498481348,0,2,1,19.7
20.428905365182978,88.04086182101238,39.6219657625105,36.02906585070622,4,1,1,9.7
24.03079290331863,36.62071805111487,68.53892091329044,25.823580099622355,3,6,0,5.0
30.62596273357217,46.163679746411155,43.092872476758295,1.2507125870023061,1,3,1,30.1
26.970911973886043,32.281581969344074,37.147221202933096,48.36362715651064,4,4,1,5.0
43.324000995706314,43.1652015205574,27.96547296030293,15.48528108480176,3,4,1,38.5
26.007272393721955,60.63878619830581,67.87877865399997,33.47670434970673,0,0,0,5.0
24.03882533646098,85.66156836940691,39.31521102464069,29.70325879913079,0,0,0,8.6
32.75542265127148,70.47903306930982,27.852598536136604,33.5272376020382,1,5,1,21.8
35.77596388337919,36.087875724404,68.16797635140014,25.045247311323728,0,2,1,9.6
39.444506520289295,40.8885394527596,65.80964116694219,36.12487385038065,2,3,0,5.0
31.85178579678598,83.06873428202732,34.61329753405513,44.484935899328825,3,3,1,9.3
41.135300662954414,48.92781548575704,27.81108672187509,12.622125889714953,3,5,1,35.3
28.375591578808283,64.2870195337133,10.419523793519321,29.091096968988527,0,4,1,31.9
26.830428761604676,71.43919831525145,77.50456762998473,21.98237943436353,1,9,0,5.0
30.11199468848246,70.98116118487957,38.07797572913472,7.004332100725613,0,9,1,30.2
33.167044255312454,54.0598340648919,70.51215990071327,37.11947255053777,4,1,0,5.0
36.50121041061148,84.2762494304117,27.35411940725285,44.38374223302316,0,8,1,14.9
31.10098591845167,66.00418685476026,73.74133805599737,44.07351219471586,3,5,0,5.0
41.32776882331463,66.40848335821036,25.175670124689333,34.42048900623416,0,10,1,25.1
41.71601912169332,72.43923310199726,23.367135049826423,28.76340327319297,3,0,1,27.2
30.20213186329503,35.99602254300841,17.847172819332698,28.07417212319499,0,3,1,27.3
27.661936498955228,50.43129537696748,77.89652926299259,28.622926530113475,4,9,0,5.0
41.00318095643078,57.40767326633414,45.318163926676945,0.433969074945878,2,7,1,33.3
20.855469955131376,66.87781883862492,28.645155707240264,26.126850279272958,4,1,1,20.0
38.80008824501279,84.93619256435882,63.12905353180886,14.584748333228708,2,9,0,16.0
30.96130078182508,44.73295177433495,15.895732125629426,7.857698097014454,0,2,1,39.3
32.02063593830914,70.47636848189285,75.51459830019348,19.560439114793816,1,10,0,5.9
32.21848648573796,56.15161512497196,62.859297322320444,47.678354352138946,4,7,0,5.0
24.78063884719997,56.789236704423345,33.472660244379014,11.981419174178026,0,10,1,28.5
24.90316413738621,89.65652450184174,25.051202554841296,39.46657033451639,2,9,0,15.3
20.829476253108265,88.97199972820863,70.84167405924967,16.900956053362425,0,4,0,5.0
31.69673072314331,47.08331413616543,34.29039724139007,10.35315438691367,2,7,1,30.2
40.71753308327344,48.452543050508964,45.01435675747175,31.640429922976843,0,7,1,13.6
30.34490126764615,38.29896310487172,75.43128078852962,26.559634181471235,3,1,1,5.0
42.106720192918445,35.68407896168076,36.06386390452135,2.1076971573478653,1,7,1,36.2
30.604303252436566,89.2976820077538,20.83843718120236,1.725657430234201,0,9,1,41.3
42.02980558604753,30.37438621390571,49.10552470279461,38.31736987005438,2,7,1,8.2
25.816513554677243,36.903898684578564,53.56468510652208,15.615540476166723,2,0,0,18.4
30.450426953983033,45.04578999293389,36.106573072929905,23.261810496162926,2,5,1,20.1
38.69923564358878,55.806228633474156,13.137496525696797,23.70144371834894,0,8,1,34.8
35.97840782888366,69.32898035449423,45.88625203624629,28.674159402245223,2,6,1,15.7
28.368496828911024,80.21698545664911,42.91103064848904,5.451230116102835,0,10,1,28.7
31.446282644071076,30.587188369676653,23.719381647226356,9.693500474272499,2,1,1,36.7
44.15148851293585,62.905690405357774,46.54444221716065,40.39973176773447,0,8,1,12.0
34.29759084450662,84.3206966772596,40.955064007971636,44.917876221725415,4,4,0,6.7
21.000514317187676,40.703790722404605,56.07174156937454,1.3489298717334564,0,5,1,22.3
35.318406322106576,62.65324020141701,39.49658037698214,6.355125616462898,4,6,1,32.1
39.06981421836082,58.91183271780203,28.84672704986069,4.5075484342194825,0,6,1,41.0
30.565259589858435,76.34507389291332,55.063876089462006,47.4739919785833,2,2,0,5.0
30.71713840189155,89.24315223395433,12.043315371205,44.16068469213967,3,0,1,21.7
25.51075150484281,84.49778270624944,33.62115991087608,10.476586336804129,3,0,1,27.7
43.37492534317478,61.97974199364601,43.08546005085785,8.546870249662936,4,1,1,31.3
39.961690394993084,64.51485338527877,49.668608156478655,0.3104943407380767,4,4,1,30.0
20.1119122718451,88.47238477775494,10.722994582071651,32.929836503946255,1,5,1,25.0
20.789490777487018,61.07927568559113,18.69818381877822,48.78614507281978,4,5,0,14.6
40.919313781952,60.573694827842324,16.753202833654036,30.292779377878144,0,6,1,32.6
30.690868751378353,49.11560428531631,37.68994242284865,36.16656894681663,3,7,1,12.3
43.5929878769935,59.02192173971608,75.31254667602656,17.860656964575742,0,4,0,7.7
40.16123560508444,57.02085748976891,37.60152360607713,26.075306557077816,2,7,1,22.4
29.673110872303777,60.518186164829885,68.29894690061151,17.69494577278707,4,4,0,8.8
23.312224984507807,64.65131851477068,32.70080417554161,36.59320651112748,2,7,0,11.9
38.52062982631705,83.94443340228055,78.77764329837873,34.61155719887008,3,1,0,5.0
30.92552549479388,32.66335794456297,73.7050799796771,46.360388636353036,3,3,0,5.0
24.316988396949544,66.73481074403155,64.608662948575,35.76789535622975,3,0,0,5.0
28.859608711976634,72.84924258152937,60.32913360407094,7.424432743275522,1,7,0,19.1
42.4672381332433,73.60091493464603,66.95033015988977,13.33779213156767,4,0,1,16.8
21.34113752094151,58.227688437108625,21.014927300039943,44.89288398486278,1,7,0,11.0
30.938496424218574,53.37554040659306,22.698770086564224,46.58041899211921,2,8,1,14.0
31.768260017555278,43.522926443391995,37.55925250704405,16.219217911339868,4,1,1,24.8
29.35045401725649,62.66419210844747,57.30460382900205,12.790974181973326,3,4,0,13.3
27.6590382790531,34.74051931069976,51.74392689024512,18.615007533581434,4,7,1,14.8
20.56761386020357,67.09811580110454,14.474409352001619,12.365533952934642,2,6,1,38.0
44.823602791330536,82.92157776315244,31.14558682473075,28.883877913987625,4,6,1,27.6
26.159512698110944,65.74119217624589,34.21359112432246,0.40707973773853046,2,2,1,34.9
24.115307121557883,67.43075556751342,26.927210170476098,13.629859745920792,4,4,1,33.0
23.362928504106627,68.86184154136507,51.95584297560789,2.4057391629183247,2,10,0,22.5
31.431049162095395,67.77852803689835,75.66963907110366,6.613249168158069,3,0,0,15.3
24.399423473231767,75.34900925327969,22.81915900136179,11.24768090214866,4,9,1,31.5
31.253956260631973,75.20175478808801,43.502614392988015,4.429095378466041,1,10,1,30.3
31.114259909935775,52.66751788137995,17.4925423977916,33.05696638868854,4,10,1,28.9
34.433365107945896,47.929205957551574,68.02738014725693,34.802339859652164,0,3,0,5.0
26.19508331034752,86.91509303490406,40.84898626422561,17.8309208404324,0,1,1,19.8
32.4218056435123,37.28733531274814,39.31588267296017,38.117438941224925,3,9,1,12.1
40.64372671768457,70.27960820668274,47.80700560885447,49.79763509083189,1,6,0,5.0
38.935884135247534,38.89265980622493,36.24170012455632,28.916763704133295,2,2,1,21.8
21.230784406002904,51.95042414249684,79.40740419833664,18.54076139402181,4,1,0,5.0
28.143650802992532,59.03039964395598,42.288626619873,16.798233338839847,0,7,0,22.3
37.82113591532729,74.16322858725941,11.735493576479243,40.63795009051865,3,4,1,25.8
40.80802068973384,83.27362014897493,29.02948717011942,38.48496954692479,3,0,1,17.4
28.561740468801133,86.24382141226583,55.251638729032955,25.42041404096472,2,6,1,9.4
36.97224856337317,54.04264825869431,33.559743341108245,34.28949782026174,0,9,1,19.4
29.319951481487102,77.41583429812988,43.382079782029,13.284256375791298,1,0,1,26.7
34.84289178739137,34.05390702245738,26.3286814398946,44.63673820940781,1,9,1,17.7
42.863027828191605,72.86646908193538,53.08023705246094,8.470371724424048,1,3,1,25.3
36.644165059895286,47.45489072226347,69.84274520751535,27.009152470295106,0,5,1,5.0
22.820147224210015,63.80562979862627,32.04470163691511,10.561352562249231,4,1,1,32.6
44.58496791891879,68.0516226680255,33.461662169873556,0.798648640585764,0,7,1,42.3
37.51215887087483,89.16768931482319,41.67429274582261,37.834959655072176,1,10,0,18.0
43.759168694692846,56.97719705747345,66.44920059558339,6.582561317396868,2,1,1,19.9
35.28769689530954,62.95679366572783,18.713414922028594,43.832236886357514,0,6,1,20.5
38.016526301273366,81.71480694427996,29.690069597503143,10.434013081503156,4,6,1,38.4
26.890251796492745,67.48266903634713,33.148392875811666,44.59225376731108,3,6,1,8.2
43.83684597290436,78.0289370914638,66.07348298849737,21.942835687789277,2,8,0,12.8
37.47185222092715,47.55958202987933,67.64913171318763,14.484803228658006,2,9,1,12.8
38.403011418285644,55.387127248123576,56.023492681745026,43.40953353822755,0,9,0,5.0
21.31035464271944,88.11554282605746,48.430958671363065,18.964475189574763,2,3,0,14.7
34.13664423990645,45.85829896813484,24.08595136899796,45.88938899278256,4,9,1,15.0
37.40212220981417,48.36898256347408,54.384106500449555,11.690998028542921,2,4,1,20.4
21.559791527868143,80.64326689639354,64.63025110723015,49.90091672788378,3,0,0,5.0
20.71642630552637,86.87432814904558,33.76764905606451,30.97935785563955,4,4,1,17.3
33.14591665273336,70.63796098378273,17.84415930236883,22.455725835111018,0,6,1,29.8
34.89522753942384,32.97380467491553,14.308707765108991,42.34632230192585,3,1,1,23.7
21.628266027810724,43.643394159701614,23.986234134845382,0.016213300862760738,1,10,1,38.7
39.899566286368746,56.72886092788225,35.27560279456419,12.828781200503087,0,0,1,31.3
32.408890150379676,81.49771535556285,11.191878745741912,33.771197375839066,3,6,1,30.2
33.46968001579753,47.3575980862697,76.15509414694267,0.8422168109735395,4,9,1,15.5
42.06029426657179,88.55093875573581,47.066123051888006,13.890656130856105,4,0,1,25.5
20.39294920264258,86.49312629321457,51.14146823918845,10.877745378156545,4,7,1,19.2
22.199249840245514,73.84274689597305,65.9240426913137,24.700606164573113,4,6,0,5.0
33.11241332187086,63.61965982254567,27.11075043025844,14.95903340902146,2,8,1,26.7
22.26642098128688,49.85257669725249,59.876989364826706,45.17792919438893,1,4,0,5.0
36.27660127990188,56.24131298042497,10.666905287765907,10.562331158392785,2,3,1,47.1
32.03944704353232,87.05375314411403,62.14553136040848,12.946058679101268,4,1,1,17.1
25.904959366921723,62.1676778347172,72.44050425115643,35.519758464125154,0,4,0,5.0
26.302626570363394,44.78806216673867,60.43808414333034,42.039692597108505,4,5,0,5.0
28.47720939672319,51.878395130273674,54.325605544189784,4.558983625537449,2,6,1,20.3
31.93796712115219,53.49893748644566,73.8811871809557,35.98355456962799,4,5,0,5.0
31.02144405655327,81.95421550244646,36.682217144891084,22.891272333830464,1,0,1,23.7
30.98976718983693,54.334150252357105,56.23442730549553,46.018517687968,3,7,0,5.0
34.601430237771126,51.76796438040117,18.25274828778674,20.385489691106013,0,0,1,34.9
26.179541792839032,41.42225399171804,19.949477841189577,45.18036379721398,4,10,1,14.3
41.395271890353726,30.739046734763416,51.08976662729971,8.94160507203049,4,9,1,28.2
25.9337719572543,43.85138863767476,15.974932907054631,15.08884074154761,0,8,1,33.8
29.985182190120987,78.29949297398113,22.198257335497704,46.23649915787077,1,10,1,8.8
40.6014165347793,39.3566564461753,50.73273939104285,6.173227714032203,2,3,1,31.6
25.642793278588453,55.12219498395044,16.503655948745305,15.546744145684393,2,7,1,36.7
31.34221865759448,53.06312638767237,38.72407235025101,22.415335780940502,2,5,1,21.8
30.04957624731619,33.701753943107136,60.495009522568495,16.02966196536388,3,6,1,14.8
24.164509733719772,75.6970815946772,27.566775665599494,48.30138357624706,1,0,0,9.3
28.46980687957584,73.09958668539227,72.71107881183941,19.41016337341413,2,6,0,5.0
33.94420054900938,63.880931994085124,32.00704759893986,5.204822900330852,0,10,1,37.5
40.0843885454435,55.60846228266392,47.07918382052139,12.890289010683077,1,8,1,23.8
34.01201500338484,35.32966125777669,23.310442054562486,6.309784556942249,1,7,1,38.4
43.38346161371311,33.351353510525115,55.10507563712502,22.81780429582253,1,1,1,15.0
44.85131030808775,74.139160284908,48.53108802725498,3.257102255129646,4,8,1,28.7
20.986155142081564,69.90559752625413,72.30236979192918,11.698628974415136,0,3,0,8.3
36.89491968841453,80.0855956431945,43.43976776253566,2.268947168727531,0,5,1,31.0
30.0092741666028,72.53104660567479,67.81943929438633,36.97967534223688,1,6,0,5.0
41.35453395637214,87.8444060661031,68.69988936948742,6.056337017096464,1,8,1,20.5
21.833728868891757,39.243564163221265,15.015442762918717,26.87980458584171,1,8,1,29.0
27.44358654138533,40.586179640848286,37.119404019732414,23.483361275787335,0,6,1,20.4
25.92109781010899,82.10950193678033,51.345967396313945,14.453335998577261,0,6,1,19.8
42.25437190644625,45.69496929534025,45.7869255022054,43.182283112797805,4,6,1,7.1
42.70610755446861,40.71113929524837,71.15242959560577,8.038739703955338,3,3,1,16.6
22.580657090077572,40.02775193324854,37.11131176671783,11.816148353141525,0,7,1,27.3
23.627734100939307,49.06518069682194,20.80366163786578,34.50035858368384,0,4,0,20.6
34.33705552357485,89.51467200986639,23.620741202122904,45.78225970096433,0,10,1,13.2
44.03160860203436,83.34833683753493,52.13390129524237,46.153181959121135,4,0,0,5.0
29.914305084529275,48.901909086462695,57.78974622630026,2.286890630478411,3,8,1,25.1
22.733344225325197,73.8611246600887,21.999256871499327,34.79609489804262,1,0,0,19.4
33.10030916241077,65.2530053586216,69.40742611972402,14.153631205151557,2,3,0,11.9
42.92295530199759,60.97804561956044,34.119139528533566,8.0696083902201,2,6,1,35.3
42.866132430361546,44.376995208339125,31.589150199746367,14.649934327009595,3,10,1,34.5
31.17503350155863,74.94681643989233,49.03408439147876,0.41784682526116446,0,1,1,30.7
25.89849237878871,72.93592095126843,43.03141705506955,48.698186976603395,0,1,0,5.0
33.02107816278759,56.76894111937047,26.216646000681298,32.94829644005748,4,2,1,19.9
44.509241429663916,34.67553158489916,21.016085654433798,16.819503485998144,1,4,1,37.6
35.98350477579203,52.96623221061496,22.277182198353565,42.36800338223566,1,4,1,18.1
36.5541806373496,32.81597091637571,39.14638777733434,10.464530089995034,0,3,1,29.4
34.97384798155492,44.32151559482965,64.40376079233793,14.941656535274305,3,4,1,14.7
22.11826648112655,77.28316425526492,50.3899700899705,48.090892126576676,0,3,0,5.0
28.050573038019973,46.07577105625242,26.05325594145193,22.80553751555304,1,4,1,28.5
27.542395904317047,82.27999650398058,18.105805993475833,28.873306428786073,0,4,1,30.8
28.9911999588912,31.316899875525582,24.156592307042086,11.93426818608056,4,0,1,35.7
22.62215302438117,72.2695943744379,29.555802067410674,16.19432142551995,1,9,0,23.6
40.62765583606971,76.26811052247622,63.985322469031125,10.73692905790329,4,2,1,20.7
41.657467629030705,82.16969890701552,27.021059449738395,49.03409086688159,4,4,1,16.0
33.49803059713031,37.18342451300809,10.836890654246055,46.25125648804975,3,5,1,21.9
26.221145059826434,49.210151571730144,11.083387578708106,29.24937887150138,4,3,1,22.5
34.77532105300188,49.623261939096366,49.83183447521609,29.035056049612084,1,7,1,15.9
33.42865894606896,59.66310279756759,45.861283682903256,40.374476741785,2,8,0,7.1
37.65426393683755,68.14089217043347,52.057225564119015,26.06448210650288,4,10,1,16.7
43.10590951369781,64.16585861381878,37.19745935838843,0.8103981843862407,3,2,1,39.2
43.483025729136244,48.49507084712636,21.034337614856064,42.439938703954844,1,4,1,26.2
20.864721633836705,61.79959363004528,16.631696339245146,41.38248519628403,0,8,0,22.6
39.21790430446124,50.46185512486521,61.92324468510088,19.050793988547127,2,3,0,12.5
42.25325120691403,52.4261847080322,63.59555469987189,25.57887469555554,1,10,0,13.6
22.895170005001614,72.05094898057338,27.210554678178312,3.6400736499104633,3,9,1,31.7
28.249597625280572,48.269843494258346,12.929879960687874,48.39060517814261,2,9,1,16.7
29.358360339107566,50.32975758129116,76.7688810538746,17.537271592465526,4,7,0,5.0
27.226506114241804,63.025257139185804,79.74645483677854,29.80662845441676,1,8,0,5.0
30.098217602860785,44.964011501424615,58.802880290799266,25.89077615697915,0,8,1,9.9
28.502119789136206,53.47310077786119,14.496428878718989,38.64634258026634,2,1,1,25.3
42.01522124922279,33.85752281299052,17.736947009162495,32.11403025049031,2,10,1,28.5
30.945842269283936,62.508256762536284,57.110565610717686,13.079225220473578,1,10,1,15.5
43.71109027902304,39.10354296972081,47.68421792965711,33.76050948539461,1,0,0,16.1
24.008404231204747,40.99305678477643,44.55156920541719,3.9993464379311447,3,10,0,32.4
37.79748216580019,72.56086710930505,61.797624448792284,11.919266669685474,2,1,1,18.2
40.27397404948915,89.95226879430517,56.00342097100435,34.81205618110764,1,4,0,10.0
37.468164183985834,86.2270559134827,49.673410584193206,18.944299608035138,3,3,1,20.5
41.214895023898315,82.16336827097012,52.99981893338764,2.3237363952834933,1,8,1,32.9
39.03976974139699,61.77262114948476,29.518005115955475,25.53512774380513,4,5,1,24.0
20.707423383831383,47.6619213882108,53.49210581735163,27.42902893528893,3,1,1,5.7
39.63154360574281,63.70138414767642,61.826930845699195,17.432641899597773,1,5,0,15.6
34.92225522501958,65.60738865539292,21.723169752197382,32.51874856012777,0,8,1,26.9
37.106319623236075,60.34890499114224,72.55237822016745,0.55788131852188,1,5,1,18.4
43.96632923483275,83.64833562260557,64.00443369594439,18.39312530854041,2,1,1,16.7
28.00681717008371,66.08329549335693,65.8579092636763,2.2649593215141484,0,1,0,16.0
44.296728866428126,42.80414218482539,23.152596086901283,37.19310506160758,4,5,1,26.9
29.141321464196636,66.04298669142116,18.605194188388722,8.53935674683745,3,3,1,38.3
39.69212790206473,79.37057721391749,30.946995850806545,45.40334006126006,3,2,1,11.4
44.05038824768103,61.736234624470114,67.47858529168086,15.419570995326698,0,6,0,17.6
38.27404730547363,76.5773859165774,68.84420157793181,4.493943937271139,4,9,1,17.9
23.8744918336687,89.66833847236481,60.376412813902775,34.4002846363194,4,5,0,5.0
25.86596313126664,72.84913053393885,48.45476349630629,6.134060801041991,3,6,1,23.0
25.044187538619802,87.18273181260801,51.70812234607608,31.131912632261617,0,8,0,8.8
25.074849098993116,56.47276453409776,74.46781270055128,11.457541987642433,2,8,1,9.1
39.53529833967859,49.17529366723605,58.034408721586765,34.415420049451875,0,3,0,10.6
23.84221174199789,42.533119876301654,28.402102537107382,42.15839996097431,2,5,1,10.1
26.52904101794162,46.2693047869174,56.584535426199416,3.4222533593599502,4,4,1,23.0
22.463386153752488,85.52812002083826,67.8493513834612,48.13221273357489,3,10,0,5.0
39.12035620034936,38.875829901373685,52.81088440278748,28.834513842450015,3,4,1,13.3
23.869136557630533,83.53106784861876,11.08942132163129,30.867670611354374,4,8,1,29.7
20.089367461591852,52.33768724175137,11.075884616662856,34.55916147198007,3,0,0,22.3
44.50741016949279,73.63524822623421,36.70124178090648,23.136838510995528,0,5,1,27.0
21.11068238247988,85.81271532872367,63.150924033863,37.28071279325104,0,10,0,5.0
21.23265705241359,88.24592751028936,70.25056267824775,30.395249208739948,0,9,0,5.0
20.378002350702417,64.32465492389605,62.7883338438022,41.93790254579744,4,2,0,5.0
34.874482814239514,83.5483640623852,63.15930879343371,7.031717926772318,3,8,1,19.9
30.699023912473884,71.72248661151426,31.384081643075277,38.07236861119531,3,1,1,11.8
23.79923728864653,61.0950821049647,64.1939296379829,37.9958472108123,0,0,0,5.0
37.46398651796787,42.914828778732044,68.47561786254818,10.740407453865842,0,0,0,15.3
35.42847041935711,86.81540047701924,10.175820431616195,49.54702827359508,3,10,0,20.2
41.94310434091584,45.1241639482229,35.46903954414827,14.306168506957356,4,10,1,30.7
37.26401800704736,61.29388642903604,49.2106019730935,44.85863166353161,4,3,1,5.1
31.162325323934134,42.07416470066856,10.379767542020383,35.75893648112816,2,8,1,26.0
42.61205773337801,45.14780334219859,21.118919456303935,21.955158881782026,0,3,1,32.6
39.01135635760625,30.005081912088478,16.42213353818912,18.179742049229315,2,6,1,39.7
25.09691353959635,40.05066508944286,60.10330278915501,24.646350097451712,4,9,1,7.5
34.16250548753317,66.35427545645878,30.905292514797996,48.592700111571226,0,2,1,13.4
37.49669584468316,52.6538930528061,77.93192568495311,31.35725365937522,4,1,0,5.0
26.683035462588183,65.72614742002946,19.428880743368644,41.28186700989948,1,10,1,20.7
44.56376302779888,81.56801328237631,18.559868158317638,1.7369953900517154,4,5,1,48.2
23.937979385087235,35.066208981537514,68.97459004407824,45.45919250638159,1,8,0,5.0
21.117300083785366,83.36021394797004,56.79142444526087,47.049289535279456,0,8,0,5.0
34.38669859885891,40.96975077169083,22.924706959835113,2.9829539257870463,2,7,1,37.4
42.0935733748207,79.1067442993202,75.76831629779372,14.828691734025078,3,6,1,11.5
26.895879279757743,63.70453521268208,25.2786078449239,36.46567121328617,4,8,1,18.6
26.894038457515332,40.378774114860015,45.68400308710493,15.291950342548416,1,8,1,20.3
23.087478408902776,61.97814995739735,16.95901086735055,46.125528674945954,0,8,1,14.4
38.65781651174764,34.35080517650199,77.41731723952662,20.01916015217345,1,4,1,5.8
41.69043390486084,49.751483775826344,44.036404369866176,27.440094618403034,1,7,1,20.9
39.33291093515235,49.34527344379094,14.510529070010449,42.136500859384064,4,2,1,25.4
24.204552464583173,84.45273539451,27.711633262586943,8.52115775892685,4,3,1,31.6
30.33998827777094,57.85990148086521,52.04156155028553,27.65789220973024,0,1,1,12.2
29.825525366646524,76.2148065527849,13.62016692569716,33.85863560547138,2,10,1,26.6
25.38549441417824,66.44810062121917,79.81317179949315,32.88736060248669,3,9,0,5.0
24.870989437490593,40.12144560085176,67.22204144349342,5.897323173878699,3,10,0,15.2
22.310658790010194,50.23258465791814,62.44818166193491,38.31712904949569,0,0,0,5.0
41.925398259533054,53.885178069095474,51.9572880287499,42.33226546391241,4,4,0,8.3
21.562306658763504,36.895416782455854,11.614161633271852,42.792807091924566,4,7,1,17.1
23.085292047467966,62.27916326466577,31.328900005426,49.05775889449242,3,10,0,5.5
43.84578656867759,50.0273510043547,20.291820789964333,36.220283139421404,0,9,1,27.1
24.732434079343964,76.64730271014568,27.01696347741361,1.5447040701563108,4,4,1,36.9
34.39997058332659,70.75210979343025,36.314705951269175,44.04234532054804,3,4,1,11.7
20.826680245934234,87.83021552902761,20.594579576730286,28.10050694263029,0,2,1,21.6
34.03012445640359,80.2004591915182,73.49770474440922,21.60161484867657,0,2,0,5.8
35.02871846569672,88.2442762071697,69.4933393118969,7.401197660241215,4,7,1,14.0
38.88867278859385,30.707521079737433,27.958174375118357,37.06971063794144,3,6,1,19.4
39.92666298370231,35.44173754040476,30.46044154682516,44.095528309229955,3,5,1,17.0
33.95127541815492,72.84717396734345,76.47236017305435,41.584174457878845,3,3,0,5.0
31.703565655513273,62.508629845110676,11.132823816343745,9.54243724810237,3,10,1,41.5
30.321529286281475,75.40388540260697,52.21865304489314,38.75833095585598,1,3,0,6.7
30.0007713301575,41.85576851755029,31.6124887528919,1.0445504952845852,1,10,1,34.4
40.15254470254122,82.28430847691043,71.49760912704575,18.463378858243228,0,5,0,8.9
43.5002607971027,84.22044152994489,64.72907910439997,36.41702692969772,1,0,0,5.0
21.74913623186694,59.116283972046354,67.94869820632141,16.415298173834547,1,7,0,5.0
34.9292825701154,71.92817521235068,67.95612065654674,41.1669857466481,3,9,0,5.0
20.67080973327716,76.75030818328233,18.599315728383576,21.510091820048483,0,10,1,26.9
36.14549094804601,75.502734152975,28.891119202443424,48.0700775129866,3,8,1,11.1
42.981496244029245,86.390244971784,25.774263946437088,41.85016016007597,3,3,1,23.9
36.672962117612094,59.75775201450683,34.01784198656998,43.97591170373625,4,10,1,17.0
39.91410125489989,84.36695547217141,20.49277388085867,41.01635453861741,3,6,1,20.6
37.44714989411514,45.91763536544448,51.76771619750143,13.511821444422816,2,9,1,22.7
21.28188505570926,55.830537545298256,48.36641666169228,23.450315487254258,4,7,0,12.7
23.859245394943535,40.555460350969625,20.57350198694156,1.7613537961612746,2,9,1,39.1
35.88492388461165,39.881707250899794,58.94634421601194,18.701052084317187,1,6,1,16.7
22.030176772554313,72.30574986593976,46.59507560110793,40.286102822332694,1,9,0,5.0
20.05138286213271,85.20330204032479,79.46164052449267,32.48671079962136,1,2,0,5.0
20.779713862366666,81.31492178813585,13.192612466743359,14.516682603716758,4,4,1,31.4
34.30962423017488,66.55209436479694,19.138378233495693,19.1684286496178,2,5,1,33.8
21.148915235202175,41.28862634071826,47.930591799509926,12.448604683803916,2,4,0,20.9
29.589581231839084,41.876625791226964,76.72722101771603,25.34671744837327,2,0,0,5.0
25.690583502844024,70.83962733808441,75.8556655180628,36.19758756328515,4,0,0,5.0
43.69740629656089,70.17383906754574,37.51345579991468,36.10340298515048,2,7,1,16.8
43.93939089086126,78.05727785183683,34.465521240668146,41.767960337539336,4,7,1,12.3
32.12945629786968,84.41873653310074,15.807368492934977,20.98340754833952,2,5,1,33.1
35.39828987497655,73.3877903888329,38.60094604268399,25.636624961704456,4,5,1,19.8
23.446562308929057,81.89217258716434,66.37550313935478,12.595348068434198,1,7,0,10.7
32.17594138897135,60.0029829372429,47.90894732281398,45.65855163005485,4,7,0,5.0
24.316083834258716,39.61221661509974,10.843105303024569,23.70896202217811,1,2,1,33.5
43.47124260005995,76.62090350607053,72.6959178067242,43.79594559808231,2,1,0,5.0
35.9455472321792,66.10903967703598,54.88918338360985,36.29927561432954,0,9,0,8.8
24.994230428020504,33.75063123432694,40.40357701954511,37.26095448715615,0,7,0,7.0
34.29010848051092,45.33561463660068,76.09834415695245,25.18335765149537,2,10,1,5.0
38.527108259579066,36.041330862880216,39.60395232342107,6.725555926462167,3,9,1,33.3
21.037313485360606,36.5493425007721,79.40744496943493,26.599352293791394,1,1,1,5.0
41.0801390427904,82.07689695393208,32.97212873871932,1.7428407045977146,1,3,1,39.7
43.01739699519082,45.079090308099374,40.58840564095316,32.35101834322505,2,2,0,15.2
26.59090727783427,54.89695483326392,56.38947091352471,30.28954900563593,0,0,0,5.0
29.97846431556918,67.48684308816826,16.425180519246954,25.145028461658757,3,6,1,30.8
21.177274087504227,33.075242422276844,15.399164611773449,36.73149441099317,3,6,1,22.0
20.301018180257376,85.39212355254058,42.47891008969666,12.304221408783173,0,2,0,23.0
38.08591099825284,52.875729650063974,33.1505726498771,9.748630485572463,0,0,1,33.6
20.884948465086175,42.71917892527272,68.27600268287694,3.280183187395902,1,9,0,12.6
39.230516440072,44.777222955150215,20.16964463171559,38.083969364912996,4,10,1,24.9
21.18934716463268,77.10350871097843,73.80935490836157,0.052293216609822224,0,7,0,13.9
43.4522164187873,84.9854249893894,51.69804663452242,43.888822790887026,2,8,0,7.4
29.837317201267567,35.427001630399076,49.23614566387784,11.162304379852623,1,1,1,20.8
35.17835257986799,54.38726089241626,12.50685011860826,14.273635280894853,4,8,1,42.5
30.45022782520872,69.26526337478177,47.865824281648,20.500112621212224,4,6,1,17.7
42.105003373115615,85.93943090494841,10.042558632146461,32.834637041767564,3,4,1,36.7
39.97033381730372,75.14293069349229,19.122156908577146,19.239134760213805,2,1,1,37.0
32.43475194754135,47.01081952814664,31.520957631697662,48.64587784480401,4,7,1,10.0
33.762629256469666,62.31405704125196,54.15701058949742,38.888761656868745,3,8,0,5.2
25.242020816766022,53.00557999600747,78.62844768310114,47.66401666935431,2,1,0,5.0
39.471038359100056,80.31126381722036,24.76957761936783,9.20078815222532,3,5,1,38.9
30.440233917082942,85.83314518517568,22.908680639849372,42.92008397004354,3,3,1,17.6
26.827953451383536,58.606163604573126,19.14356880378569,23.787186484126877,0,3,1,30.0
24.617303915204094,35.53618398055111,56.28715640518415,42.93959621242596,4,5,0,5.0
21.18302978256081,33.56543785664239,63.30248121362617,49.38837150141617,2,9,0,5.0
32.28080307251388,82.18572040809137,58.59865327333896,41.12456697488489,0,10,0,5.0
34.59289025714131,64.73641454492004,34.60698975864127,6.972108583864473,3,6,1,33.4
41.82743330884166,82.14932850849621,18.945637977137253,37.2150880136931,1,9,1,25.8
23.67304777106341,47.1185538336306,44.0279949131343,21.555857071086354,2,4,0,18.6
38.2277104526165,63.66758248488613,56.50818739897217,9.06439824080304,2,7,1,26.0
29.726089597266693,49.128145290185856,44.19599367737476,33.67888856015242,2,2,0,11.1
33.072146936144414,45.18539552849096,25.671358873498384,22.970015165086245,1,10,1,32.8
32.94019828747079,89.99373193865537,11.19076978336492,0.5401473775263121,2,3,1,49.3
25.33844442048391,45.162519250103365,65.8654779358077,37.963195726471774,0,1,0,5.0
21.497434900261556,49.402482356439194,13.481251064028838,28.01914210107502,0,0,1,27.7
36.774419014076855,32.12935073427347,17.434974670506794,47.570504661454045,3,2,1,18.4
44.537340729398935,35.89567684795056,72.25438296345556,41.43023958815003,2,6,1,5.0
24.60348579674544,62.74969620429457,55.89256624945433,40.91642075825882,1,0,0,5.0
25.246444062848827,61.79598957139588,13.764003269934335,6.58284978042531,1,1,1,45.1
22.983508792248195,55.43631215349143,16.91813624650765,20.574720674088017,3,7,0,30.0
24.901667895214427,37.59724916355908,28.810247649226614,33.395618989445545,1,1,1,16.1
37.643726500254616,77.50833876294134,67.66703249048902,27.583483518257633,1,0,0,5.8
30.69169878142985,78.73292255418033,24.1728130780777,8.89894300570338,1,7,1,35.7
34.193452079824084,85.88826729305922,56.720530235178565,34.63503903026709,2,7,0,5.0
40.98830961017782,59.766129266811696,52.47807790021078,40.926895198104305,3,6,0,8.8
23.532538113671666,82.10480909583234,30.592621619200518,0.23276005348349948,2,9,1,38.6
36.71025321063857,59.472269714584996,42.09669317014664,23.21057046439855,0,1,1,22.3
44.436613661669384,34.687364385042784,10.733408931052873,9.127602062071144,0,4,1,47.2
34.23996014598852,41.41468034914685,19.36057399698991,41.82973131878377,1,7,1,23.7
44.56109527628416,36.957922451763785,76.99978129599961,23.44447873674904,0,7,0,5.9
31.69223148948222,72.87607174367129,21.38732418379144,20.01398924386798,4,1,1,31.9
42.63494960954395,76.82030390702155,76.07065479161552,5.6129870933869,3,6,1,13.1
39.14463786738266,43.133632442204146,78.51020451949131,16.152176532583923,2,10,1,10.9
20.009400733196063,62.470863418493806,20.703049589286834,49.382841274256215,2,4,0,14.3
43.95271832242217,72.02624844337117,42.996857293930006,43.66646302025142,1,5,0,11.6
40.037278884117,83.67435436418566,62.34328648684012,42.90440950198621,4,1,0,5.0
38.42453492720571,51.310004088260385,57.02274303616013,31.29825301436025,4,5,1,7.0
34.461000962209795,82.27888614761702,24.680133706511803,37.325731335620134,0,2,1,19.5
40.65480637342644,83.29917451075677,75.66928654461975,42.31693187601404,1,6,1,5.0
36.84448468716082,62.507418965845666,19.99334965999646,43.66818020181855,4,1,1,17.5
38.171416322470144,78.35297507057271,25.645789059000634,1.7436832560672133,2,9,1,43.9
39.79935040579764,81.02071141947472,19.921450639232894,16.58422928002221,3,0,1,37.8
35.570938658118514,87.73754566521217,26.668939674192167,3.053907722145671,1,4,1,39.9
24.47512019412088,37.61817930733807,36.206710085544955,28.344671222548083,1,5,1,21.6
24.29957535068386,46.06787962064904,20.089613559156334,9.569639976207595,1,1,1,36.2
41.84058327681335,51.6080450901963,16.239383030399754,4.372603097457095,3,4,1,47.1
33.359631900672774,38.134901796588736,77.70795860539131,47.21343309892514,3,4,0,5.0
24.335791137832704,84.01200356079659,71.83378100087687,19.6242631019447,2,6,0,5.0
31.33225809609057,78.22037421056388,76.17374495459816,14.932263877453112,0,1,1,5.0
25.123291158508817,71.43515081105423,69.99007262474365,13.746639828255415,4,8,1,6.4
25.50642040481062,74.58825342407064,13.922246991481789,47.79356816695878,4,1,1,17.3
40.624318497402086,35.207779906125786,62.25618883124096,29.874932064005073,0,1,1,5.5
43.022683496096214,46.6032405159203,54.44444141332465,41.3777925754354,1,5,1,5.0
21.948371406603275,78.74948903146644,76.25897752271185,45.849387446468945,3,9,0,5.0
26.467780950657076,50.98438862155598,69.13205366620343,17.203828995794552,1,5,0,5.0
42.18573964155844,86.23605390919957,28.34141769401323,36.62086416822458,4,3,1,21.0
28.40636878951745,71.92736390812337,65.68415004727107,35.4667741129806,3,5,0,5.0
40.783323227066056,85.0341068340891,13.946889773461084,1.857429441333236,3,1,1,49.5
36.69083147090475,67.13303444213898,43.419840386434174,35.862195226701246,0,8,1,12.2
44.55497301830307,65.68852730491918,19.805744207890896,49.47783862906248,3,7,1,20.6
25.972800710410457,43.8004374490286,46.5414671058473,38.07509369681705,4,6,1,6.4
27.547532287502037,34.88483837871861,72.88836822922072,22.215639546990396,1,5,0,5.0
38.061887095282316,51.751353621161485,52.7808709713801,8.02320324852031,0,7,1,24.7
21.68942064893627,74.30740680788068,61.88991225564994,1.9503626937513396,4,6,1,17.3
27.840077281551725,32.471483144407074,67.91782219148794,13.872720070378698,4,8,1,14.6
26.938012020168614,35.15445588434515,23.879039823024936,24.78062044079934,3,0,1,25.9
26.450123463647884,78.50744918510841,40.43658074682173,38.8942236994024,2,2,0,6.8
31.333530770800323,79.83106228149252,39.384933994467524,12.292093580910429,4,4,1,26.3
39.83342628827552,45.30677864459719,65.90118541178946,15.890323811866464,4,0,1,17.6
40.07830380457327,62.252849160964736,65.42300348141404,26.897676625031337,4,4,0,6.3
21.46258680607746,31.617029112797148,43.19435699185892,47.28754399491814,1,4,0,5.0
22.56891634617834,89.01565277440004,79.56184723877446,42.25007973682195,4,2,0,5.0
34.61811011353295,43.600658797388036,51.82784415934272,47.665497795103704,0,4,1,5.0
35.54298749799259,68.02475475722079,26.1749262619811,45.03837468999433,1,9,1,11.9
32.394112555974445,40.409402624673874,16.695911490120636,17.156028880401248,0,0,1,36.4
36.66389302652263,70.05827765821805,17.092697191087375,15.881464212069869,4,10,1,35.2
41.352012406692296,51.60122328008061,78.02178185143244,37.61642139115748,1,2,0,5.0
29.78177359192656,61.886889570451444,41.53147706462045,34.409904360732824,2,4,0,13.1
32.186847500479274,79.83006982528764,43.3987070672536,43.69805536005634,2,4,0,5.0
28.948935671195567,30.124585064702618,32.748060647751565,25.069092346890155,0,0,1,20.1
24.8264356396622,56.03100406327427,68.35037701210462,6.933679789180008,1,3,0,16.8
34.91400942235694,31.35927471755923,20.48690486212182,32.92970816904302,4,0,1,23.7
27.971630534859273,80.87435034751397,21.08214466739964,38.52540923905998,1,1,1,17.4
31.035019242762928,43.89346070081915,78.71214671252439,5.505384213496406,4,10,1,10.2
34.48154339610821,41.13388963854811,38.558134909651386,4.923210294608593,3,1,1,32.7
39.038574133922836,35.229483224475445,17.20700378912639,5.814303036645551,4,2,1,45.3
26.213476417339265,62.824642398033006,60.24096688875216,4.5581289819737965,3,9,0,22.0
29.35378182215239,56.44684292851329,52.1240054562478,5.481257739318485,1,1,0,24.5
28.399400307932602,53.92346920317783,71.70434073167866,49.10235841551141,2,1,0,5.0
32.797724012493575,69.80506988923752,44.75441141579017,31.955003830015517,1,8,1,16.2
21.31646715366022,87.87005713463954,33.144580336415586,22.39350630064536,1,7,0,19.8
31.48062320128237,62.24910283058368,33.306243745158454,5.061959082422119,3,3,1,30.6
20.340551289809866,73.80717536251808,27.19623471295523,7.246071301391449,4,0,1,30.1
32.441967064585384,38.35964703308366,45.960969525560564,27.462319380217632,4,3,1,13.1
44.58063677106405,43.325670466927505,76.98113112781533,30.0588425681261,3,2,0,5.6
26.426377647064818,60.96656132286587,64.20135828068297,14.30785477952486,3,3,0,10.1
22.59962503524684,39.71215791108582,74.07227804526458,14.25254591610079,0,0,0,6.8
21.046477178022307,71.25434710758935,57.99651872977666,44.27645033232217,4,8,0,5.0
28.611219708186283,58.84173698412829,77.20244099103019,18.759535301939135,0,1,0,5.0
38.86229164297668,87.94218555764292,39.56900509099382,26.257101357895777,3,5,1,19.2
27.208978791582638,77.81100214554029,39.17833188265608,25.96566797502242,4,5,1,19.8
39.87290853242831,53.583587278827004,32.263400142793685,39.461297639288425,3,5,1,15.9
25.139169344344992,83.11182846926513,69.15253734021793,26.628590884874548,2,5,0,5.0
41.178885141257624,79.42750317965128,39.05944409274812,45.309276920994805,0,4,1,9.6
25.293454331373866,50.25631071224487,24.07905960470348,25.922615337191253,0,1,1,26.9
24.17340126082147,43.28149128488755,26.462981521409922,5.768826289196993,3,7,1,32.5
33.17479992231227,85.13571624306061,29.275534175612535,33.975776918224405,1,2,1,18.9
39.77574157874085,79.7567376325421,59.56151994137446,30.759076943038338,2,8,0,10.5
27.860905526403396,52.61746847953748,75.99850067214378,30.59503407664648,4,1,0,5.0
23.782186454760364,66.79118351562916,31.86402923880384,2.1466413751894233,0,7,0,33.3
20.3398631295096,35.9633157600824,63.678144735088004,43.35241840016832,2,5,0,5.0
31.301503298242647,61.86756923530443,15.188101890607232,32.552332920874925,2,9,1,23.4
27.19181110195015,63.076718400371576,32.81557578869912,12.500924770695859,2,2,1,28.6
38.433150233846106,81.20467615385728,35.83848787793183,11.909260013554935,2,7,1,30.7
34.175799736906896,47.195395753587505,57.30032044787146,35.286381227159296,0,8,1,5.0
39.502841897829086,87.51719963517252,78.75591573921427,46.8292252042962,0,3,0,5.0
29.210633851064742,64.49249365801302,34.93449930591113,27.78486676454311,4,9,1,19.4
39.91597902569963,72.82951263195024,56.15237577050962,36.43896450791673,4,1,1,6.7
27.92131825479659,63.030499104932694,22.865252412008665,8.107481562474044,1,7,1,36.3
28.377042648212196,79.99361898861824,35.30903029172797,36.46793725431978,1,0,0,13.0
43.76762142080665,33.57063526642248,38.38411886000327,17.286187584316963,0,6,1,27.7
20.1362357473319,70.54483046912694,19.43149503608702,29.49209863241704,1,7,0,25.8
36.45012200622584,63.94209975637092,11.291899823917209,12.05968817574839,1,6,1,41.9
26.93846694556607,52.415933926542195,79.2274519710103,37.75675123234673,4,4,0,5.0
44.44837861125808,72.51047184648465,50.926407763315815,30.476649721828856,4,5,1,15.4
35.38864185771556,58.84671477723764,51.07350374251632,0.9127610299122457,2,5,1,33.0
24.820086141714746,67.97515322094509,58.405356172640744,38.38630102043988,1,6,0,5.0
43.99376656840922,81.53069855118792,23.063967802789794,47.21851845042176,1,5,1,18.6
32.26421468549228,57.11510756968782,40.162514500042406,39.97883823640302,0,1,1,9.2
40.79639595651591,47.632939878281526,28.782499595758004,39.44124213529772,4,10,1,20.4
43.82548186463448,70.97168172865995,69.0899253400482,6.056137247923377,3,10,0,23.2
38.523760778430784,68.11848402343765,37.29429731232901,12.577084944725547,1,10,1,29.8
27.48363239453021,68.23533157286468,30.392558161038508,30.94888319568092,4,2,1,16.0
25.318877163094392,78.07354065023006,50.436267536277235,16.349385674097793,2,5,0,17.0
37.42761010597922,46.432293837471676,48.00931943747566,30.822720911787,1,2,1,13.6
34.802016181634315,65.41950305795365,69.2676519197575,39.98931689312097,3,7,0,5.0
33.47665732351577,87.08041910293908,43.535052529533075,22.416227569204317,2,4,0,20.9
27.07790323564495,64.99426113549298,22.92802223954932,29.425591885357445,2,10,1,24.7
42.980520323989495,88.47298430211191,35.357136232308164,36.091764817735,2,7,1,20.0
44.63043786767658,88.66161015389258,78.92456140524136,34.9873448803619,3,7,0,5.0
44.73616525296573,34.19451616772513,53.899467376490016,12.198400503199686,4,9,1,22.2
29.403764499792885,55.34271583402857,12.094335626410647,3.117038858246074,2,0,1,44.0
23.819410625934644,85.58285426158572,69.06395160059003,39.96771272989966,1,5,0,5.0
23.159133214065353,36.43866482554885,22.637661671380464,38.30585832658659,3,2,1,15.3
20.866624989432268,85.81877068842303,66.83988548842936,37.28008110871382,0,0,0,5.0
23.435783577096977,41.39533651722714,45.92709408698646,49.79974680520843,3,10,0,5.0
44.86260277243271,75.76505792144559,79.09637519818777,36.959262668274015,1,0,0,5.0
23.578379914358557,46.401563537399376,20.9925707858099,30.629901330085257,1,7,1,22.1
40.82842034106068,46.39159826782047,46.320314110781375,13.61943408869813,3,4,1,25.6
34.73718840419264,34.200634087700266,41.37732887882695,0.694971071396594,4,4,1,32.0
39.595864469503695,49.00666657690901,63.234000078087924,42.07315349866561,2,0,0,5.0
26.716222216516627,36.75234884039068,22.38397762278172,24.979356458554975,4,1,1,23.1
37.70672536474696,46.421264477756694,47.31898783950901,33.56304306322914,0,9,1,12.8
34.464319510820026,64.10229672114372,63.24526494022773,7.794442567107368,0,2,1,17.5
23.845763619989757,63.056891166979305,73.80457782911225,38.92124258140704,3,5,0,5.0
44.35410916125808,57.475632682349854,19.94412956197908,4.39917185616881,2,1,1,44.0
37.22253937717736,79.20711858233489,43.95102093290684,7.068743926616422,1,3,1,32.0
34.40048455325622,72.90032733133003,34.50809416402797,15.429641834588692,1,9,1,29.5
23.1353688897678,65.03599463971952,28.68131153369847,32.68877594868667,0,10,0,15.1
41.62421684544375,56.31099046993586,21.31651073433348,21.347518646511432,0,3,1,30.1
27.953297919944198,53.822454059193035,79.6676397343087,38.92216521649342,3,3,0,5.0
29.943863060663293,84.3829439020469,58.09763262617705,12.111002082547738,3,7,0,13.8
30.044994366744298,37.09699804520764,22.313874613365215,17.25989798263003,2,7,1,32.4
33.423397199135856,83.16690802448147,21.557649318746986,37.710104827587514,4,4,1,17.8
24.576274563329495,62.48183862219315,59.19811131418709,28.2762000618469,2,5,0,5.0
29.20440405372908,38.65471730363164,18.043289444120383,23.626946546663767,0,10,1,30.3
37.59116776164106,87.33245917787323,18.93292371975581,42.22788803004106,2,6,1,22.3
37.89970739781195,67.41805929023697,32.33824601344447,40.022899909940136,3,3,1,17.3
24.53080798811032,66.44989537654305,28.520321768723907,40.627370622285895,1,2,0,19.0
37.44350554360096,62.865625204895935,58.75492529652463,38.672760798134654,1,2,0,6.2
24.91299855024347,53.65047093362348,10.791588169039413,10.135927020991197,4,10,1,39.3
35.833360864806885,69.60518925959167,25.834427673317652,18.15120300400376,1,4,1,32.2
29.30540322926703,65.18468763053613,56.40120963678375,18.442604544537026,1,3,0,15.1
25.46550222714854,71.92085845262955,40.69998847418141,44.70859256089597,2,7,0,10.5
31.840095039609153,56.984621978861895,30.83102582024158,23.2063391700073,3,9,1,26.2
22.73118385753763,77.3063278687072,28.217226915034455,40.32329050932019,1,2,1,13.1
35.707617482435225,45.34677772775986,11.627095429651952,22.87717992174867,4,1,1,34.8
43.56542007677858,70.16874396000338,23.935928122873225,34.124134583403745,2,3,1,24.8
37.746483911243686,42.79615297039278,35.169487793064604,44.30239158060276,3,8,1,11.5
22.946628611571455,43.36746418867243,60.322603119438476,19.74884230186491,3,10,0,8.7
24.15237688216554,79.08235872789623,17.083220616824534,45.29612863323794,1,3,0,13.6
39.714379158913054,58.013986144222,28.105449860538332,9.759043030954862,3,8,1,38.0
44.59104483671373,66.07666801825152,36.03333948320474,40.14835894606378,3,0,1,18.3
40.71907723584059,65.74990571360819,68.82227102308637,6.11111095851451,3,9,0,22.0
30.59901408484764,35.9942190260561,42.92058096194725,26.05971956233327,0,8,1,15.1
38.30284122954998,75.33248545607987,20.604894375984983,10.837047640052145,0,9,1,39.7
44.10303728383012,87.09027239395684,50.75694080646478,2.3647071713501164,3,5,1,36.8
27.912063762993967,63.348879509860204,23.49135580547676,26.45688006219015,2,8,1,22.0
34.404713443156865,81.99860010581827,15.102415690078201,30.202822927164153,1,7,1,31.8
22.464333895018,86.98316198131488,76.18778992251887,40.21319447586642,1,10,0,5.0
32.39989885662461,79.2498600453645,43.37649077317141,25.135699559203427,1,3,0,19.7
24.45950236806447,62.18451363589156,54.354524364010246,35.21141024027924,2,9,0,5.1
20.84299245854545,44.57436530227653,21.448585726518957,32.68333303533824,2,1,1,18.8
42.258736354098204,68.78903782915467,18.54036849167925,19.28238812349679,2,1,1,36.0
38.24586090629879,34.78314112402651,14.360110832630845,12.341747441246763,3,9,1,45.2
33.68236563343821,33.93113794435343,38.95918994164897,36.790106090593646,0,2,1,12.1
44.80666318214557,43.72137094043708,49.69556381284398,9.971738974215322,0,8,1,29.8
29.073737730337704,35.913494466660374,64.99212884058741,48.53422909009769,4,9,0,5.0
33.91984191045001,33.0607179679181,77.75559773741429,40.89675004509349,2,7,0,5.0
25.298541771608942,51.39150553744129,50.01582382790097,33.172246125846996,0,3,0,6.5
38.3555751111948,70.17573604524168,22.87663149281194,9.9330061912083,2,2,1,36.8
20.159344370330068,35.875300482767095,73.89764755131081,10.989024172351947,1,10,0,6.8
31.835648408378717,73.44886946023786,27.47964458612944,13.984896894644521,3,10,1,35.6
23.76730727210055,78.71245897443583,55.041127647136314,8.245018460653924,4,5,0,21.7
37.63172366163101,54.92163180090749,68.6099417637798,43.24327416135529,2,9,0,5.0
31.51139304100586,53.690303014608574,20.99799850156098,14.345333429486207,1,4,1,34.5
21.435114685407086,61.961519506405836,52.604636233823015,49.756516287816446,1,9,0,5.0
42.662938789682045,51.28064505580672,36.19576340096354,16.323685442024384,0,7,1,32.0
42.7494598504131,69.85798033402534,53.34549810599218,35.03930526884438,1,2,0,8.9
44.45153253049354,58.08555462683018,61.929902787207546,2.3871603904600027,3,8,1,27.0
34.944041089843445,73.66023431766362,43.666630441810064,0.7583918934662648,4,5,1,35.3
25.23915209996373,35.13197491345747,53.01460747509815,22.168832802880416,3,1,1,12.5
24.33093042984016,62.140513595276076,28.989441507455847,26.934440484333326,1,6,1,20.9
25.342411842157187,41.27350374817414,56.965149235705226,17.125250060904705,2,2,1,11.0
29.74575773090274,56.73945699591998,59.651877357332566,23.579344224771674,3,9,0,9.8
44.29586001970796,74.82272293799822,12.195976666242727,28.306967956812084,0,7,1,37.2
24.8272014116112,45.71313507822417,71.13391737250022,37.47924891431224,2,10,0,5.0
40.27530530648322,58.011662345807714,13.588608115218408,23.871843067625527,2,7,1,33.8
43.84038435959543,77.19065745170727,43.344731623934145,0.15605674471079745,1,4,1,37.7
43.762013895169204,83.0377474861763,20.570052396603398,7.059074512529734,4,4,1,42.1
39.27204254744535,78.08172852358236,55.926949888187956,34.45729653350758,4,7,1,10.4
23.901743939980328,42.04746623095485,64.0252735121017,36.315550062858875,4,4,0,5.0
38.85093790716604,33.58033810388326,19.853276925741156,9.873181091512523,1,10,1,43.8
27.747033899621893,49.24977376666888,41.21437992114366,7.573820531475134,2,5,1,28.4
35.36164607933591,52.607962756694505,20.956509262525394,44.1863326580144,0,0,1,19.5
27.73351392733484,85.11060142819555,68.02651020726765,19.822190174053173,3,6,0,6.3
25.71156218809918,52.41984533679774,35.11031126252138,35.36019798991451,3,4,0,10.0
32.27723212604123,33.64552012345435,22.676401549633514,23.662108008733195,4,8,1,31.1
40.63256386956748,58.76046328087596,15.372670831382282,3.2433583740703154,3,1,1,48.4
32.2868714151903,51.74147613840657,73.56961354449018,39.870372764981674,2,5,0,5.0
41.555033452134296,78.75160740136022,46.855428599753225,46.736177008577215,1,7,0,7.7
39.93495927099248,35.94098224078286,60.231243307550244,30.028508315933205,4,4,0,7.8
44.31739311809585,37.603490345254365,65.09445300982159,14.865652214499708,3,6,1,14.7
32.88552585476183,78.41773399297614,14.709736852635771,33.83451071753053,1,5,1,26.0
26.935410952825926,84.64254012641524,33.95457834814119,4.630157772892152,2,4,1,31.9
28.183667013428142,84.0116484805244,43.338671203860464,38.035818557186715,0,2,0,6.0
23.45246412025298,41.18793201820873,61.024711759888085,25.9371516880965,1,9,0,6.6
28.017497126711284,58.90571486259096,31.80222698566278,34.27893920176736,4,4,1,18.7
43.3686476720544,77.00811679326522,78.29200065896552,19.036855322927842,4,6,1,6.1
40.132712740992005,58.20132638929688,40.386165916751736,27.305395290197648,1,5,0,23.3
33.47915906203225,39.14712216294349,49.01867188973929,47.35311977820915,2,4,1,5.0
27.98098327780597,61.62678384961854,28.63311077369155,13.525260481858597,4,7,1,29.6
28.359178969057325,57.09338173581924,38.90235738431604,40.00451123638577,0,3,1,9.4
21.454458159758936,83.16816751008835,75.31097500134062,13.36221563050461,2,4,0,5.0
23.127939525087843,73.35853537138843,24.683512378066006,23.752162340688777,2,7,0,23.7
22.10738658073193,59.48377124409384,44.75900211121826,48.85565980113371,0,0,0,5.0
22.02156679022069,69.15453061377141,32.66539039450304,46.004770386560104,2,3,0,7.4
35.514760650680486,68.10529880391496,44.02334823168933,4.9224682495639,4,2,1,31.2
21.122236405266666,85.01071079077116,75.98579707806098,21.82406307282433,2,7,0,5.0
23.483209359241197,73.3183363596044,48.42655671069374,15.706716019166711,2,1,1,18.4
41.0209492277115,65.480236530419,44.52618813875799,39.82537761405256,3,1,0,6.8
35.14544147841378,63.76456753491178,78.0349278357127,28.85856951800815,0,9,0,5.0
43.30012819833941,84.67345715658226,71.38722484425591,5.081327174076705,4,10,1,19.5
23.849557413315072,41.9917014143855,18.102324112837763,16.653643382555632,3,6,1,34.5
20.837372064558114,43.93666507629845,37.516229435147295,7.546974423763276,0,8,1,27.5
40.86395423029954,66.98140724829693,42.753218592543554,6.882841648081311,1,7,1,33.0
42.71469509904799,52.55635866162442,26.877760460453104,44.815490296151225,1,10,1,16.7
30.55188248848183,49.05454233019237,56.88592583060131,2.9195935088974223,3,2,1,23.1
29.63782759532664,63.87930184645623,40.57268789670769,4.743102057163062,3,5,0,30.0
21.83149617537395,68.63955000207261,59.870261678737776,48.58630372860898,2,9,0,5.0
37.00766396918182,39.058443310503336,12.321210217903385,17.543332522135348,4,2,1,39.1
29.09794372978638,63.730646425795975,34.21378871571974,24.176039030663464,4,0,1,25.8
28.763292255886903,66.71868412793285,48.5758222501472,45.837238706399205,3,10,0,5.0
20.777220134375412,69.46528351270506,18.69894930686337,18.913442173112436,0,5,0,33.3
33.99161628689537,40.37231883467008,73.14230682570451,3.546508942691795,3,4,1,13.3
38.730150834147025,46.12446702871939,26.694843903227014,2.782460559813549,0,4,1,40.0
31.918424398329616,86.08456907049947,15.344187369755979,3.5480494544865957,0,10,1,42.5
29.78643239713,47.78980919493385,38.36304402316011,27.508156861202227,3,1,1,17.5
42.43934381748541,84.93048163688069,57.53725674202971,39.382281048884664,3,7,0,5.0
39.020506700939336,40.360793843957374,38.87973412705547,36.68224459547918,3,10,1,18.1
37.62359251977371,61.82284611056262,28.8238124436891,26.61362161069047,1,9,1,24.4
24.133709057620447,68.83710880858837,13.397637518172612,2.2813139992012124,1,5,1,46.5
37.88301838920509,81.39974251975778,39.47605500084514,39.73162102643541,4,6,1,12.2
35.80127806687575,68.29807320389665,47.824778715186596,3.7070275148414824,4,1,1,29.6
25.373019620824557,31.567217283307148,47.69220338554527,23.92227008182125,0,2,1,11.7
40.67810596238451,30.041973928448904,17.01538625307101,19.809934381444332,1,5,1,38.8
26.345183789295092,45.21085330993905,30.392894528931876,18.834241655272304,4,4,1,27.1
30.315986987084592,67.4713609510062,56.6777207776589,9.238411957902192,1,4,1,18.6
33.92160304260787,86.64714118695385,65.25877955230834,2.7762748174211813,4,6,1,18.6
20.880397620401645,60.80558545528706,63.03280497033889,46.40700239818885,4,1,0,5.0
33.92347804248787,62.88981453392351,12.67902856454106,26.150393886780616,1,3,1,33.2
35.60067226184011,31.36615164766642,73.89506775798552,33.51674765266415,0,6,1,5.0
23.352634053507728,59.42111821862214,28.032911794386358,41.61001773605727,0,3,0,15.1
29.389606987180272,82.61585663461622,15.924076805785099,43.535455626275876,1,4,1,18.1
27.913288963240117,40.84541210744862,40.77606859222613,49.01832471151335,0,5,0,5.0
44.1393884912609,76.88902567255454,35.86208537758385,15.587079382844044,1,10,1,37.0
43.73596849340742,89.82050179155925,74.40233881605913,48.90421673822878,3,7,0,5.0
35.65933940843062,33.569542214104224,22.29487584974902,14.776848614603367,2,6,1,36.4
29.901661558509687,87.75480524495391,13.957064274578707,28.58081590257029,2,1,1,33.2
28.133025889201534,83.42637478482595,39.40734373580149,21.20007348163229,3,3,1,22.3
42.40851819846473,76.81953520139446,64.86576255875269,26.81976237249566,3,5,0,11.4
24.580309270231446,86.30232995350599,50.51369002450883,10.086554738748916,1,7,0,18.6
27.712832932900326,55.520633053150775,42.01791912798533,27.266975082091697,3,5,0,14.5
25.198486624033123,37.764801605388854,17.27631110655041,0.04162819775730964,4,8,1,41.9
37.38452924661091,63.33485291942293,69.93419971469663,12.146770551497477,0,0,0,14.8
36.63616967986852,34.50193677566326,13.844067259101124,35.0035533906589,3,8,1,29.5
32.56918443009421,45.33837801806519,44.31762618043797,43.42076380667758,1,1,1,5.0
37.23800223488865,44.18052704425488,56.30978024529562,41.2381285500234,2,0,1,6.7
31.562755328437724,80.23588202666653,75.3317894957896,1.7747199862819307,0,2,0,14.7
27.69905326200836,68.74987564135952,28.1436490914906,26.425440267302985,2,10,1,24.0
43.05077824823036,37.934521878497364,64.72087998056728,9.480362657396679,3,1,1,16.8
32.81932960917182,81.73327185878969,50.95258991276617,18.586084766553473,4,3,1,17.6
40.15067009858327,81.77530811984656,54.17420883629404,16.26401113620881,4,10,1,20.8
27.48952309491993,48.32704889488072,41.14106388360274,34.813264423054484,2,3,0,6.8
44.88694080697288,86.18157636795016,37.12768063825091,2.622318561040715,3,6,1,38.1
34.48155696797418,80.52596154648933,32.57716737038419,42.32553237673321,3,8,1,12.7
42.91270896256067,66.59216425865242,58.14599190395725,49.866806625186975,4,5,1,5.0
39.02710868046904,56.33205277691817,26.232274367191252,46.42288384147693,1,3,1,15.9
31.13862201857133,89.6699901153674,30.612390450013553,11.372428865450996,3,6,1,33.3
43.78206842298435,57.286256563416615,38.28452413817665,47.706238670753606,0,2,1,13.5
24.546665923877615,74.50061949446018,32.322058703143675,46.146824625960214,3,5,0,6.1
23.390023099563418,34.60554960866824,39.781913246422164,35.25037915814255,0,6,1,9.7
24.962823644790888,74.48658204471825,72.08612254121581,22.00374380340437,0,3,0,5.0
28.488061818537446,32.62655188375987,39.08071031551174,30.07178368704992,0,3,1,9.9
38.71203755127372,53.45431574548567,19.685485908749282,45.089610927357455,3,0,1,19.9
34.50496759900945,70.06335069553168,44.77127107267572,13.777531259282977,4,4,1,24.9
20.127166060068877,82.77938915500697,37.91356298855294,19.820845438309608,0,6,1,16.2
34.12262999663211,39.597369642444065,31.9843977040114,48.24251070604254,4,5,1,8.6
42.465282942459,30.413789774237255,77.24423538039883,3.1673138851888663,4,10,1,17.9
20.670149005395317,67.31515771131953,39.71538327863872,39.027597180658866,4,6,1,5.0
37.682279565337126,74.17084548946028,21.434252653874218,15.774092200380402,3,2,1,37.8
26.535722234037962,89.86469168549297,14.614224110023684,32.9849458802949,4,6,1,27.5
32.511116273489684,32.47559389865515,26.148909958658678,4.846804694120271,3,3,1,39.6
40.41735652126813,75.63113564137265,16.3535019731473,31.26752095753172,1,2,1,32.1
28.503936898892718,33.08734885518186,77.18811024204062,27.090178966905732,0,4,1,5.0
40.83918804992442,78.78305823137552,53.86180434448998,32.05174565243291,4,10,1,9.3
44.871452323874266,83.71440986129201,27.181226499306977,3.791785457056057,4,7,1,44.2
35.748130432239265,85.13721565808477,57.11992643738408,32.29288959374071,3,8,0,7.5
26.955260715636427,85.32440547317384,24.939611585080524,48.20014634942416,4,7,1,12.3
43.59736369524972,33.3246445203229,75.37224872799831,11.900819635583593,2,8,1,15.2
33.32295156416677,77.5558562330223,24.371899570610896,37.78785139820345,2,9,1,17.4
25.854093872534623,49.80712958291107,69.99601627013016,32.16987187605915,2,6,0,5.0
36.98507435483829,75.44810616099073,60.027295632017385,26.28314032179775,1,9,0,12.3
36.305763917212026,86.36925068365696,49.31097141002513,21.01117585203236,4,1,1,18.8
21.26949620338977,46.17277922444849,16.69832839414282,37.13259490627285,2,5,1,18.5
30.39638254440556,70.27669187620728,27.36795710572335,46.62033088594991,0,3,1,12.9
38.14995427889636,87.59424809024158,25.04002900148582,1.4534187428129453,3,0,1,44.1
24.488069125271775,38.14313640912459,36.16588810582119,22.46143217164735,3,3,1,20.9
38.85972843876162,48.82425562164089,76.46005260379248,19.90401645327029,2,4,1,8.2
39.57482588953058,87.88478422690405,50.240392890869764,26.8672945052312,4,6,1,15.4
42.573285045162336,50.491094935490466,60.92314701622319,3.249452453129459,3,8,1,29.2
35.93494913416647,73.31012655623306,65.61056961054462,8.164229329110794,2,8,1,18.7
30.019156369999735,35.18324935978621,14.34644623237825,1.9162765348070376,2,2,1,44.7
39.63709294191965,62.62374683585421,75.40141439179818,49.43395896926374,3,5,0,5.0
41.50806627642799,78.33402323859534,53.4808633298092,7.165464257192827,0,9,0,29.7
29.8648175909126,68.43618413237962,71.91485296965148,12.535784620486362,2,9,0,10.6
21.540995530222354,65.84083702440913,60.55255458668997,30.968356866785633,0,0,0,5.0
23.40408601601588,40.63801716718673,64.95965954075757,41.564224711891406,0,6,0,5.0
22.038022397335777,51.05865413687499,14.38296422150975,0.04997152994152265,0,4,1,42.9
39.2997324176973,88.13279289336475,39.883886645503566,48.2183722516404,2,1,1,9.3
31.660200991214047,35.366968888009225,62.829785465485116,14.564190191580106,1,6,1,13.6
25.168327521771026,32.072760756659896,78.4836941033031,35.57336337520331,0,0,0,5.0
41.322948304412016,61.0842493561086,11.496664709799516,27.733208055859865,2,1,1,32.9
44.38922085643069,80.84860630978059,22.17930703540167,35.97404647912198,0,0,1,23.0
33.97203171800824,79.6272338837505,35.72452682843002,42.5458983479716,1,7,1,14.4
44.779437743771354,56.556105630772414,28.935929739969172,24.305284041390678,1,6,1,30.2
30.739202904849478,45.1500616799656,37.67803278644307,34.8433680941309,4,9,1,11.8
35.585887479742425,49.162853188614385,60.914837438422644,12.448290803506323,1,3,1,15.9
42.13406470320892,60.015023939985625,30.26217442064436,49.75886070526832,1,1,1,11.4
39.41260861362967,41.46560819746462,20.24347277633305,46.99062306633545,2,2,1,20.0
23.399344468537546,56.094374057383845,62.4610933376318,46.16008695112787,3,3,0,5.0
38.37506007265028,49.07738336937263,20.6368010516495,41.17157083540317,1,0,1,23.9
22.70853605649617,55.01497325839143,55.788683332253235,30.319279595770084,1,9,0,6.2
44.859459876011584,74.80255288625591,51.13453313528269,25.96935573251421,4,2,1,19.4
40.517837230575964,75.27878653856828,11.547625062338318,30.86147309388733,4,7,1,33.1
24.09509282806171,86.41149579991236,26.520169032733655,10.27689894017349,4,3,1,29.1
23.619273937517846,38.74920722672147,33.30456950425158,38.292979313128406,4,1,1,9.8
31.322533323587038,50.7613941563924,41.24369135111684,24.462032949814795,2,9,0,18.1
21.20573510594935,49.86194672447462,33.41692096876274,10.007649722658229,4,5,1,24.5
21.12256064915758,84.86212741831945,75.39359415894658,19.324417169820464,4,0,0,5.0
34.74787366971702,83.44908509865087,27.78935064841147,14.743631217590591,0,8,1,29.4
42.67222573502239,59.626335718421444,76.74133541995278,8.883407045037162,3,6,1,13.5
40.78654606985059,40.037283850671145,40.871510589221714,7.0111322753769745,2,9,1,32.1
44.04752955668246,78.02350066175774,42.91879545372951,16.617075447137736,0,6,1,26.4
26.343262531082654,89.56290729050325,21.591604756242603,37.78520995652776,3,4,1,17.3
39.53654022193646,43.26203443105201,74.03941225133823,40.93355576530873,3,8,0,5.0
42.98972970107349,66.25093082910902,56.606236695343476,2.128924311343916,0,1,1,27.0
31.615701286403517,50.566253540701396,31.361976032244606,12.339132788452373,2,2,1,33.0
36.3179761147466,46.58394923033561,55.746754991391214,10.781279273083094,4,5,1,21.0
29.15154388995389,54.36136592753955,53.94262971364405,45.65361441643741,2,5,0,5.0
36.14457412005817,89.57044223731782,15.457707138255055,26.686895432715623,0,10,1,36.9
41.557056780001545,62.342335802297235,33.35229365182293,24.671623014009082,4,2,1,26.7
30.63411814331561,38.95687364175829,23.70760674415332,43.44483185618631,3,2,1,14.5
22.79643722609241,39.68976339372241,55.42878779212243,25.876339151369827,0,0,0,8.9
40.83817121869539,68.39859013032628,55.41786029628584,18.083212548805676,4,1,1,16.9
30.609093269377297,59.86874293705475,41.602918707972094,40.91151445718876,4,3,0,8.7
44.21409261947396,84.67185410207304,38.06762995061495,23.707227489719873,2,7,1,27.4
24.352808306320334,88.98055019048685,13.665179674672462,21.780096280282358,4,7,1,32.2
27.411045917727932,47.498472782394316,64.4954591968546,24.319357434363898,0,1,1,6.8
37.068619128229244,50.03509021361626,14.554806002069263,42.18845895846346,2,0,1,24.7
35.26134573089923,38.12137873487218,24.244022454458815,24.239939540172518,3,8,1,26.8
21.573125316455933,65.06950651297876,36.601806783097615,14.786389617711565,4,10,1,23.2
33.38397409782854,53.30515160842308,34.85312574175002,44.53055091986115,4,8,1,8.1
30.341558846757714,83.99747344493028,10.620066287082837,12.607709905357451,2,1,1,40.0
22.06269863872688,74.7270323251823,57.56567840251537,47.5017903602478,2,7,0,5.0
31.318852500641157,89.34613140968858,31.99681486637711,29.21562162471837,0,4,1,20.2
25.884842213207058,61.90081358660327,47.347149397457144,43.222894623915664,1,7,0,5.0
21.768857883487236,41.78631114892756,13.644702137140955,12.238576933488082,4,7,1,33.4
28.699230892507714,62.91732540013091,21.974876323641684,38.72292008525607,4,0,1,23.1
40.56106601996672,35.297863839749866,65.32475574903262,25.984092221383687,4,1,1,11.3
33.82754855779169,56.68442082267914,35.87136384392137,13.557939954072873,4,9,1,30.8
39.80063055988078,34.32266480242663,35.55087530613055,43.90966772281776,2,4,1,14.8
41.322106508173334,53.57115159026554,24.40794061398929,14.413027336392187,3,0,1,34.9
25.283732787052006,63.58587621803961,54.68069831114714,5.908780749322645,0,1,1,19.9
21.633094027941073,75.48712326408852,44.17116211009527,44.5936590733752,0,9,0,5.0
22.714079140517008,50.06120820107547,27.792360688030726,12.778011385873222,4,0,1,30.9
43.402793663118516,67.40854963021334,34.72738031204605,34.58813683049616,4,6,1,20.3
28.275018651469075,85.7284208346192,11.257918889023957,26.289010820844293,4,10,1,34.0
27.462614923403237,70.71743353231614,54.016591976178866,13.320560213965631,1,8,1,15.4
25.523236134760666,75.26626716303204,47.17505312701108,3.1088869053173926,1,2,1,24.9
30.84643733574622,74.23780278603637,68.16152957223295,23.494609790280553,1,2,0,9.8
23.409345045148935,36.99947710358167,17.390049606337797,24.48816581097265,4,10,1,29.4
44.86702031872038,88.9605744592566,79.57263775643058,27.203568261796747,1,8,1,5.0
24.68574500392458,83.245271407404,15.128274519017797,5.412701262494868,0,3,1,42.4
29.67135319507679,32.97946368406325,38.15507945406266,39.296696631110116,2,6,1,9.9
29.64580664837283,31.656462842962014,33.93858560090045,43.056549354245234,0,7,1,9.8
36.622417534942514,35.251088462835504,15.733571303211741,21.735958709959384,0,3,1,37.0
30.93893910060511,64.49286467607901,48.70390679628198,17.66533004453058,4,7,1,20.8
34.66480665595309,63.11252841625269,52.50134056711152,26.21293297637744,3,8,1,13.7
32.77076518343302,78.6322322812969,11.215715403102628,37.928865329770815,4,8,1,27.7
26.84548216144829,38.3072312460755,12.770718855052888,34.00038994553684,3,5,0,28.0
23.127095925575833,32.90663320278073,14.048405656490123,46.951782795847826,3,2,0,16.0
43.870131716047595,42.308884461827304,72.28418254735024,21.498714034535837,0,7,1,8.5
32.61513462380242,40.24761780675138,66.67934857202603,28.972681814412105,0,7,1,5.0
44.76620968892523,30.9129037399047,51.94891430633648,8.74857539495672,4,9,1,26.4
23.07041304679361,49.016737852981876,73.51719361403178,9.08553566723363,0,7,0,6.2
32.02268247279463,52.3951251476542,35.36436600194081,24.51352994514823,4,7,1,20.9
42.408122846150604,40.71666521775248,12.744345136193523,35.767874209832016,4,0,1,31.5
23.17770548117336,56.54677746402018,28.03531924000031,7.619978357323642,4,10,1,32.6
43.052028446864085,71.23861951275083,15.63815890689875,13.513641200252735,0,0,1,39.4
31.466285419559078,35.84693669973393,34.353962288519874,44.891190436764546,1,6,1,7.4
38.74782496006692,76.18816080661048,62.16541529623954,42.609458260921976,0,7,0,5.0
29.050328918228256,37.970725632466475,12.819952311574585,45.67345204652095,4,8,1,20.1
30.633179354691592,85.64735518786634,17.29986322705922,44.78386852573955,1,8,1,15.6
40.89502671586226,70.45906817353307,79.30404560502535,33.627126440467734,4,2,0,5.0
30.47905775822186,41.74477788834735,19.7062961771691,29.79133864459244,3,7,1,24.3
21.116776798285127,51.022520271739495,19.27162907808062,40.81925249466345,0,4,0,20.4
25.945070779927615,60.96092320177905,33.21900864201154,40.896138321262846,3,4,1,13.9
24.51348615204342,58.508374212761474,56.38340397600947,43.80105979043546,4,0,0,5.0
43.17651171981585,69.52196329250374,39.24774933277407,39.936655246765504,3,1,1,12.8
43.00957951867546,64.48056374389463,74.93092449503423,49.46496061401019,1,0,0,5.0
27.65452659389735,33.78338086635769,23.899456041862273,23.393773539099488,1,8,1,28.4
27.13148726991163,76.55149594065118,18.201505122261928,7.921634110740239,2,7,1,39.7
38.04747138880661,88.32058185428369,11.261892206117011,15.136911090319916,2,9,1,38.6
21.418268821353646,78.19498237342479,54.00436865229819,22.1617035972577,3,6,0,10.3
23.04838251264659,36.32982908343056,43.75635040908293,28.227576900404443,0,10,0,12.6
34.52547069566294,74.71529197614497,38.56250600981468,19.48303927006322,0,7,1,25.2
24.61618261027938,45.68213809383419,17.44934960561925,47.62192029033721,2,5,1,15.9
24.41579990662337,83.68504789347453,33.9187322827365,28.283754887734858,4,8,1,13.3
38.964725461271385,75.90574378821844,26.735832486541852,18.377726486424823,4,3,1,33.9
20.384816885316237,73.43197883726555,22.734836029587463,8.921267047803932,0,5,1,31.0
42.09096691312698,76.49838166236769,60.760495442252186,27.578804241939892,4,8,1,10.9
37.90198078952535,73.54648893117138,52.175838511150346,48.226917418720696,1,10,0,5.0
31.377293942398587,65.87742559175689,55.317764711152165,15.859618747495723,0,7,1,15.5
29.738278072301746,46.7361195014831,50.039374734301745,3.934376341278656,0,7,1,27.5
20.64631316039229,51.64410886440096,55.889890089932116,6.655495485367552,2,1,1,20.8
33.67927670916817,55.03773214913815,22.20968048088797,30.073823344602417,0,5,1,23.1
38.028298954378826,61.82087662878176,77.27592879130601,18.84758203462994,1,5,0,7.1
38.22275469778598,53.03096185704942,33.80805658050272,7.780604928561186,2,2,1,33.6
36.499552968096644,78.63039738193315,47.41853218488325,31.64782357507964,4,8,1,15.5
40.8893991127216,81.03835823745086,22.44944481385479,14.815401060213745,0,5,1,39.8
40.15907375668502,52.01733841052558,32.502786951127646,22.271105183936672,2,4,1,26.9
26.72771663725687,30.03738188081244,69.94867602056593,45.55206116097898,4,9,0,5.0
22.099994597712453,51.8131673667494,28.749475040727432,34.9858660275256,3,5,0,17.7
34.33540893269331,31.28852537409798,66.57058198498262,5.6976878990728235,3,0,1,18.8
43.14076992559478,43.55940450211121,31.146462766708744,39.344495862173524,1,8,1,20.3
25.025775542051306,48.58099715919877,24.37276049011013,19.88814478034888,2,6,1,28.9
24.642787238983704,60.20670821909851,23.019642968806412,38.94065776400508,3,8,0,19.2
32.21091538090955,82.82125375273199,61.996987287959605,26.60184718466295,4,10,0,5.8
26.762290233341766,58.988683570290846,74.25403427040655,39.888782259845165,3,10,0,5.0
23.66178331247656,66.89857834111548,35.54432604707665,25.33374703672896,2,7,1,16.9
33.66643590294027,41.541461283446026,13.738286098462055,21.570752624428664,0,8,1,33.7
24.917702672982035,37.81392939233191,63.02934216523768,10.625620955434107,1,1,1,13.9
22.65418935424875,70.858786113799,12.68231859755435,38.45836394822444,4,9,0,20.0
28.85875710129679,83.30788809322435,59.32039993390632,22.069284885677643,0,3,0,10.6
28.477834559100717,70.36714155105642,78.9883240136738,31.116597612520646,2,7,0,5.0
22.842499366722876,66.31767177139841,48.08885958831629,12.466956471559065,0,5,0,19.9
41.915799836972624,39.90583545066151,21.838948059049738,29.912245975857747,2,6,1,28.9
28.038427515503535,84.10139585381425,76.25081090821844,26.0309248579119,0,3,0,5.0
31.189510229913736,79.70734714660506,69.13262576616825,19.472027768737536,0,6,0,7.0
41.01938826624483,76.52886029778378,49.058549573839954,24.875439259656158,3,6,1,16.7
37.54525123795635,32.7224385547405,57.35801133017543,2.9034196891165545,3,0,1,26.5
43.6490114870187,31.724459589789795,58.19027446639169,45.42641766684385,0,7,1,5.0
42.8181139781758,80.77482210753425,62.91385094230495,43.042875602574135,0,0,0,5.0
44.29569227438399,70.81164056754592,60.00159582009101,20.5259971537042,0,1,0,13.9
27.486196598117317,72.46017428764529,30.5225829453334,5.824509018448132,3,5,1,32.5
30.566991671564747,49.911111504510835,10.08798653903793,41.79007875846439,2,6,1,22.6
34.680087194098306,80.64611744489355,17.525737758006994,17.689067937289167,2,4,1,32.3
43.27852034948458,88.96083470727172,32.984045550004524,13.12380508174908,2,6,1,31.4
38.247967730230705,47.869063245954294,60.54532219607836,34.957429841261,0,2,0,5.0
24.53751702928438,76.28636412781375,26.09203307293505,23.970033258760964,4,4,1,26.2
26.31367989010087,56.16618409040419,21.117255176506216,28.692149255171007,0,3,1,26.6
26.462493318509388,68.90155340308729,57.44848100861103,47.676468243702935,1,1,0,5.0
37.48090230449886,86.29167659755011,73.92361332648983,9.528868220691889,0,1,1,12.3
44.090439755029536,59.000080567302604,42.13944211100627,25.525698687601267,3,7,1,20.4
44.472419459677766,87.64559763563237,38.96055644432018,1.4659282156054887,0,9,1,38.3
25.737903722181827,60.86645649189414,10.495435284955489,41.08342859996927,4,7,1,22.3
39.27294495778548,64.46303106721032,78.13709093316906,19.2121853507738,1,7,0,5.0
24.02514598440382,36.77537012710388,22.478452624489137,1.167784459376603,4,7,1,42.9
42.905106537993866,48.69596227828761,68.36267544601773,23.142068740959772,0,3,1,10.2
26.24648819748336,84.92853200331051,24.319596936890875,34.18433589122271,4,6,1,20.5
38.24573697490531,40.102284321216146,41.942552519846785,44.750735063937015,1,2,0,7.4
27.54157497239482,83.18752759270971,26.095724763771766,28.153405899934018,0,3,1,25.1
40.79295876342625,77.25738083082709,71.4655181156926,25.61302236148764,3,7,0,5.0
36.339318384402915,51.09458385613833,20.01465662303047,5.010269220818242,0,3,1,41.4
35.64282499941558,36.88388324515999,39.228785299309855,15.696989212230939,1,5,1,25.4
43.973290900550154,34.868087361868405,22.03971123212535,44.75050651971686,1,4,1,21.5
42.834657948523954,87.65839923127426,42.420948030841956,5.788557118464421,2,1,1,32.8
44.69083582280656,86.50545544343709,29.976776159753165,11.618709387998843,0,3,1,35.6
23.418892016315755,73.25637134987461,58.66008095435256,31.86575246164798,0,6,0,5.0
26.118582400073837,70.72186138418093,74.88003653819408,47.44861772495834,3,6,0,5.0
41.264880983287,59.00249033630358,63.804170097680185,45.12673941637836,1,7,0,5.0
31.397842748884404,74.96810778352938,57.947313777994296,42.28775767437531,0,2,0,5.0
21.57120474198257,49.5969685727253,66.28479819904169,23.18036997810864,0,3,0,5.0
43.89772956141212,74.34582009748097,39.74440524092867,38.04118563797203,4,3,1,18.6
22.25621657965557,77.35475543164135,35.55020240170791,14.337086343325284,2,3,1,24.5
28.84758821476858,30.168611479105305,59.596592246596195,39.528485313353876,3,2,0,5.0
27.745288307898473,68.98822469858219,47.256099636351514,43.02320278619701,4,9,0,5.0
26.94436356320478,61.15244953633166,20.427781595029742,3.1355380660334053,3,1,1,43.2
35.75629456390918,30.77157433115749,53.91906567444776,29.83359299470048,4,7,1,6.0
44.32164995086552,47.16341645137812,14.625564668394716,39.27707151230739,2,5,1,25.3
39.0151194399774,41.024286161167396,36.81684510387829,28.583800031488288,2,0,1,17.6
20.566090941239896,70.92036258554467,20.548374680163125,30.00105673797826,1,5,0,20.9
44.853707030091556,57.90095324318456,67.14050132148489,38.18381418262234,1,9,0,5.0
38.121737448566705,45.43098660033776,42.72314736908997,40.404374327508094,4,1,1,7.4
27.334102093045814,42.105893157003884,69.17756415078921,41.72303705880655,0,2,0,5.0
25.121788391974267,70.53716554985127,79.79775943357113,46.13957358736126,3,9,0,5.0
20.972697869414183,41.420370252990644,49.90421763015357,31.2456435407701,4,9,0,5.0
41.884110207525644,32.295363051408174,31.913684538755,39.97989872378409,3,4,1,17.8
42.24137253759169,82.74495562470692,79.34989302548348,34.09003400110573,3,0,0,5.0
39.963963927892166,62.27189300830978,27.083191599514198,30.37776146775232,0,10,1,23.1
29.848920654681727,60.47218477505747,74.61003628930644,24.648189706833872,1,9,0,5.0
30.49955118440282,42.16986708218872,11.862844520704993,5.133792705980883,3,9,1,43.3
37.66646516748066,42.29629268881997,52.02425476964808,23.512933221984518,3,10,0,18.1
29.921383019746905,71.53870395126876,69.80223543906942,21.31415419964064,0,2,0,5.0
29.931643164754814,38.10920483413891,40.73019626051624,2.6155792292408164,2,7,1,32.5
26.208783124118085,87.69220610468955,65.03697042819181,1.0400648614241004,1,1,1,20.0
41.591505275346606,50.184535824627424,78.22382233285082,1.1570174988116966,1,9,0,14.6
23.52225901402827,48.78408155737564,74.93862725535452,27.158441391258908,3,0,0,5.0
37.67799951144101,83.39737761502658,20.324938910673232,45.598586106666886,2,5,1,21.4
35.879864979237354,71.03755005756489,61.67242436177599,25.7037658270173,0,5,0,10.2
38.80266939955648,68.76367882689505,27.758275030710042,38.40907993720195,3,7,1,17.1
41.78355504634841,36.91184226747532,66.21294079344653,2.748934451821805,4,3,1,25.4
20.276246477459257,84.22280044953668,26.083594900092766,29.581826622912576,2,6,1,20.2
24.175984915721553,82.5338872196844,32.23696177360877,39.60390479319495,2,2,0,16.0
24.67074794695887,39.968407604837424,41.182148317012874,48.63472006627801,4,4,0,5.0
38.45906207615303,86.12905149779274,42.8282135027431,10.043948362857824,2,3,1,26.9
42.98482725887911,40.42296661742417,40.559420547011726,24.176310273723445,2,5,1,25.0
42.71438207042948,43.0651486367551,51.542384403852054,14.111509761563552,1,7,1,25.4
28.091777311646624,62.5096131398575,12.465373155567544,25.08211407731844,4,2,1,32.5
24.306298951717196,45.826096926821236,77.02629001981506,44.24918408846894,4,5,0,5.0
20.84131840344613,30.914576942769138,50.018399487340965,9.99178246515603,1,1,1,18.2
33.50431206626483,71.9890445437187,68.82557557595204,49.33495164092232,2,4,0,5.0
20.054179800543004,36.6992240784225,47.53249252816316,5.374628307210521,1,2,1,18.9
24.44908118084517,59.284408922523774,12.479200639218,36.87562535104523,0,3,0,21.4
20.620097619187664,31.607568854322242,42.81824731220112,30.025980753814245,3,4,0,10.0
44.918289594334944,80.4594436924028,20.259302257293903,24.375027531171007,3,8,1,34.2
30.634584368156002,82.48130798714699,76.31852304403552,29.656432730617105,1,3,0,5.0
35.87046883854748,83.50668832038558,35.54259130553945,26.39163630911192,1,4,1,16.9
41.32026934596546,76.38355212279399,59.435482517689486,45.621281703585154,0,5,0,5.0
36.21348879226545,79.24988024125426,22.601187147505776,39.378214303575795,2,6,1,21.8
20.902218168585414,81.45012447374621,30.887831907382626,17.849558308730696,1,0,0,27.3
41.32417932504078,88.24902872024379,26.184953855281897,14.501695874631976,4,2,1,36.5
26.531099457950837,39.360980062800415,13.532957428250365,35.65511664568526,3,7,1,25.6
26.583223351998534,50.28138103076339,15.618415205885787,25.9910015743679,1,3,1,31.1
34.60585125399129,51.77848993825721,15.65231324237134,33.228820843841994,3,5,1,29.0
34.51924519407063,84.13304966550783,61.4594104219123,11.857105246741812,0,0,0,18.3
32.182001504187625,87.85349413911754,43.67534499387189,34.52600457151488,2,4,0,11.3
44.47579458149539,31.606531150094124,25.72290196300743,21.191232570191527,1,10,1,32.7
35.17140322320638,46.57848606388464,69.58208580438684,41.27924107975903,4,4,0,5.0
38.593740562256535,30.844387873673618,23.865857716152906,4.02995804222841,0,5,1,41.2
30.483307654127255,68.00578012572987,77.57553940451638,43.109166056992756,2,4,0,5.0
38.48479268295414,54.46059776081298,77.13907547146096,27.30307626572585,0,3,0,5.0
32.76695838351367,34.93293239509715,73.15524935930094,20.956486989778224,0,5,1,5.0
20.119801135061657,60.6793942866193,61.33129898257552,35.229693679450314,4,7,0,5.0
26.73724473147115,54.68796321544452,37.07150694762664,38.17397879561328,1,0,1,10.3
43.315461799541055,34.263980642883716,32.588724109209814,12.354380027655083,2,8,1,36.5
25.09889698693813,57.76586003859761,16.428918818017845,25.733189047933514,2,2,1,30.5
36.613816527505136,51.89212850978406,60.98986097889763,37.11105237913871,1,0,0,5.0
31.80393439438842,79.41386940488604,47.828542818096075,1.9250441807020513,4,5,1,27.9
32.81140316672504,84.66375544792501,63.557589803919036,22.06842845414101,1,8,1,8.7
44.750830323560855,51.49054218417027,56.94993662716542,15.841928739515815,0,8,1,21.6
21.164268771334527,76.4641272623506,21.2265165116727,34.02724595612487,1,4,0,17.2
29.279692466301533,37.52232315610681,62.18744829645579,45.079304880889275,2,5,0,5.0
37.73943082266301,55.72882891628169,11.722917526994603,24.924349883824398,2,2,1,34.8
25.31895395008024,34.87943595323848,70.78468288946667,48.40736415443596,0,2,0,5.0
25.27,52.33,20.33,31.22251481987349,2,9,0,24.7
30.83601670049585,59.87716942684952,41.11426420239141,44.4537612139832,2,0,0,7.3
22.52501301067722,51.67875162431616,72.63619205609092,7.603060156146833,0,8,0,8.1
24.5638759597408,51.674942542453294,54.85437315922543,26.018252490680823,1,5,0,11.8
36.06094622184571,70.50726094744704,44.58497011948821,44.31981732270832,1,7,0,10.4
33.28,69.6,60.82,47.251985775579634,1,9,0,5.0
20.621338107160568,56.46557988678222,72.18665306334326,25.663441590732155,2,2,0,5.0
29.68,74.89,47.11,45.15918189025711,4,0,0,5.0
24.232818789030603,47.71010069689637,41.430738250821975,14.056012179559847,3,0,0,21.8
23.601404288154516,50.61268249488663,58.754197829694505,38.834351359358024,4,8,0,5.0
26.271429861107677,64.98531688322169,70.45925341838559,15.552062131324602,2,9,0,8.2
20.59177489989549,54.902399933144906,65.76771521365856,37.74391165302178,2,4,0,5.0
27.888123265993585,53.020863504005305,34.3525580293354,48.52751253244634,3,2,0,5.6
32.192517342325424,57.53011246572292,43.98376568097136,49.10226313643143,3,3,0,5.0
27.00911184893013,58.92962403720683,54.56774996032758,27.17769394632252,2,1,0,6.8
23.23186603708472,49.58026392567929,40.255317071671804,49.421408368511585,0,10,0,5.0
36.84690985504947,58.97965105283084,62.83883066119451,30.927480998011593,2,8,0,5.1
30.951791474409365,52.96290155144287,41.59388526961725,34.75604130289224,2,7,0,12.7
37.1398051844436,69.77564185071557,60.69261764155148,4.342759982228478,1,3,0,24.7
42.74309136181509,39.039197605315096,76.07390816285651,25.367336450704123,0,5,0,5.0
26.53733915106287,40.81632354805144,69.69713849101576,44.21390386107436,1,3,0,5.0
33.72091777061644,73.40734404804262,52.53917958927549,36.244168068358576,1,8,0,7.8
26.58,70.19,43.73,28.949892469816312,4,2,0,14.3
41.46855019256382,74.63973923626479,51.69211067235189,22.14133155017902,1,6,0,15.6
21.29098566083073,55.274454388701194,64.83417226112063,39.95902675096986,2,6,0,5.0
33.127140141387535,64.3233424709184,51.96964594426784,39.8295906892426,2,7,0,5.0
31.332104109041236,67.06874068843396,45.31874068843397,21.759722349527692,2,1,0,14.1
39.70758924704332,53.806479148509624,63.40529745054672,24.265102388528657,1,6,0,10.7
36.58575985234254,63.558139761424734,42.67346064189707,46.27639823346643,0,6,0,5.0
23.55740271097975,86.7496080699632,32.30621655614971,30.68843725048618,1,9,0,18.5
25.951264597499293,69.78270342847894,41.059971273257005,43.15357973985595,1,0,0,5.0
24.685300310817517,55.68887706256429,43.22544096625289,35.313882014074984,0,4,0,10.0
28.640426749591228,61.40579307113627,48.58344679732774,5.688378187032281,0,3,0,24.5
34.212773264325044,66.18443472316164,65.05988126147427,46.50203761756588,1,5,0,5.0
27.24037589018435,53.42231691388919,70.24045154137238,46.20460825657086,2,1,0,5.0
34.255343229618425,72.45209984707216,44.83383538496411,43.36596672833186,1,5,0,6.2
25.468260420380393,52.97040397555728,42.09744437311301,35.78386679529256,2,2,0,9.5
29.970876496710922,62.597363263305816,49.91650850627915,42.00924224129466,0,6,0,5.0
43.90124240272245,78.32499979429448,79.18935520007301,35.90694658570012,1,0,0,5.0
28.114807880775036,54.51809953156741,35.28169289994595,45.438529061890016,0,7,0,5.0
31.16430878415518,56.07112388718133,45.15554414348987,29.608295982908167,1,4,0,16.3
22.362655250503046,56.279031383618445,23.83764052364551,49.24493722540968,0,3,0,14.9
35.144063099416805,58.96494223696499,40.31946744066188,31.455803623361692,3,5,0,18.0
24.573532428739878,52.1880452999392,55.57641009782415,1.256787578252905,3,9,0,27.1
25.044146253779633,56.427175998094576,23.556113697580493,29.131773697936023,1,3,0,21.1
27.68035424711601,58.332951036318086,49.581349123115466,37.57509577547443,3,0,0,5.9
35.61175039107581,57.36451299292823,54.34392427213842,38.87722040722182,3,2,0,7.0
31.020511264281886,67.60814397785403,76.90606796778857,43.32308615262854,1,3,0,5.0
40.87558244771043,68.65565165156127,74.55029878269428,36.39705132241518,3,1,0,5.0
29.407198057473696,81.5735452451222,43.56865143336369,21.913806714317513,0,7,0,17.7
28.557308640794375,72.25537569166721,59.093986635776396,48.79049143315224,1,9,0,5.0
29.13,56.72,67.72,27.72166392486712,1,2,0,5.0
32.66729820554379,57.185442187212146,51.84989427798443,40.109897958659666,2,9,0,5.0
30.463813523712215,53.12042419174121,63.338845022945904,23.525900701481923,2,2,0,5.0
28.67,61.38,48.54,5.81391235872239,0,3,0,29.5
28.66802791519738,52.043931756400944,58.21771036195645,32.307824807177035,1,9,0,5.1
29.10312423079298,66.87210656275445,50.45195214009767,15.121510944741395,2,7,0,20.4
29.70545771409802,52.187342086730105,42.92203621878409,34.89822830660656,2,6,0,12.5
24.181478736616214,49.64607236756359,46.88457259752295,23.384132808887916,1,0,0,10.3
27.591142379259203,59.43377545482189,58.435232699269655,32.501080485118926,3,0,0,5.8
29.745924780209698,67.57947574080535,41.78526212959733,29.59255472557117,2,10,0,11.8
22.28980419533384,62.51410717104307,11.060312078191565,37.336380397827824,1,0,0,23.8
30.4406797978857,55.99059804998532,66.53129087439513,46.26328339954271,3,7,0,5.0
27.15354678696531,57.07281107025826,67.60399178075055,38.002477451751844,2,2,0,5.0
29.88091329797098,70.94552606550664,53.35901728550786,25.331042062998055,2,4,0,12.7
30.330753472381115,62.95175008485167,55.409218665352626,18.11992126793752,0,6,0,13.6
26.83,56.77,54.59,11.717066554736894,2,7,0,17.4
29.11034624405173,47.35142703433046,43.23655809823278,47.18178879654404,2,10,0,6.8
23.79870661466006,58.23506388141621,58.957559355693995,36.217322070498916,4,2,0,5.0
25.798778948145152,51.26441848599527,41.061162517789114,34.88829056380727,1,7,0,10.8
23.7660520457796,43.889484456999114,51.225569710770216,34.056013543289424,0,6,0,5.0
35.071703934553284,71.07930031164693,55.730671156994624,40.149367704546066,0,1,0,5.0
28.27,69.62,65.41,19.85134496827552,4,1,0,10.2
26.416881343904034,60.7449500200524,47.755658146421844,19.760654661719997,2,5,0,16.4
38.135475880187784,59.362647227361236,43.66204346389085,35.38604261261311,2,4,0,14.4
33.05774887882841,57.425556053769654,55.101845291610935,33.25933917074503,1,10,0,5.1
34.29061526916442,54.23754489078561,68.50305376408701,43.51965598721447,0,8,0,5.0
28.862330448921043,53.99186310983604,34.674108588014356,39.099420832477,0,0,0,10.9
24.720725382266025,60.355112857348445,50.48747877046034,34.266208155796086,1,8,0,8.4
22.48355119846953,60.28179469169966,42.39387354457149,15.886421600331435,0,9,0,17.0
29.784030523994943,56.72036651404973,51.723816629919924,46.52744231697815,1,8,0,5.0
30.126660914492586,65.22114898528596,63.53434187819493,35.64756621895761,2,1,0,5.0
30.09162246785287,64.18892941433117,49.18939741569556,39.6897684548474,0,5,0,5.2
29.615424854682974,65.79663169997883,73.51122557777684,11.650580111145649,1,8,0,5.7
20.98134858741166,61.75760098673645,24.030966591995796,17.238403009721242,0,3,0,28.1
24.5447201341031,42.15071263581825,11.355460927493901,32.5404843541255,2,4,0,21.6
23.68,46.46,50.13,32.309776818810704,4,5,0,7.3
26.860331802808055,58.38652363436525,43.35568334178856,46.99795386604421,2,0,0,5.0
38.28150613439817,74.23565049837839,61.5548035803174,48.003225742687235,0,4,0,5.0
36.383933235580066,66.57778495761903,56.8761606094136,15.487907486588789,3,9,0,17.9
39.1044643344874,75.61684397178348,56.50447064255425,22.440997540871884,0,3,0,16.1
42.27853489734725,84.61622108058494,62.36996827675253,35.104586686947854,2,0,0,5.0
33.783832279424324,66.73371541396253,52.95923010217541,41.344493695366936,1,0,0,5.3
26.13,55.16,61.36,11.821405246736678,0,7,0,12.4
22.587626469817465,50.21800531424433,41.84908254179687,41.88053089154725,0,9,0,5.5
28.59261546129352,59.24188510225675,47.441123569155884,32.662207833780734,1,9,0,8.0
23.68,46.46,50.13,32.309776818810704,4,5,0,5.2
26.51,50.69,57.11,44.3789053727173,4,8,0,5.0
31.99,67.57,54.82,22.528077091458666,1,2,0,9.9
27.24035480496001,60.23691118597846,45.19477362166966,19.738817914365153,3,9,0,17.7
36.33658201569308,56.63310865405147,67.3781136587418,30.73834924407028,3,6,0,5.0
31.459845073937416,53.701760555848395,57.569918318194446,41.09101274093276,0,8,0,5.0
34.998279575709894,69.4814530981312,40.41973418088437,19.28352345810437,0,9,0,24.4
24.280610241696372,69.35498592238397,44.15555739531651,11.1982324042406,3,0,0,24.3
40.15348248989552,63.68652251849607,76.91952593649877,17.051351810173696,1,4,0,6.9
24.229683939454244,50.49094014931623,44.255767487922654,34.67135333295284,0,6,0,11.3
30.645332133067754,58.114667866932244,43.06251458082006,47.36963381836332,3,8,0,5.0
25.503930734118303,58.06523711429236,67.61061261250057,23.509623420617974,1,10,0,5.0
42.062588962713114,52.44072619414358,63.750778835876545,25.597625770582777,1,9,0,14.2
28.66,50.21,39.99,35.25810489550219,1,0,0,14.4
30.778566973306706,57.081947792117376,67.04233049672715,36.358932343247176,3,8,0,5.0
32.29,56.56,63.14,15.672409599892696,2,0,0,14.1
26.730384594989413,65.36598306699352,69.30348530671421,16.949917784849447,3,7,0,6.4
38.04,62.28,44.38,28.897260418411,1,7,0,20.1
25.11543235800247,60.11303020122085,55.68852957972209,48.09654511092914,0,4,0,5.0
44.04071333240914,75.7345907031872,75.90374302195652,31.46099634871431,4,2,0,5.0
26.999574191629264,60.016351795035995,74.91477475734472,20.250877096972964,0,7,0,5.0
26.940429265341603,62.89679607534272,65.57763856822083,18.800887437271776,1,3,0,7.7
27.21,57.02,67.38,37.846182664602665,3,3,0,5.0
22.39,55.39,53.07,13.630480156914032,2,0,0,16.0
35.78058782025961,62.70422766244939,55.19983934638303,39.28786303741821,2,7,0,5.0
24.845477993658495,67.08692885592276,51.02362715566066,9.187511095873681,0,2,0,21.1
29.95101363461961,51.11562927561649,42.52697143036792,24.636359981561206,1,9,0,16.0
22.900044891370303,34.95065845998529,43.57924847922701,30.901997803127728,1,2,0,9.2
21.562817111455516,38.76983379790944,14.283797501207843,32.35471983609001,2,6,0,22.2
37.032196123912804,54.85991911732641,67.80919915026352,31.389661763118955,2,6,0,5.0
22.86052976776232,65.24181135657285,29.238403822606912,42.95767765078355,2,2,0,11.3
34.91,53.17,64.9,42.03189156347047,4,6,0,5.0
25.14336590682104,32.12959908943815,78.38141649495034,35.82448065011653,0,0,0,5.0
26.675103899565794,64.92600223806579,56.21921115623027,29.71553613870026,2,4,0,5.0
30.240951155892166,79.59745837971214,78.60816370865253,30.94328304852408,2,2,0,5.0
27.962151296262892,53.809535190346786,45.99909382939466,44.03938944846068,1,2,0,5.0
30.612148535533485,46.32736188103306,61.19532254457741,41.3354649456345,0,0,0,5.0
29.51598186471546,61.94639125207285,54.78607907657148,39.08412600465037,1,0,0,5.0
25.32840435611689,55.95708068863812,64.25830462567323,33.406399291235154,3,4,0,5.0
34.0706890083414,79.20922900394088,41.293555648428274,37.915895330758545,3,9,0,9.3
23.338611788480844,56.6457812781063,68.4558451556506,6.520967781036035,1,3,0,12.9
27.76176501831701,60.33831044026973,38.357646642243985,35.10320530359325,3,1,0,13.7
38.1046810089701,71.09042438412995,62.273759088305475,19.471141180339114,2,2,0,13.3
24.429125345934704,50.638946280313704,55.16093024582266,3.0534858438317025,3,9,0,25.4
38.20064498152183,62.875141467110446,48.43958485732196,41.398825128291236,1,4,0,10.5
32.00842223195801,69.57466841772802,64.67292804448972,42.88990628207963,2,1,0,5.0
34.85,58.22,40.91,35.993597547757844,1,2,0,14.1
29.82989110639833,68.362408749461,70.0,25.993390787720923,2,8,0,5.0
27.50101524661688,53.31217631383331,62.28971376507952,26.214506299421444,1,4,0,8.9
30.964391755988355,52.98028842671521,54.604850769387,48.6162160911796,3,2,0,5.0
28.390167158938965,56.98730294563366,55.348973577069444,29.19346821681975,2,2,0,5.0
34.82923486363642,58.420500319532024,48.28765742439237,35.789929663224335,0,5,0,8.2
37.60260446197711,60.47047809541527,66.45187393218939,24.116076273078725,1,2,0,7.2
37.31485103505641,61.34086731091614,66.95000418403002,22.46501186502768,2,3,0,8.3
34.912385769031125,60.95804208525485,41.41601790436356,36.0023708493653,1,2,0,11.0
24.26414325866242,59.414181906403996,12.693452004507725,37.10816042025807,0,3,0,23.9
37.50148773714296,68.5769402772474,64.99804621918662,37.84619767129344,1,2,0,5.0
25.744873888774027,59.201553854122935,21.013838977932412,30.68589693600777,1,2,0,24.1
38.669908735456744,56.79246411414798,50.27756239069319,29.047755161862064,0,4,0,11.9
30.611144305768473,56.21974139982633,43.69819626378868,30.844936598773092,3,3,0,14.9
38.79,66.25,48.58,33.163855359879626,0,1,0,15.8
32.3821478583024,59.869815177122,69.4890138145389,34.24217536597758,1,0,0,5.0
25.02117193156877,66.96787305188103,39.476861258289944,42.82477266965872,1,0,0,6.9
26.35,57.93,25.04,47.45020655920992,2,7,0,12.3
35.143285154497796,67.31793698069795,42.11308669076033,9.00943641813395,0,3,0,28.7
21.589679897252346,84.99107598009189,78.84323786201294,31.24333270365598,0,2,0,5.0
32.03442262026758,63.507345652138504,56.353860517025375,26.06785493603743,2,5,0,12.3
28.369058422474666,61.15800058307236,42.779770090532324,36.373461496738095,1,2,0,7.8
31.16405862033076,58.570049591297995,41.73894969047371,48.94328195579212,0,8,0,5.0
33.27395789453345,73.09465263151115,52.961940019834536,21.185642977277148,2,9,0,16.4
25.822922080767665,56.928645112939364,44.644390609171715,34.15879015287781,1,1,0,8.8
29.187097378516157,65.42539247479245,46.83833581725352,40.36803517025435,2,0,0,10.4
27.053167415390803,72.8946819501504,38.03995456723026,44.92906682675992,1,8,0,6.7
43.68832213045255,88.45210329526394,78.69993909417732,36.93111217455678,3,8,0,5.0
35.78114738240294,71.96236337840743,52.59465127961329,48.884760565833986,0,9,0,5.0
42.23692498439329,73.04942440886073,53.550937050913674,46.37016957530749,2,5,0,5.0
30.74838341739324,66.12408292413015,67.75260765362084,37.080509148568666,0,1,0,5.0
32.48,64.01,50.17,31.211610640939387,2,9,0,6.0
28.69704216736367,61.40674732789316,42.758117383695975,36.628489074854635,1,2,0,9.2
22.062806217610316,86.91470581227453,55.40400148036779,39.73771265436163,3,1,0,5.0
24.8475922214643,58.71676903514756,42.9894348541203,27.54109300012076,4,3,0,15.8
36.0803085844851,57.98573882280224,48.455390489401374,34.79375483345348,1,5,0,8.4
33.492218345403266,68.01804937709447,79.46275369051497,33.64650298284596,3,0,0,5.0
24.751379105614422,68.66178582542922,15.167478653606116,31.623710933019346,2,2,0,23.0
24.06927880769537,41.91471746635266,58.07529033989783,30.115375698487124,3,1,0,5.0
28.07,57.06,54.6,4.130913946677817,0,5,0,23.2
28.159212496978483,64.7974534553095,63.55263856250349,17.079605747737947,1,4,0,12.1
26.08122699909198,57.56142022394114,20.957109322176866,44.78401011605189,1,5,0,15.7
29.49,66.27,41.53,43.64482504688739,4,4,0,8.0
25.037464759236425,53.299935318091826,39.383269940229376,49.539120891124824,3,8,0,5.0
24.158412654778015,58.58054184740262,41.968822505548566,21.289404640708252,1,3,0,18.9
22.446454231192252,53.33149620271804,28.90677811110594,33.686703461486374,3,5,0,17.4
21.99910176466588,75.89328143002285,41.977290394857874,48.55877864501546,0,4,0,5.0
41.535479349203065,62.08163048612087,68.4224314257528,35.547786278128534,1,2,0,5.0
22.489260053353973,58.56677024744762,48.21888521755026,47.137988291537255,4,7,0,5.0
33.78198752585011,63.55404858423016,49.820005580890246,25.97581802555424,2,1,0,11.6
25.756513052511924,61.91823987446336,72.52371948884904,35.3458607244522,0,4,0,5.0
21.629133567494645,59.92554901448333,42.68509792059768,17.539376314062288,1,9,0,20.4
21.575027228580065,52.335002764023976,32.85072532531168,35.70634279623607,3,7,0,10.7
20.885867299006968,61.93703053731301,16.60923509659306,41.2150894311071,0,7,0,14.2
22.59630614672973,55.24921597712435,53.18333556558543,13.278860806941623,2,0,0,14.2
33.795554680687275,55.95052709649775,43.63263177412444,30.455370367603425,0,2,0,16.5
30.913258359726456,73.49183624058064,62.110581612038224,43.400168645765824,4,7,0,5.0
34.05986453606964,53.54745397742577,56.91340048645993,31.79032119526475,1,9,0,10.5
21.0432882550676,35.36980405843534,57.70094217970215,36.90463589136068,0,2,0,5.0
23.398310207043338,57.41676730203021,20.404232739258365,43.44350329158107,1,5,0,13.9
30.423533321813657,54.58084711167851,28.11470257315672,39.03724917171548,2,9,0,16.5
27.99,52.83,35.74,41.906762403494795,2,2,0,8.5
26.36566818117768,56.334335516108005,62.78062979790863,24.54995121008272,1,2,0,7.9
43.27741436076261,37.61150890845896,48.44281843493111,32.86830389929913,0,1,0,14.0
26.55166755851298,57.42009476835278,26.537228142012836,44.20095263683575,2,8,0,12.9
38.170058434606005,50.444899840063364,59.41552338141614,35.67511805974151,0,1,0,7.4
29.192261668343832,48.6270034330443,42.88940057529098,48.560469080600654,2,9,0,5.0
23.390323174883534,68.70314197921618,52.073428409761725,2.809714511160072,2,9,0,20.7
39.674454880363704,60.287216399400336,50.66509262357584,25.797570477588454,0,4,0,16.0
21.692534914866037,84.2284123932779,55.673312211107465,45.66774056758043,1,6,0,5.0
23.954616331948582,57.426190599336,34.873955466059414,48.850778978334965,2,3,0,5.0
23.872205121637833,50.99967750197561,41.16877259097962,18.32699694979625,3,2,0,19.2
29.0,58.0,40.0,35.27190888559172,3,2,0,16.9
28.849853866479112,50.46989406734827,51.1076865111078,48.740037360120596,3,9,0,5.0
22.66801977748653,51.60221910652429,45.010551317757255,19.310902247337996,1,0,0,17.0
29.47742125802156,59.921124885406286,40.59502249770813,46.31079220195528,3,4,0,5.0
30.962615058146437,66.99191092994737,48.40907953482852,46.19275146680868,2,1,0,5.0
30.54496387643651,63.22754947088426,70.0,47.77175014544057,2,2,0,5.0
42.14844787363733,42.836830782284885,58.584409414805606,39.11422688297484,3,7,0,8.6
28.65,62.64,41.6,34.80001220044046,2,7,0,10.7
35.25856499940945,70.82634313822803,53.9727119622754,41.37281523046579,3,1,0,5.0
34.56511936291245,76.21466307449451,40.85620569030466,46.69945434034869,1,1,0,6.5
23.352435261648704,56.687824341782715,35.64417155764737,39.75049648375694,1,7,0,12.5
27.18,59.42,53.2,43.97881302618807,1,7,0,5.0
31.005731997798918,62.007678714032515,63.00573199779892,17.62768174825161,3,1,0,9.3
23.9053177416851,41.56630020108084,58.39706393194299,30.269131891858923,3,1,0,5.4
24.645967382758943,51.927361008318854,67.77466765456928,46.01413760185921,1,8,0,5.0
30.337392609897947,61.04825483967159,48.895589138529374,37.027468433904346,0,8,0,7.6
33.38,69.64,47.26,41.46026173795686,0,4,0,5.5
23.504351338462623,46.084741406642834,65.29590870699086,16.071314201901412,3,9,0,11.9
25.397746270888977,45.68563760076679,43.723064251775064,28.865724261816492,3,5,0,12.3
36.572109986568854,67.19547699155252,60.94678145730177,45.45894857456554,1,9,0,5.0
21.501637241060166,58.16442072210458,20.967281175460503,44.779803932230976,1,6,0,15.2
33.047646132169874,58.90161804701087,43.89974717495296,18.55542762834413,1,1,0,21.0
27.310899392538158,64.56032275427447,61.44918973766145,32.29409850885948,3,4,0,5.1
27.12545947403335,53.72547809710482,60.70521054483984,45.11167314876879,0,3,0,5.0
23.015746770585423,62.989503892784214,59.58221997848444,49.03453702356684,4,2,0,5.0
29.83,58.93,43.95,48.09615320454563,3,9,0,5.0
37.68205316778438,68.24326178947146,45.239515806783345,47.8190711839388,3,5,0,5.0
33.1804572044401,56.03191776552877,45.33004603208397,30.982962498471018,3,3,0,12.9
25.748887675652757,60.275288600968196,42.485703915341695,26.17971253043845,2,2,0,13.0
27.547175108201703,54.240111996449535,45.58861273628622,28.257378413576134,0,5,0,13.0
39.21295938932533,60.61903324998191,51.36064347801421,41.14572765727299,1,7,0,6.6
24.053443997409286,87.6734621192239,33.92897137038279,34.61711977822061,0,7,0,11.0
35.12939008302741,67.7177380305005,46.83672227845078,44.61806578386269,0,8,0,5.9
28.888989932314,52.2765458934621,45.08519305265929,36.36607454768506,3,7,0,7.5
27.11,57.8,49.87,16.01595756391706,1,7,0,14.2
21.558235130572843,45.72251631398502,67.09317037548058,21.189927951757138,2,1,0,6.8
31.381634801181427,55.51359245902046,52.96455044809258,33.790730912726886,0,8,0,6.5
25.16043993380806,43.12824632004902,63.79946346398832,10.090140042781846,1,8,0,16.1
43.367128404640404,61.18692943609688,74.36372917089763,15.949319455019667,0,2,0,12.1
27.042583382081997,52.832440561216366,49.51797193918161,37.22519801785892,1,0,0,6.0
32.474291541639595,50.800841771998954,43.59474607206139,16.475655213651734,2,5,0,20.7
34.66,55.05,59.87,20.485876856399127,3,5,0,11.7
30.616378271287584,59.135572835092994,58.655135804452584,40.22788158491786,3,9,0,5.0
26.353571205844165,62.3475676064347,41.838869346195935,25.016240537065517,1,9,0,13.1
35.08136826484982,66.9436776936691,53.59252573809529,49.19041898224867,0,2,0,5.0
28.577112806772654,61.19154573056305,53.779227134718475,32.29776915281364,2,7,0,9.0
32.22077240488815,68.02189019492384,50.54011512838251,46.368388558260875,0,2,0,5.0
29.061415172553104,71.0219616401889,43.69492040591355,48.80170079292684,3,0,0,5.0
42.09203948533634,58.739160259907706,66.7385043195158,48.063187657965685,2,4,0,5.0
36.562752179546116,56.096719416961285,49.987860097610564,30.883719836611036,3,4,0,12.5
26.51,50.69,57.11,44.3789053727173,4,8,0,5.0
28.247149416893322,52.18086558120136,70.64668575007599,15.003568194077062,3,1,0,7.2
27.891165423653483,61.542176655635906,51.784295084952916,44.44160252072163,0,1,0,5.0
29.17708293255233,59.10290042818483,61.557953410064044,41.19306967767617,3,10,0,5.0
27.966110383223143,67.22964425021274,46.008780286443674,43.637429910340984,3,0,0,7.1
25.99451425488908,56.06461426637718,23.478942885542008,27.063672221280733,2,4,0,27.3
22.1447501700403,69.41533197731454,32.648641444896626,46.0117003011499,2,3,0,6.9
22.618299996527934,80.98914574567671,64.2456829003808,13.865352790933033,2,5,0,9.9
21.788084515451843,59.9831131824846,40.723519640354894,44.33509758159361,3,5,0,5.7
34.728494312323605,79.44608756812447,53.23461903614158,38.195128993448854,2,9,0,6.3
42.51772290251133,69.96288241820491,53.03673311383815,34.77293680204831,0,2,0,7.4
34.13014435117739,72.43601954963788,52.235003410144714,40.535279017100464,0,1,0,5.0
25.87828389912555,58.453575544606124,40.49728451253723,49.838849552163715,0,10,0,5.0
28.02969096356304,53.81599013139179,72.51511024751196,48.933937614198534,2,1,0,5.0
22.90839428086277,42.20006315767211,64.8141886202448,36.733459630918276,3,3,0,5.0
26.36802213433296,61.20642932922232,51.54510283549973,48.438869634780076,0,0,0,5.0
27.107085849798178,65.09729304957018,60.586901672223064,31.80257752193238,3,4,0,5.2
25.781067815441048,51.55521761061189,54.370148450084564,9.696982305993705,1,3,0,20.0
23.449339743459436,37.03974520241387,56.16299783319228,41.15174384144387,2,7,0,5.0
23.80840569575412,41.36036210347751,58.58725382208254,30.360012169944493,3,1,0,5.0
24.38535998996139,58.27329439289019,69.9787127935163,14.080284471108858,4,4,0,9.1
27.218883411464546,64.72951058520911,50.88919550716402,45.542135548320786,3,0,0,5.0
22.047963015130723,49.130626130736594,37.54425829154691,31.456789202875544,2,0,0,13.9
24.509245685160852,49.19302258773789,63.7228286806468,47.04159770226662,1,7,0,5.0
32.177722857942584,63.208177143703914,55.52381164826842,43.57724398273291,0,1,0,5.0
37.74172171022956,64.28888493780693,42.36357799880581,16.63559838525269,2,5,0,30.0
29.897372467696066,56.223836660268304,71.26771511845234,23.450047527578292,2,7,0,5.0
26.98762987574846,55.497332835057136,43.26366641752857,23.376467331119525,0,0,0,19.0
37.514880092569776,87.32140006491987,73.50203042803246,17.57585127923645,1,4,0,5.9
37.23169735347653,71.53795077570516,53.91891522172569,40.25535094087785,0,2,0,5.4
27.143673692819817,56.730039417607664,40.0559481587819,46.12778514418773,2,2,0,9.0
36.22988016000028,71.5084191401291,69.82780839879564,36.59739062458933,2,0,0,5.0
29.93167037838846,70.11107291653062,53.63841806342247,27.199850226479576,1,3,0,8.7
31.845976781988035,66.52406191469858,69.40595745360271,41.32117174724858,3,6,0,5.0
27.49,55.27,67.27,31.35538026083782,2,0,0,5.0
30.120314565663705,62.57589377848908,74.94928840291468,18.631385723816543,1,8,0,5.0
40.876762925072946,75.67305299629663,68.46917367470482,40.96524101211044,2,2,0,5.0
32.14991430095662,70.0727351627718,64.60178979068331,42.80476285489019,2,2,0,5.0
21.95432768899162,61.0693321201789,51.97552185089924,49.34122557541013,1,8,0,5.0
26.733737659589966,55.57501951697932,69.72300910792369,26.467498806465674,1,5,0,5.0
27.10184818394218,54.31222902184542,64.71875667625707,10.435043221063966,4,2,0,13.4
28.649608995295722,50.84550546119682,20.0,37.84188050095185,0,4,0,20.9
25.0,50.0,64.0,44.56057945658022,3,1,0,5.0
25.302315037181053,63.73084366415224,31.908452939869186,32.23000114247838,0,3,0,17.0
27.42625726779572,68.0002690311028,70.39616770158443,48.047054222266226,1,8,0,5.0
28.67,55.39,64.88,4.85738897005612,1,5,0,15.4
33.80667131407022,53.236816817051064,43.56076362065486,46.69527408499004,0,9,0,5.4
29.895870896582636,56.271041198555004,68.62672071664382,28.065777404859567,1,2,0,5.2
28.959454650126908,58.14364638240752,40.05212973555112,35.296630869659744,2,1,0,10.5
24.55618163722206,36.05969698207855,75.85251868783291,3.46613953247497,3,3,0,11.0
29.94961674893189,66.24013143381053,49.70369933102561,20.482794350650146,0,10,0,15.7
25.08369531016938,50.32412669393305,64.52132348517742,44.90176157857081,3,0,0,5.0
25.061741282019497,67.09880141015384,39.808792307432256,43.31918153467279,1,0,0,5.0
25.984848428776964,66.01116772430922,69.15431583415665,35.82502027253588,0,8,0,5.0
24.41224850779188,52.15638881933895,61.62502451594069,16.28242596007952,0,9,0,14.5
29.615677592161074,61.01147021927508,58.54962811017459,28.286341187917643,1,1,0,8.8
30.725425364004955,65.97524004730592,75.35635487216052,48.8308916861969,2,3,0,5.0
27.133365723267577,69.74087075445247,54.6950955056544,37.77881531670168,2,7,0,5.0
34.28818128995399,54.071025133828805,45.70228578140452,23.04915342559228,2,3,0,18.2
31.49536405153356,65.08595762173938,64.11832477867439,36.833103304542824,3,7,0,5.0
41.5965265121495,65.23523302595711,76.69416264011689,15.004022460129836,1,3,0,11.6
22.674730075260467,44.117408873461784,66.69218490370362,18.893577063066648,2,1,0,9.9
39.0672665286654,66.758703879039,48.868723823238355,33.64025544406046,0,1,0,8.9
37.45310246097773,71.64639647308346,62.893155701336205,27.2490143460255,1,9,0,8.5
29.113190116866924,46.193967985348216,70.0,1.6521732368247526,1,0,0,17.5
33.07101602288084,59.570517799690876,70.0,46.62087189043559,3,2,0,5.0
27.759776401423103,82.67594361020123,47.527048682606235,21.703707180800386,0,3,0,15.7
31.2,50.23,55.54,43.53211793344213,2,7,0,5.0
33.42,55.21,54.88,31.046788947471697,1,5,0,6.6
37.948341324249704,69.52625287939223,60.97207855928726,3.0868186992874844,0,3,0,24.9
31.305999642794728,65.28422474815576,74.21374973538424,43.689661379286754,3,5,0,5.0
21.247422531332514,56.95870550791517,69.98118942039433,24.91832683464571,2,1,0,5.0
32.547602328321275,72.96886793434278,42.04211610396313,41.05882051268069,3,6,0,10.5
22.52831833953975,58.473360420087836,30.769927338362482,49.463934606636144,3,9,0,6.9
29.78,57.79,45.7,4.941824476443929,1,8,0,29.9
26.09,69.65,41.82,41.5956251007791,2,1,0,5.0
39.722473313408386,52.09231108001064,66.81543102877181,27.769902689070356,3,7,0,10.0
28.774185828921944,57.657655162654684,46.21587440482151,24.791892056245047,1,8,0,13.6
37.044397090577824,59.37757678214077,42.411241024288955,35.983873347592606,2,5,0,13.0
36.49,59.74,55.86,15.618423555489686,3,4,0,18.6
26.35636632146921,64.74791278195852,56.0503321038464,29.83788200896547,2,4,0,7.1
27.90678880039887,65.9446137762901,62.12471644941416,8.022071045967229,2,3,0,15.0
35.89651319699216,79.22240082393635,41.66168800069692,16.094410130624258,0,10,0,24.4
34.713850319247804,64.42012473396017,41.279734570819194,48.31492681108266,1,5,0,5.6
33.32531441304691,46.65470347199395,62.35638008321486,21.683973889363585,2,6,0,6.9
30.183569893270846,63.07154480432988,44.677595367361754,49.52302239436443,3,8,0,5.0
28.71327991157979,56.45051885656906,54.76789177191699,29.289004107631914,2,2,0,5.0
29.98860417296927,64.96893203757844,52.23100748882473,46.84554354277509,0,4,0,5.0
30.346483614287624,58.69283915670466,42.484873012531025,48.69104102454558,1,9,0,5.0
37.753495517024284,59.79415568193215,42.557623334275874,36.60615168508845,2,4,0,15.5
34.197488220820695,59.45486100145761,41.730901915741704,35.88138286913628,2,2,0,9.4
25.651296160296102,63.34335956268913,41.236851778620974,24.1241663682953,1,10,0,13.1
39.06488443617967,66.7543334283627,48.866243297178826,33.636162526440025,0,1,0,14.7
30.025452609370806,65.81667622990463,62.182075156244004,35.194927621168596,3,1,0,5.0
28.238893727810066,59.284632167833905,42.953155287786224,39.32832875861469,3,6,0,10.4
21.647503431536418,38.7075791899524,71.69090138448341,15.54742162368272,2,0,0,5.0
26.695390384139667,56.96860780642202,69.91860695092514,9.935740936773339,0,5,0,8.8
38.215459417648084,70.24549663803262,63.8581539197729,2.5688629742060627,0,2,0,20.5
41.10303781806354,42.73467512023216,60.70202337978186,40.69526584866516,2,4,0,5.0
26.38438068583983,57.3826232912343,25.153094361315226,47.58130874774254,2,7,0,10.8
28.967843691490128,63.006979930930626,43.11001520644647,37.836003991416206,0,6,0,10.4
23.54088568046833,42.6828397336551,41.093612873101726,28.25075803610901,1,4,0,17.0
24.644986275307435,58.99945118942972,42.004680520383616,41.163480252115875,0,6,0,6.5
31.81,66.62,69.44,41.23338085424062,4,7,0,5.0
26.24466544503758,52.66737889958003,47.57979696731875,25.252082634764232,3,2,0,11.9
24.303578797623445,50.76450087560331,57.74070465503137,3.942647741238386,3,5,0,18.6
30.68305248506638,53.067788663692944,55.33277256749379,49.10182673423681,2,2,0,5.0
29.310552224528866,70.28821212239188,48.517879083354366,35.13172922246584,2,4,0,9.8
28.61636230541787,46.83220112038728,43.19937149878975,18.174580982090742,1,7,0,15.9
29.482349149106966,43.28582582445733,60.99030308381605,28.398363521338936,3,0,0,7.8
22.464743985686564,47.78131413346344,47.31117669077023,46.6643697696429,2,3,0,5.0
27.866395166079162,60.00733659801835,69.82072761740079,7.200623401154033,0,3,0,12.0
28.61284675398975,50.45519687925331,40.0465838952123,35.955591148712315,0,0,0,12.7
24.021203384125656,59.71024291816568,20.0,42.73979983553966,1,4,0,13.9
31.993528643045096,53.21906925657991,73.8315704071884,36.602513802704365,3,5,0,5.0
23.067095517202645,56.44712036862642,67.97599745839187,21.877215088075182,0,4,0,5.0
39.32431833508464,39.77396972781594,61.920249576221806,35.515633033799766,2,8,0,5.4
20.93055095571057,31.913236431883703,60.041422934184155,2.5886997132182663,2,2,0,15.9
28.375203712326282,53.79818036926309,38.93788839405654,30.92092170323445,0,2,0,17.2
28.908120189024448,64.97236980414641,46.081889063344995,9.135295603337433,1,1,0,27.1
23.01932625203376,58.054417735617484,52.9214044244366,43.18024377632377,2,0,0,5.0
23.172033999924974,70.4494152757758,12.354081556565031,37.553578089643366,3,8,0,21.8
27.86,44.14,58.37,32.222772699317076,0,0,0,5.0
30.97674857159137,55.18848772625428,69.9139106895585,28.413491048122914,1,3,0,5.0
21.747593891908885,43.26643867682296,55.237488699571976,30.118928377308997,0,8,0,8.6
30.29137385291891,49.781872278257396,50.39088698301107,27.28347915546816,0,8,0,13.6
40.0,63.63,40.65,34.2815731018306,1,4,0,16.9
20.391034981410755,53.99410816229482,77.66955745092783,34.03137196802474,2,3,0,5.0
29.493469711928746,62.21434421394651,20.010052223292345,46.60879134143451,0,3,0,12.8
22.747217727256704,80.54882371483289,52.72295595208137,21.64671635486941,3,3,0,11.8
26.796055062620827,68.25756498918726,57.98849412288738,46.80680665446596,1,1,0,5.0
34.65672044615208,32.24334871404595,75.32397522104081,39.43868210223743,1,4,0,5.0
34.2581889883376,57.282153510839215,67.2259213111061,37.12322796839399,1,3,0,5.0
22.53905353058346,57.96727806705951,39.65024905073515,30.124596480105822,0,7,0,14.5
21.351415800668516,82.42692199516947,20.46062508644325,29.059148347916185,3,2,0,25.9
21.46777826285032,55.73385167630179,63.60459329479284,41.51854300530281,2,8,0,5.0
23.72860059355307,54.65438122750147,45.95622758099471,47.252908785097965,0,0,0,5.0
31.816949466636327,55.34591013118303,64.58262545030593,47.76316650881538,4,7,0,5.0
32.63217570370145,56.74954564148423,45.18182704002067,21.182597212529732,2,9,0,18.9
24.987377219367275,54.154832354336975,36.17307075551353,36.288849830691106,1,4,0,10.2
23.947210448101554,47.54288832521078,44.34683257116245,14.18773381965907,2,3,0,23.2
29.712667578355795,67.56112693978251,41.79443653010875,29.505411975501737,1,10,0,16.7
40.273694672386924,85.75850558222878,76.82463239010268,19.396074731222345,1,3,0,7.3
36.77320158107442,84.13785077221885,40.36275206522935,23.776320918437175,1,2,0,23.4
32.37917663998284,57.84782114601079,49.34679728746721,21.95277994874111,1,9,0,16.2
25.579531112477078,63.07405851841589,70.16366679294259,38.712673658841055,2,5,0,5.0
30.810447716064612,66.72903076621424,56.78248791999603,14.19092561328705,1,9,0,16.5
32.06,61.93,57.19,21.52117179856666,1,4,0,13.5
22.030584093395102,53.368807512501455,40.16502891186584,13.871804491805996,2,6,0,23.0
31.917571469187358,67.38892867296839,55.167656947900674,22.733213397234454,1,2,0,13.6
22.001703557146218,53.63173709158217,56.5574513828679,42.3893267615186,2,2,0,5.0
28.81107645249775,57.365934991036326,55.3836360903134,9.005371138585632,1,5,0,19.4
27.09,52.83,49.64,37.25761592491574,1,0,0,5.0
27.99,52.83,35.74,41.906762403494795,2,2,0,10.9
29.832611496693406,64.10924314924854,20.033796451970595,46.758075939286854,1,5,0,14.7
37.26936093790117,69.02409925963468,64.91170231233248,37.32264900302315,0,2,0,5.0
30.28,66.13,41.03,48.50878967179892,3,5,0,5.0
25.60611638922357,65.65785656774464,67.1212997692785,34.05257723404761,3,0,0,5.0
26.21312982153524,52.63479449202312,45.20006650648017,4.104033826213904,0,7,0,29.4
24.87,66.48,38.24,40.98247689024574,0,0,0,10.1
21.16751818341561,58.935385656694635,31.150756934940485,25.42780280340799,2,2,0,18.8
32.186945494778335,50.47427852635159,49.54400478803784,43.090256252947,3,7,0,5.0
37.22816481884,54.10595908734059,43.42333526042486,47.52146606686622,1,1,0,8.6
21.97,48.06,43.61,41.611838645883495,2,1,0,5.0
23.242823146189586,89.00387027966998,75.93000652384985,41.53464583047165,1,4,0,5.0
24.065138283694935,48.59384416336371,26.679262486960337,37.11962280437433,2,4,0,18.1
29.106857946670996,61.805954092798956,42.2050573840013,40.79829388949245,3,7,0,6.9
29.54,46.05,47.43,39.092663009989344,1,3,0,5.7
30.173885092198976,62.591040813009684,57.42218597111757,13.610560848894533,2,4,0,17.4
31.29929805823435,61.14808406247771,57.06377000235742,39.74722877503468,2,6,0,5.0
37.72261673644767,75.02638462905043,62.73190821434729,38.645442205068804,1,9,0,5.0
27.330725977082288,58.49125253108798,77.56570597759148,38.652310987924764,1,3,0,5.0
25.43,56.68,51.55,26.913469411427016,3,10,0,8.8
30.929826268419873,55.74179511421369,69.68402932109299,28.43333478709901,2,4,0,5.0
23.752709326091598,42.1963685486681,44.45696710405915,4.264573315431164,2,9,0,28.4
20.910681593857092,55.580851561684334,65.28536974100071,35.751773284327946,2,2,0,5.0
30.76,66.64,56.32,21.70588475655984,3,2,0,16.0
29.44990631401085,62.2418935555934,54.32679083627505,43.61156015794531,0,2,0,5.0
27.177753810711025,59.15743655344355,68.23717007300944,5.111199358938602,1,4,0,11.6
22.356166020889816,80.70334979369036,63.57162319939274,14.26729234800729,3,5,0,8.8
39.41,63.5,41.68,21.402613698927293,0,5,0,23.2
21.827156764417122,35.43154946965447,12.737930449814192,34.292428245718625,2,4,0,23.2
34.28,52.14,44.07,45.35804789465294,0,9,0,5.0
26.56796682363938,66.36315355309513,32.75791418309605,31.567035958886837,1,3,0,19.0
25.625962697655698,86.78051464802775,34.244607360683325,35.166243907995884,1,6,0,11.7
29.186141239169608,64.03874286239147,67.63315747519772,42.23866463988209,3,8,0,5.0
32.81965160938967,55.81713198824434,55.35485183438105,31.296919274314163,1,5,0,8.4
34.62985944801506,66.10619469187202,52.39941286160616,19.658450684431866,0,1,0,18.6
26.712467723141483,53.05058799853066,47.504895311037274,24.147362924402824,2,10,0,12.3
26.09,69.65,41.82,41.5956251007791,2,1,0,6.2
26.0966707127641,59.92271149434695,38.567310555601026,45.39346269649037,0,8,0,5.0
29.735267545777333,49.00512070413888,26.302761323382406,36.13143371931628,2,9,0,17.1
25.472157176582865,66.17199974049475,46.9968813390471,23.83481837048821,1,3,0,17.6
23.74,54.65,41.61,47.442851917385575,3,8,0,5.2
27.855364716701764,57.19758672006297,54.18448810540983,3.805353152098541,0,5,0,23.4
28.34934108735974,60.64252975068962,21.09163271289073,46.84444778605831,1,5,0,16.5
24.581314894869468,61.723044243865886,41.78337938379188,34.41020068661063,2,1,0,9.7
27.369534384527217,52.97390247462378,60.230095167106064,45.707647718757904,3,2,0,5.0
32.49,58.66,46.52,27.143801558924814,2,9,0,14.1
43.177457790474534,38.722178172087126,42.8666793738495,31.573676876927262,3,3,0,17.2
37.976146074157334,71.25380925162914,45.3579836886516,47.87630900601445,3,6,0,7.4
28.346063534535155,57.16427084521585,54.83506673154312,5.258938611874216,0,5,0,22.9
23.179493244635697,49.703441747863124,39.42584247048897,28.840970115179708,3,2,0,14.3
42.92620625589278,63.94923463922512,76.99115436358943,12.916067479266284,2,1,0,11.8
24.76,56.88,20.0,42.48412496156348,1,5,0,14.7
34.89174722634254,78.34362037887998,41.67788751207025,16.016005603727905,0,9,0,23.8
25.58483810261687,62.33098966952482,41.58659548341366,35.22260575918287,2,1,0,8.1
28.749756097293126,52.33628213576778,45.38990771229142,19.799169988232762,0,4,0,16.1
24.25,54.71,65.01,9.583064739937713,3,8,0,13.0
32.06026495499644,68.91915042728562,48.801839310276364,40.36741866839689,0,4,0,5.1
34.413368944935975,59.28179038474836,59.627430465122096,33.57130928941222,2,6,0,6.9
22.322567316478125,57.99820466907455,39.47261933659743,30.072565600138272,0,7,0,11.1
27.678761587240796,53.41069636001832,50.98286033254236,37.43456652657125,1,0,0,5.2
32.49669057395895,55.1921871761964,57.183737468924775,31.43754671216896,3,9,0,6.9
29.171808185972466,61.48027156042872,53.53026427261873,34.34055432144314,2,8,0,6.1
36.3395067147354,74.55702619032428,60.4722875123059,35.561150232398525,3,9,0,5.0
38.80655758308675,73.83182167907569,42.218492363731684,31.327040792726333,0,9,0,16.6
25.381182020405806,51.476203001229344,66.37431630234438,46.114459719686025,3,0,0,5.0
33.74043874105822,79.8197429201876,54.37209560849437,36.177418483943775,0,4,0,7.8
22.85,55.1,29.09,32.173477948739546,3,5,0,17.8
42.62813031832478,77.00548643583367,65.05145526075071,26.069911934244125,2,5,0,10.6
24.98,62.27,48.83,36.720059465416746,1,3,0,5.0
25.21,65.01,49.34,4.931753644886927,1,9,0,25.3
29.19,60.94,42.0,31.926611642868473,3,5,0,11.9
30.850430443917773,61.54677268406811,41.674340672764885,33.82716384275659,2,3,0,18.2
23.94916375874554,34.465827378133476,41.26197131074567,36.313486933943544,1,5,0,9.1
24.518419360871096,67.50566949130976,48.433908476336335,5.15361663934918,2,3,0,22.9
30.54,67.81,51.69,26.548917336904452,1,3,0,8.1
32.1194003341993,65.77536166154962,69.95943566485602,5.743645344160575,0,9,0,16.2
29.528001171236696,65.98731877431173,56.09285328896538,38.054487510490155,0,4,0,5.0
31.729058185614072,72.35406493928994,46.69171628029104,19.83294355051403,2,3,0,18.8
30.731785064118625,67.20058632087637,76.03313055594299,43.49709978313528,2,4,0,5.0
26.8996154069207,54.63683024257253,62.82546419405803,24.602866406919293,1,3,0,9.2
26.717834438755254,57.306755158918264,69.67132092376853,4.094998610917863,1,6,0,13.8
27.39787599541198,54.82284131787001,69.02882930920376,39.83660417624116,1,1,0,5.0
29.108228399349674,49.86554829743198,25.12161315728194,36.63227929192078,1,9,0,18.8
24.786540754969046,60.73146354658829,44.5192999085538,26.797922092925027,2,9,0,12.6
34.04809378476434,61.6042292721983,49.32930958854882,33.066511321096684,0,8,0,9.1
27.868932019299518,58.341538915790935,69.50320591052883,5.176669169518007,1,4,0,16.3
25.061959787015933,61.90683382346206,46.640721897494416,37.844785614958106,2,5,0,8.1
26.234051040400907,56.247642079060405,52.65240647207925,29.62218761639931,0,4,0,10.1
36.792159619054814,70.06823994617079,61.21847927123529,4.858952108268744,1,2,0,23.1
23.931808871705755,67.26646173107868,73.54476137980161,37.24954878061815,0,8,0,5.0
27.5414728638647,57.64897572463093,70.0,10.065023033515896,1,6,0,12.3
26.90400214373029,51.72221298416375,44.97166488022476,7.504949448537908,1,9,0,24.9
22.01408924574213,66.16994066828846,26.94402699915143,42.05051541322447,1,1,0,10.0
22.133084828150302,35.701314328706026,51.95134423003486,46.797372113006034,2,3,0,5.0
24.584167239156244,34.22656530046696,69.06365314550453,45.30916465341516,0,4,0,5.0
31.658423497150558,67.7834690928418,75.26454589607029,6.612429037006349,2,0,0,7.9
26.256712873393756,63.3794094516639,77.84422824421672,9.09009525342517,1,1,0,8.2
28.89193369238354,51.61219435312819,58.34268949196702,48.1952426580389,1,2,0,5.0
25.457163393618636,54.906301538142856,66.06932204702514,29.040363721533325,1,3,0,5.0
34.058497920201866,70.45096985569047,44.38787772813962,34.71961460639588,0,0,0,10.0
27.25799536305014,51.097891321187326,48.472891604447966,46.13768113539327,4,2,0,5.0
23.41208748612885,55.81165038597032,31.1917234012396,47.34581333056451,1,0,0,9.5
25.09,67.19,40.04,43.66356369825861,2,0,0,5.0
22.752458729311254,55.38923920298761,67.87062345726419,23.728226037936828,0,4,0,5.0
29.413531795151798,57.16738531779015,51.1379968413304,46.38204956310336,1,5,0,5.0
25.18872859404786,59.62192367569097,54.601526486180624,49.26611794789227,0,1,0,5.0
28.884673676804443,60.35574281848831,46.79935058447951,12.246655338483176,3,2,0,18.1
30.999681590708512,64.60970533929232,47.9641777344834,47.22753161187519,3,1,0,5.0
23.103341699991102,60.91139489544328,43.576879888569486,47.82002949041793,1,1,0,5.0
29.28473922238677,59.06109311691491,43.67929268905506,38.44683398722831,4,7,0,12.6
33.94425862081913,65.89231715690453,55.91480165367754,19.218844982406576,0,6,0,20.4
33.35937712159324,73.12312570719774,52.97304272859283,21.142712853326287,2,9,0,13.8
21.84,58.1,32.37,40.457312729650546,2,10,0,8.4
37.99397904987009,63.87952902822359,57.46629033033925,29.30457848871599,1,4,0,13.2
25.018622681116113,60.65005775236732,47.026816113692796,37.89394339834959,3,5,0,5.0
41.682538143585596,81.0967802213503,58.96245603824251,47.90282998476803,3,5,0,5.0
25.90534609022813,51.68064409293059,77.14063242792524,45.7919047310975,2,2,0,5.0
39.19003761423417,66.98395330876022,48.996568094161205,33.85120104857126,0,1,0,9.9
24.404335849804824,51.90354213437427,46.751586830974546,22.57883805594636,2,0,0,14.3
39.321040704845615,59.77710110692736,69.45963779634491,23.317978288796613,2,6,0,8.5
28.003298037528793,65.00194241253614,69.0223215987122,34.113124712348046,0,8,0,5.0
28.86079383702767,52.3544412808037,61.15843987374948,45.24463237735452,3,2,0,5.0
27.11,57.8,49.87,16.01595756391706,1,7,0,15.6
27.14,52.85,56.68,46.27430633293686,4,9,0,5.0
28.18,56.88,55.26,36.4260919921925,3,1,0,5.0
37.406353384514624,69.69342637740384,60.784746862430254,3.9287167850461047,0,3,0,23.5
22.343003551883932,54.39628775628044,48.492188422036165,32.52697609623784,0,0,0,5.9
42.95589259265808,88.56764687579783,62.301538097178025,40.147831923435476,0,4,0,5.0
23.755435923507186,40.44684793302266,61.107025087853984,25.732482057385415,3,9,0,5.0
25.733162280437103,61.75032054526673,47.5660038863887,42.943298054699945,1,7,0,5.0
23.2,51.15,44.35,19.815290123404676,1,1,0,17.6
27.15544899471909,83.44658619649863,76.5412129909062,22.21822624630701,0,7,0,5.0
25.37,56.61,56.98,36.19823093745796,4,4,0,5.0
29.84,55.15,70.0,36.59756552672061,1,5,0,5.0
27.734786601082668,54.923332914865085,39.6772643510225,49.69020789025152,2,2,0,5.0
25.227034797974643,61.45076656902116,74.65978720309145,43.53958252751352,3,8,0,5.0
38.75461854811207,74.04772730555318,42.14935065872948,31.086779888713977,0,9,0,18.1
29.64542440036704,60.156889374410625,59.33216778762411,27.647349224745124,1,1,0,5.2
37.87310891925366,35.47589562572312,59.95854009204734,34.459888498196754,1,9,0,8.6
24.713917541089216,75.64220215263518,56.775955420943355,47.30818021976393,2,5,0,5.0
42.97092328126117,70.1528974815575,60.46412166200204,19.813932229381656,0,1,0,17.2
27.289612733716723,58.592783926292,54.24737839443146,27.46864323058681,1,1,0,7.4
29.077725847857792,60.823986531104985,46.73598421210911,48.57157956277153,1,4,0,5.0
38.248093906482524,67.98737563711461,65.17245571747326,38.714596730395144,2,2,0,5.0
29.579394019075238,58.934454968716494,43.51042883396927,41.155910357357385,1,1,0,10.7
40.30007089800332,62.370831211005175,50.810959615319156,35.02313465884271,2,1,0,10.1
21.17,57.9,50.89,5.735617726951431,0,1,0,18.6
27.446175637870716,65.26356706610946,55.4043454532438,48.61332323381079,0,7,0,5.0
24.490156454648677,51.44583224187372,46.9265935545777,22.779126893808474,2,0,0,11.3
28.46,63.35,51.28,40.33066305039698,4,3,0,5.0
42.97063016114988,84.08537099318949,64.9298959655516,43.26353516983634,1,3,0,5.0
43.58169930588195,85.5751051689832,49.74595657026684,39.92728894591548,1,1,0,10.9
36.32817329601515,77.8383946196573,57.74409605525397,42.53762806467015,2,4,0,5.0
39.213520111776155,58.981681282993485,70.59733236139631,34.226693692310626,3,7,0,5.0
37.0,62.94,55.83,39.52903205502143,2,7,0,6.9
32.87684755777533,55.929649116198696,41.732368371490196,31.756736871379267,3,5,0,15.8
25.276494797896934,47.84063419268953,58.20783659402562,35.86586154284475,3,5,0,5.0
31.30486184762219,80.05456179593082,69.34108181711117,19.254669516520167,0,5,0,5.0
24.027257426622047,51.48636184853518,42.38605100156964,43.66045750969502,0,9,0,5.0
41.229063683552155,68.63600117016523,75.98266156872751,36.44257298689343,4,1,0,5.0
26.01987021922612,55.06732247956733,61.32088286475245,11.93269195702332,0,7,0,16.5
32.485789083770115,68.1580315960455,41.52652286848768,32.46441514907192,2,3,0,14.2
23.3373646802387,58.69279657550432,50.29973858410458,48.23500825532374,1,8,0,5.0
31.174853808895282,68.1698826033948,69.35207915184633,37.141559585363154,0,2,0,5.0
26.282691705251292,48.108904590624746,66.12020328063866,39.261188639711285,0,4,0,5.0
42.61557465324349,81.0218321251175,58.90165456094195,48.69138973187953,3,4,0,5.0
24.397892842535235,51.92049832053232,66.3428278762693,24.92391753388962,3,0,0,5.0
37.45945912775335,72.66349852545615,64.44509094494394,17.42340897059373,0,8,0,14.2
27.23272379259296,63.118708633932265,27.622116676513734,37.87985888613125,2,1,0,17.6
28.095528781566756,56.804150601333546,40.83223126062757,46.32112005031151,2,3,0,5.7
34.643375699094165,70.45999721251725,57.03012988476525,40.771996024228066,0,2,0,5.0
35.03298359117084,64.33016785601608,43.690673669227095,18.66261758323148,1,4,0,20.5
35.16720717308229,73.44375908191255,48.632244694878786,42.05454864525744,1,6,0,5.4
32.675317832337896,64.37622093563357,49.52545115328493,30.778524275095727,1,9,0,9.1
30.479296242378442,35.55925057372148,69.64889976683979,29.196923930571707,1,8,0,5.0
39.80098156815436,62.02365234250918,65.2831439376029,26.8668507728,3,4,0,6.8
21.527479354534407,75.86158256583279,21.40539094122348,34.2052195977852,1,3,0,19.6
33.71406120496696,52.691095897722775,66.76383300066274,38.08396879198802,0,5,0,5.0
37.79543668105715,70.75653452458663,52.292367631883884,46.70142378339612,0,5,0,5.0
42.12021652629751,61.88785805676323,71.30989926230367,18.760749599746962,0,1,0,11.9
38.90689063256585,64.34289602754298,42.841920059020644,47.92731327381068,3,2,0,5.0
23.48285808097241,80.16562560059688,73.25788346074214,38.12681480904881,1,9,0,5.0
39.41,63.5,41.68,21.402613698927293,0,5,0,23.6
34.256706906162904,71.37448344072195,63.22268831350847,35.4056226845455,2,6,0,5.0
29.58269854746142,48.5501346340143,50.03712297784486,27.924838824565697,1,9,0,11.0
29.603712382844325,51.23862836994822,51.26675266251983,7.641777610741236,0,4,0,23.7
40.0,80.0,43.34,15.581953141615228,0,0,0,24.8
30.425094769305293,66.98958983148201,49.57687659426579,15.06905289956298,1,8,0,23.4
23.391509084010494,47.76791059696594,43.48798788798601,4.070644298740851,0,2,0,26.2
28.290369090347188,56.91872939721353,69.81864092235953,42.504802515152505,0,2,0,5.0
25.438118124346587,54.603731315079166,67.69386457633199,48.704385318717605,2,6,0,5.0
27.66946767870669,63.34257283287847,69.58407864119415,17.730229859220128,3,3,0,7.4
23.124488631348736,58.58036454804459,40.759529864815754,39.08705315071134,4,9,0,7.3
24.84,52.43,64.91,41.10112600446502,3,6,0,5.0
32.048950093566994,63.11007208229813,55.14055069689441,32.91758440733219,3,0,0,8.5
29.733427572550283,46.44904888807664,60.98462004668749,41.335093886184765,2,0,0,5.0
22.14110231642913,54.96264737349153,53.640586199129444,13.91882811998779,1,0,0,16.9
26.12013434102787,63.36594726382609,44.08675956147604,26.29494719734039,1,8,0,9.5
26.116874732163662,70.82529594539518,65.59179115871865,47.2925639068461,2,0,0,5.0
29.39,53.28,40.12,17.05948915983274,2,7,0,23.1
37.589278170200906,60.51078712237891,66.47494308952183,24.039613009796525,1,2,0,7.8
31.642304187921205,51.70287049392477,66.01934917306517,36.35926231966073,1,1,0,5.0
38.76616111173239,74.05683129939456,42.15195179982702,31.092801063199175,0,9,0,19.0
30.2,52.48,47.01,21.595536563196955,0,4,0,17.2
30.0332391862017,71.4056013500239,68.08381940501374,36.48601401123154,1,6,0,5.0
25.647525865742335,42.851055520472336,57.886230388054486,28.252706462635658,2,0,0,9.6
31.428105460164257,73.70774523681871,59.19932836111706,42.65576765545422,0,1,0,5.0
29.895209146725122,44.72401223019836,61.65223906458857,41.340222349467055,1,0,0,5.0
30.36202844160867,66.89751100837086,56.07809571940919,22.539082924859652,2,1,0,12.0
26.064332136566733,88.92027676670571,68.68332229520003,4.295712156466629,1,3,0,14.4
26.34,51.73,64.26,37.67103861064896,3,3,0,5.0
28.82364040871554,48.93547897584288,78.1915409450154,29.43070354620907,3,7,0,5.0
28.946826979100372,57.48969622197477,67.07900545977823,44.40922356613016,2,7,0,5.0
23.807866926566838,47.283071719774455,47.533131494704406,13.031871089203413,1,3,0,21.2
35.21980645128463,64.19342340198881,43.67378764118337,18.61864763467293,1,4,0,22.6
21.65126924585348,88.41032258972646,57.31639496507954,40.38168479400237,3,1,0,5.0
31.92373036354138,62.94582819905517,56.60362762493563,20.048462920142217,0,4,0,17.3
29.863409053154665,57.40991550277702,51.14563097886827,32.62468917112285,0,1,0,7.4
22.2980932249585,49.49827900770507,63.587266573663236,45.99345008244842,2,6,0,5.0
28.416301929419067,43.0746753022065,55.06287220399438,20.93899380869521,0,9,0,14.9
37.89889845927688,63.938637707808766,56.234025022978635,40.9092379743846,2,7,0,5.0
29.10323268892715,63.536114505678164,44.29154901765187,36.42138093073155,0,6,0,8.1
27.974897976945343,61.61113701482085,53.592259486002526,41.15928325959533,2,3,0,5.0
38.079749743586326,69.05303041050401,64.90201585448827,25.375907023158124,1,5,0,9.8
25.255523524213665,43.60150974868007,51.696963283222864,33.15557110445492,0,8,0,5.0
23.54,56.34,60.76,13.163368295995937,3,4,0,13.0
27.196527575245607,58.16168123111985,22.18853869390954,46.96487454416712,2,6,0,11.1
27.649015435781042,48.68506903983807,40.98744376196093,35.09992934260578,1,2,0,11.1
30.02692796990539,59.667870096218486,48.13407846050427,37.994479028180365,0,9,0,8.4
20.462206884740038,86.03535527655251,42.43663202010822,14.098927372527644,0,1,0,20.1
26.459893950241355,57.66834773752058,25.819723742188675,45.75210364484122,2,8,0,16.1
27.720283594075994,65.30380309637813,55.470986378376274,48.87934704391118,0,7,0,5.0
24.161676178852826,57.21274556947725,41.264355662273495,38.75849593453321,4,8,0,7.0
23.23399425335969,78.21242776309518,63.39743341540045,18.92283582228521,3,5,0,9.4
31.8672087248031,56.58019927475874,48.17675635955351,30.254830549513795,0,3,0,8.4
30.699578914213276,61.00741558550096,56.96065698170645,22.80831313610337,0,4,0,15.7
24.26316589402146,46.85131383500577,64.67258758288197,8.546867757930407,3,2,0,14.9
27.98,46.24,47.68,25.533314062371947,2,3,0,12.3
23.29777023758627,58.81408361843929,46.63711099308991,49.07820651277455,3,7,0,5.0
27.551840849246645,58.09767473216785,48.04509342986525,37.53279157238605,4,4,0,7.6
42.16519365107814,33.524620570081225,50.35813424052223,30.597198903841786,0,6,0,11.7
23.65580513251062,46.012456641301746,64.99529587335013,16.508041393486142,3,9,0,5.7
24.34,54.43,66.95,9.59905003120552,3,8,0,12.6
29.155590593449404,52.12792730532943,40.61123950277569,20.161716798976,3,2,0,19.7
21.860023850398786,59.332757856036366,52.07358257672569,5.000116182235612,0,1,0,19.9
25.817584890892313,38.66565360271482,78.12509661289792,28.30476571833878,2,2,0,5.0
25.29,59.98,64.0,42.76307300378471,3,6,0,5.0
26.011889635419017,43.61613422901705,65.5385811429805,38.726768104971626,0,0,0,5.0
29.22090310507063,54.90613902329461,41.936478935817384,35.44441486410254,1,5,0,6.8
23.489595322274074,58.02115223070377,30.09010288103833,32.766582520701135,0,0,0,16.9
21.899894357636132,74.44502320557764,78.92554051124165,27.854847101853956,1,5,0,5.0
30.228229352009418,60.89145670561353,48.87838765546815,37.1183081981906,0,8,0,7.5
40.38410432976235,53.4843374212186,44.87788250610871,25.13605228670917,2,5,0,22.4
34.67043114708734,68.68339430363943,69.9089626339155,41.704139346675355,2,0,0,5.0
29.339765494986395,51.98825558536446,40.11282364214091,18.77548059846577,2,8,0,22.8
34.34005045501657,81.5732305505198,62.13631030558251,16.577198394786095,1,6,0,15.5
36.03696613365104,73.68379728818981,58.13276038186013,36.23013438186293,2,3,0,7.6
28.27,69.62,65.41,19.85134496827552,4,1,0,5.0
24.118326111050308,50.23009209005422,68.40508667532383,4.33154643368621,2,1,0,15.6
30.96,67.1,48.43,46.14513605863402,2,1,0,5.0
32.272308259845886,54.887772522585024,62.32899069209082,39.04760454416256,2,1,0,5.0
40.96666074763415,59.6345258910382,69.34242591338845,24.139832499051327,2,6,0,9.4
28.794280765287958,59.653063308291664,61.27200786632037,21.57532748606407,1,8,0,5.5
40.81235347476753,59.83721827303145,75.30381520661258,31.113117078066498,3,8,0,5.1
40.0,63.63,40.65,34.2815731018306,1,4,0,18.7
26.208245622925013,59.931673988142975,45.01055418825384,38.05730454249355,0,0,0,10.1
35.29446361804327,52.04961678180982,62.59797286812291,43.25540077803843,0,3,0,5.0
26.485377595196983,59.55547164551179,54.963773164094256,48.72377719054624,0,2,0,5.0
24.885030720637182,89.19241261506103,24.619548280527322,39.81349040422684,1,8,0,12.9
28.65121322949282,68.90057051010294,52.54123784382381,7.509552079133872,2,2,0,23.4
23.21100595054288,44.58414681364879,52.8963040139352,16.60652199912792,1,0,0,14.2
23.045125604384666,50.38985333189832,62.103361418289346,26.860383418903236,3,6,0,5.0
31.4258208751656,60.87907349045195,70.0,29.61618684497049,0,8,0,5.0
36.904521888528635,57.36260985499343,46.793979382861274,37.27512844410127,0,0,0,9.5
30.208026768676824,69.64824769298748,51.90492145159972,42.344787252111416,0,1,0,5.0
25.71,51.75,70.0,29.335290848020612,0,10,0,5.0
28.45902587606662,31.54640277652104,48.85162521667041,33.9323221180137,0,5,0,8.8
21.263255165680366,48.76240447654337,63.44237536897717,45.90711422830082,3,5,0,5.0
33.46623527647748,71.44086772521,70.1239482621471,15.436736837441646,1,9,0,9.6
30.3,52.93,55.68,49.38732597227276,2,2,0,5.0
37.55617856483649,70.17619914503125,62.68008073273069,3.62799954241071,0,2,0,22.5
40.6622996753446,42.69799259169807,61.45736214953523,41.417644128034695,2,4,0,5.0
32.31642561490398,52.3654963870393,61.80434149017514,30.163539303839197,2,8,0,5.0
23.66184936907179,49.55947804251556,41.11126535778596,31.44955321252036,0,7,0,9.5
24.025112899956184,44.96729040105155,67.31479875492914,1.6237301903566794,2,8,0,18.9
30.03464708824759,50.58558527319254,63.82931609473377,6.6317661915625425,0,7,0,19.8
23.892897548367944,48.78324457830487,20.21541501842084,37.83031155585484,0,4,0,19.6
23.95777994432952,50.12903334955044,38.0441533565696,46.88454379890435,1,10,0,5.6
30.40169409709065,65.99649315575499,51.54172941156729,35.429079005439206,0,5,0,6.0
31.204752038770494,61.89427036033658,48.89379515645953,16.827777858649846,2,0,0,19.1
31.91898696677037,56.27515901659187,45.270443124198756,29.68779914399158,2,4,0,9.4
26.14293487295053,61.018497333832315,51.94085139567299,48.63321206502523,0,0,0,5.0
43.75134581092034,78.7241493474087,79.20385276605084,35.742868057765875,1,0,0,5.0
21.38586123649009,54.411039217621635,48.801897460073604,31.300750901810424,0,0,0,6.6
26.58,70.19,43.73,28.949892469816312,4,2,0,13.3
30.26357077960918,68.62218835176296,43.323214610195414,34.8867037151509,0,3,0,10.4
21.97,48.06,43.61,41.611838645883495,2,1,0,5.0
32.1290888541708,54.94960107406378,49.13706257872007,31.809449446523733,3,1,0,8.4
24.492430144554042,60.36498668158943,31.98219450521424,40.41872339216674,0,1,0,10.2
25.104470543633205,52.165577075070246,61.67371805004684,16.23596680186946,0,9,0,10.2
30.609627309227914,58.90297296886351,56.0458030652577,2.7007111099757544,2,3,0,23.7
35.907523795444014,67.63927982636051,60.98670090545113,45.67441940928947,1,9,0,5.0
30.812726951995117,66.71074497965276,68.54881890882515,37.29790731684909,0,1,0,5.0
36.38083284958515,67.07742437365589,45.6154198187264,42.35522671340456,2,0,0,8.7
44.037871553625614,44.6716212184202,68.79296210348912,42.1781315777738,0,3,0,5.0
28.220333683734903,56.92501005286359,55.355865567138025,36.40732174093589,2,0,0,5.0
26.21,55.82,40.52,14.784656707406214,0,4,0,20.5
31.21120319383038,70.99692372323013,56.976339254995516,24.280648530853735,1,6,0,10.3
29.01459871313179,61.85185758714304,53.29980947720456,34.58560479698052,3,8,0,5.0
24.34,54.43,66.95,9.59905003120552,3,8,0,9.9
23.634386396148976,52.85792150139653,58.060220443810785,1.9703788317827238,1,9,0,18.3
29.11434964503202,60.54793344159774,40.923023098699666,29.203280441382873,1,5,0,14.3
24.845550216889805,76.11658423942657,36.44898325049641,33.205692628965295,3,0,0,13.1
29.31652764857205,53.31177005019406,14.160140479492785,33.24421205348518,2,5,0,22.9
24.37003563466953,77.32625274819976,56.64010157017226,26.811929791201745,3,5,0,6.3
39.26968061396931,71.0623459639091,57.048500956122886,26.08088048029553,1,3,0,12.7
26.95,62.85,63.53,11.307573807071696,1,5,0,16.0
28.39584069913313,53.63789734831207,40.51766372034675,16.168837166727698,0,8,0,23.1
32.187237603835165,57.2923701233211,49.266358796793206,21.97279581543371,2,9,0,17.1
35.85197477323074,65.45208977303642,42.227680227352224,42.835282178296836,2,3,0,6.0
36.939074047135556,63.41416285055375,55.8141062731658,40.21610934083464,2,7,0,6.9
27.601834192024512,62.26592486243168,55.413395794991864,39.7129135403276,1,0,0,5.0
44.311952467287476,86.93007930611499,65.49635815940555,27.042359381872362,1,2,0,9.9
35.29833692034543,69.20272135725241,53.95066953627634,19.499593902516896,0,2,0,15.8
35.00102655604291,52.95519918573683,42.70946118376459,38.03325973315573,4,5,0,12.7
29.694231177449623,58.93839813294307,61.42945059346963,20.276834423950103,1,1,0,8.9
27.347133162453265,61.883742603027706,44.225503423252036,49.42229572952783,4,8,0,5.0
24.625445961888403,54.246302366146,54.11159478448071,9.5450604265965,2,4,0,15.5
34.40186311325142,62.8846136765261,52.97487299816674,34.167310220800914,3,4,0,6.1
38.176897661198126,67.04821571641813,57.91773259779273,33.24084016947793,1,8,0,11.3
33.49069140156983,57.10231587616497,63.365850345604066,3.4186794180047784,0,7,0,22.0
28.028059763372813,64.26950974979428,66.87711516252192,1.196629601224796,0,2,0,18.8
28.11,45.22,66.38,38.93117876193479,3,3,0,5.0
25.483846176319577,40.42646963836574,67.7242940134822,43.57027629054406,0,4,0,5.0
28.04455065021448,54.88033799238138,62.40420449321035,25.159448360205182,1,2,0,8.9
25.494437308212586,54.417660529748375,46.98234726484165,35.482327034222784,3,9,0,6.6
28.1971357879638,76.2429115344496,55.75250647863965,47.32478232522075,2,3,0,5.0
35.97,67.11,42.9,38.866051659541,1,2,0,10.0
22.156534681461217,85.16449934275565,15.81414908636543,38.14889625459754,1,1,0,21.2
26.08611850533513,58.99114873220525,53.31808947953768,44.13234079224027,2,5,0,5.0
30.262893374756963,64.15809631650328,64.34375603883122,38.2260695964174,2,3,0,5.0
27.635718889171944,58.08366857864142,46.24161059996434,32.73180208452548,0,5,0,8.4
41.65263548980173,66.2289535753285,56.16710913172882,48.9815448637793,1,4,0,5.0
23.38733249994354,60.99358453581655,13.722132615898307,37.31910441928824,1,3,0,20.8
34.04693995156099,61.07152789131147,59.46866722186912,44.26851386889869,1,6,0,5.0
24.16974501482471,33.090389359877655,64.16775521217176,32.19726668168896,2,6,0,5.0
30.875730801797094,57.22566461910059,46.708849972078646,30.078097955756988,1,5,0,12.1
26.89,51.17,70.0,46.57927514803878,1,8,0,5.0
21.57677294791719,51.48734934903503,33.93774327008873,32.73635932321312,0,0,0,14.8
25.8307272000574,51.917920210409584,61.746964334061744,26.617645431307853,1,1,0,5.9
24.7013313357441,68.56850300534018,50.06708652652319,5.181583114806492,1,1,0,22.9
34.67910096534139,68.55595788991141,60.9087647138132,46.41196498117473,1,9,0,5.0
33.842107119369814,59.84838065634343,41.71550839858738,44.19689750499331,3,9,0,5.0
30.38,63.18,56.23,27.444108432998494,2,9,0,14.0
29.70856305151315,57.41700480463015,42.59176485611447,42.765986506309105,1,1,0,6.1
28.622601998086353,68.54876024332904,72.10046475657549,47.01756065418192,3,5,0,5.0
23.180503799408495,47.57250981537076,62.59561878618089,10.603950738519318,2,3,0,12.7
40.00499246307722,63.7234670913412,49.61653717013524,34.18883167999957,1,0,0,10.2
38.281692818847006,73.6921260822877,60.00319242607033,38.10408187841521,1,8,0,5.0
22.709329809558852,73.84063244456766,21.846480439989694,34.78864802258666,1,0,0,17.4
25.975781287292662,48.97839789152593,52.07424506863316,43.39981282429465,1,2,0,5.0
32.279484906977686,62.11538488100261,66.18525639549986,11.185278138932064,0,2,0,14.8
32.416268511454106,58.401892347476455,62.74710605661133,30.37199663421466,3,1,0,10.1
33.60512313503291,65.42050373206908,61.915279850622355,48.46256211988458,2,5,0,5.0
24.94,50.42,55.75,1.496777695265139,3,9,0,24.8
22.980502377866543,62.780353171195536,59.91619752985124,49.02417643461039,4,2,0,5.0
27.813096216213168,86.63562654959702,75.32279748498448,47.624774562901514,1,7,0,5.0
26.886424189442813,54.63455589473152,62.823644715785214,24.590257437420885,1,3,0,5.0
29.54349874539204,59.64082510463732,48.566798325802935,37.89067292943304,0,9,0,6.6
22.361522392501453,61.90168437808868,30.569663124382263,23.55393889164275,2,1,0,22.4
23.78996694167726,55.45742881148367,46.61061027865976,32.65478139674912,1,9,0,7.8
22.6,60.21,36.97,35.347061156424985,4,10,0,9.1
34.0647981972001,52.227090465649226,43.92232486259479,45.362417592681204,0,8,0,6.3
23.53942393506077,56.344451884430825,62.656262094787735,45.77665143464764,3,3,0,5.0
26.76928035221526,66.63482324279916,38.16543424797693,34.18182992629608,1,9,0,13.8
28.57793037831961,64.61576480858518,45.82151081261775,9.594065578726578,1,0,0,23.7
38.33289378818253,55.46540167003803,51.231329432260864,30.307875143157137,3,3,0,14.6
29.43995305472626,65.96649312248097,44.88671142164667,18.107750226326548,2,2,0,19.2
37.39,69.61,67.14,17.002579484309216,3,4,0,10.8
36.62703340596972,73.761474611167,48.31602903298605,32.61855902137709,0,9,0,9.6
24.811412979386265,42.636183595309326,70.56346976242564,41.49872703877061,3,3,0,5.0
26.319650304613944,46.872883037013054,74.3902625391171,44.32666858635197,3,1,0,5.0
30.761015505865856,68.04730280329895,77.43611867863875,43.210942411592654,1,3,0,5.0
22.6,60.21,36.97,35.347061156424985,4,10,0,12.6
37.998235452367325,71.39661814653437,51.214999159298586,45.508410783058885,0,2,0,5.0
21.06588965242806,32.40028689196715,42.703881481182314,31.1288772454357,3,4,0,13.7
29.098174996212702,63.59187474948634,53.80099028243736,35.966212919211,3,9,0,5.0
38.13183557998288,61.11401088461375,53.30838355080572,37.905137213890775,1,10,0,5.0
25.52506677592688,60.19202536161973,44.16483960545063,27.07167731916034,2,9,0,11.9
26.40117605916565,52.0093006869489,30.820553439607362,33.65888333537004,2,1,0,18.4
27.84066115329232,48.81121005768018,52.31126955015686,45.25784331963549,0,3,0,5.0
23.52091008788086,32.270698055496,69.24253399104218,41.895216785314744,0,2,0,5.0
25.374882097127266,46.56730894988979,59.10262983687992,38.958176700862666,3,4,0,5.0
35.098527499175724,52.799730796606084,64.80366250495172,41.8644356923897,2,7,0,5.0
29.25196990809508,58.737699219910446,49.11220451378574,18.045385854798074,1,9,0,18.0
24.617281681743812,53.61569737505471,45.13826255969029,30.30612827909138,1,4,0,7.0
32.176659708812025,60.265834242521336,70.0,34.963371221393714,3,0,0,5.0
24.64857594504074,75.89780594594224,44.42943753635822,15.315406873859823,2,4,0,17.3
33.113466742055174,54.947859104318724,45.959002399348115,20.752271848778815,0,4,0,18.0
37.999341998867045,67.31425748959593,54.50815416402018,26.174602601645898,0,9,0,12.4
36.46,63.12,40.28,31.957784321230175,0,7,0,15.2
28.396165947073033,58.81996424728422,43.732367646861846,39.13084941271877,3,7,0,5.6
31.090891644437356,63.482289174127764,43.06565301041474,38.726641355048784,0,6,0,10.8
20.7,52.06,31.55,34.372435485649774,3,1,0,14.7
25.99,48.98,52.04,43.426403811133106,1,2,0,5.0
30.67963844428575,58.55726925952375,48.63868413616688,37.782213903972064,3,3,0,5.1
22.533049721569654,35.41905032098893,72.33408489500582,48.21702037995387,2,8,0,5.0
29.592309980874965,80.48886051006205,70.94315402516605,42.590404293588406,1,6,0,5.0
32.29686384559705,57.1586261083716,48.2599898974191,21.778102434246783,2,9,0,15.2
31.734220901079453,60.77009109943039,49.01212741888867,16.06161241543254,2,9,0,19.4
42.67077590575604,88.09355222890937,55.9562471281554,41.628075498816415,1,2,0,5.0
26.505557150652947,58.66598174488631,40.76213732704336,15.151169841155049,1,4,0,25.0
22.81971984087114,54.749589712312144,55.56192014360871,29.621375700739712,1,8,0,5.0
34.97877436891846,78.37572484594664,55.90000864498008,33.64558054194522,0,2,0,7.1
36.39982805438377,66.61446337287235,54.50169106556148,48.71112563986076,0,2,0,5.0
34.53257978724767,45.961465712262324,72.45386368250544,33.771897450179274,3,5,0,5.0
35.10749785171149,43.59001582416636,57.526325051190746,46.821735847626556,1,4,0,5.0
24.68,55.24,24.69,28.49067746360244,2,4,0,20.2
24.84,52.43,64.91,41.10112600446502,3,6,0,5.0
28.622528682410177,70.04129078149215,48.25177938587989,35.7600874312945,2,4,0,8.9
26.796812679911454,50.817594315773846,74.07759710412411,44.01246754118264,2,3,0,5.0
29.021458717591152,57.534681146969675,41.775250997073464,24.19666041183255,0,10,0,16.0
33.852087211666046,51.441138479090576,45.020550384445265,37.73042923931249,3,3,0,9.5
27.77488480585194,57.11718461764346,54.71884839222076,30.194169461907634,2,8,0,9.5
29.737655682337085,67.57491347991012,41.78754326004494,29.570887480913058,2,10,0,11.0
27.51467169519117,47.71823815803307,47.18613174100445,39.29208604912021,1,4,0,6.6
21.768848334969615,52.88353888104216,33.31973248904804,32.99343876228756,0,0,0,16.1
36.36,66.52,63.86,25.132280961453436,2,8,0,10.6
25.5482985110117,48.949529412840654,64.76463740052256,36.561097582490426,1,7,0,5.0
27.36888610449636,53.94941146416674,42.57971404473638,0.5229461644429921,3,3,0,30.6
29.62194565905746,60.63073306265857,58.96077678872707,28.184394671038206,1,1,0,7.6
27.682538192640756,41.716681241317275,77.54639735981195,24.192223075479507,2,0,0,5.0
21.75827890465026,44.65073712011884,54.61408765974457,30.179392589985902,1,6,0,5.0
34.89480518002715,66.06365094653545,69.85336878395682,8.119258704028205,1,0,0,14.8
29.0732312903616,46.654862126708885,67.86913659995503,27.590543863833066,1,10,0,5.0
36.970123457466144,74.27881564610236,62.376882660655234,38.18065362659787,1,9,0,5.0
29.13082923609406,53.12808415538241,64.80587767533274,26.59221976713862,1,10,0,6.7
33.213632079707175,58.09288085627772,44.384039461126044,38.82669074902495,3,6,0,14.0
35.753988740520356,74.39179483020827,56.34372393669685,30.803194690528862,2,0,0,10.5
29.844653211663253,60.067928641979556,45.44293544877149,37.447828727296454,2,1,0,7.9
28.67,61.38,48.54,5.81391235872239,0,3,0,27.4
32.25,63.55,56.37,25.88852402077561,2,5,0,10.5
34.0787182254515,59.679630024952,41.880322232496496,35.86095758750075,2,2,0,12.0
29.435534064774846,59.600590321454824,42.7362665336773,18.58715059712755,1,0,0,22.3
21.32390869874917,73.72197108814886,46.844666552555815,29.002466819876588,2,9,0,12.2
29.25,62.0,55.15,39.05135618115976,1,0,0,5.0
22.45656232643835,72.3731062623869,29.864463421124494,17.132073054501213,0,9,0,25.3
25.6119809722748,43.75314215276113,42.21685354163735,47.808954323170255,1,3,0,5.0
35.96,58.63,40.76,36.3837503857744,3,7,0,12.8
26.89,51.17,70.0,46.57927514803878,1,8,0,5.0
24.750826737828824,62.04262828113741,38.11124422865946,19.819425942940004,1,10,0,19.0
24.2125774547412,73.16350915094179,74.67018887345138,3.2558762249512396,3,0,0,13.6
25.72593118749228,54.81996395013011,61.21647829063934,12.229718861432252,0,7,0,14.6
27.09674233483489,81.198120600984,53.4636302317627,45.4269259307106,3,8,0,5.0
34.19834143140947,60.244773042041764,62.21497570577159,41.80511476822103,1,5,0,5.0
27.17083326516922,56.06654641974106,76.74895250077891,17.082230677751657,1,0,0,5.0
31.736865431774945,42.57421859755032,54.41866379029227,21.931218823514403,1,9,0,16.3
28.90974058787687,66.06738447274577,56.349741160699686,47.2466923754966,0,7,0,5.0
33.269984659784214,64.61862183213758,51.32709026211731,40.185789428863515,2,8,0,5.0
26.90252466937844,61.571231855930286,39.82041794757704,33.02897985531634,2,0,0,9.3
30.281374149061822,50.45391589332869,62.74649103300904,4.463544230247098,0,5,0,20.2
39.30684784039185,57.667480716473015,45.50963429541451,34.34681428337981,2,3,0,13.2
32.72215703584099,70.05093627495025,61.39550954603954,32.85414725467614,2,8,0,6.8
25.88610967913479,58.78613228708631,47.21219375949817,15.854197867025063,1,3,0,21.6
34.4406970110325,52.4412130386689,60.5301062722101,30.295116716787692,2,8,0,5.0
25.19357826238929,68.85746262699332,11.078540986744056,34.259076706554964,0,5,0,23.0
30.39,67.13,49.2,49.139593559782355,4,0,0,5.0
30.008378415352638,53.97598719342849,45.4354227098931,32.59592110985105,0,2,0,10.9
31.931858062162394,67.42464515540598,55.09908130162051,22.692750076052334,1,2,0,11.9
30.24030015092698,55.96079266036727,47.75518766039666,42.83165805897763,1,8,0,5.0
27.984592207196755,37.457127238836456,63.06975690755469,46.67900517720744,2,5,0,5.0
30.330301875611536,52.385220138209405,43.31414301576254,41.30422526710385,1,6,0,7.4
32.2353626816786,57.062976485841034,51.45892346093484,38.96161750634918,2,8,0,6.8
24.570315949512327,71.68682056298456,14.047344653169652,48.44390711157636,2,1,0,16.2
26.984640884601703,66.43388417463501,38.14235990522124,34.00918424065632,1,9,0,10.7
34.31622403054521,60.7624991052789,53.51386864071732,39.50702665880729,1,0,0,5.0
37.165049160383994,54.9851561067222,61.8777757044857,22.40212117458356,2,5,0,12.3
39.67917705929476,66.83643281562208,69.81902594062437,9.29591765936462,3,9,0,18.6
22.98114068933183,45.05538752964919,24.588088460863066,47.654869182839356,1,0,0,10.8
25.69643890979742,57.84441375438832,65.13961127627203,35.71354557961444,0,9,0,5.0
30.65450469977958,77.85603823399009,44.733355991779334,45.63924643771029,2,8,0,5.0
29.17352742420348,60.554204969021214,20.0183727389573,46.48750825518951,0,2,0,14.0
24.737900592601513,46.80329258024137,44.56148111111626,21.17541477390271,0,5,0,16.8
28.42498001504936,57.86119909703849,56.59195852516286,39.59499954592055,1,5,0,5.0
25.064096964644733,53.69854337551211,41.83033031187171,34.736807572702546,2,3,0,11.9
21.541634133416082,46.09439162315145,43.50074084450306,9.113191307390682,2,7,0,23.4
32.35987960843429,57.77430380540371,51.45139238919258,38.52692332515848,3,9,0,9.4
22.496083184094328,72.34840150155095,29.79079647258468,16.90826369137849,0,9,0,23.8
25.76104318872082,48.88191234448763,59.43252263699706,41.21666243654954,4,9,0,5.0
36.649063517816465,64.72504203716986,62.200661782523625,31.721654796254548,1,4,0,5.0
28.363832488085354,56.86996680500663,52.45534296399313,28.234720398638164,0,1,0,11.6
23.296095439628697,85.56173129516316,68.59521467736094,43.11854586615022,1,6,0,5.0
34.379682573199105,53.43915216892357,45.839591343978505,46.381108123282004,0,2,0,6.9
25.65757939849401,58.45889489819929,42.198340026341164,41.20655978835998,0,5,0,5.0
27.042444381297894,62.23833787754933,64.37827328881501,39.462057833187586,0,4,0,5.0
24.332794979641765,85.1043378203971,51.477484278038496,10.524213050680153,1,0,0,19.6
21.18,47.08,48.85,47.927150016309724,4,6,0,5.0
39.10569375895202,61.24609232278876,52.337177068413304,35.046827996318896,2,3,0,7.8
23.832885744445413,54.92025399252418,41.638856622828264,8.808784399797254,1,2,0,26.1
40.16310485208694,78.88638071421846,69.31318673477077,43.70816650017246,2,2,0,5.0
27.99820842971903,62.51877517349425,52.17587564634509,40.68171097268148,3,5,0,5.0
25.1572445762794,49.04956403886978,50.45203327408213,21.328789773720036,1,6,0,14.3
30.090600649195384,50.44676058811919,46.78614473943925,48.12940274839145,1,7,0,5.0
33.239406537927685,56.07742630983607,45.611805083801464,30.581039129572172,3,4,0,12.1
33.00717556356804,55.436030369651895,63.33437659152426,45.72215976489028,0,3,0,5.0
24.130237564342927,55.096598660452955,55.88047506414422,44.22806019409682,3,4,0,5.0
33.28535023838196,80.6707621469255,40.890208446001616,37.17588292825317,3,9,0,9.2
24.79,54.34,46.13,30.412995062145765,1,5,0,8.7
26.777618210798774,58.047032352429135,23.59960181625677,47.20504406954648,2,6,0,13.4
28.805284733523127,62.05377363519633,63.85467482836655,8.552902376796293,3,6,0,14.6
26.78750528867043,50.91198048191867,69.97675614723589,17.24071077593595,1,5,0,11.5
28.212095301174553,57.29191132610673,46.015677778500525,23.96869480391469,1,8,0,14.6
40.67755313060145,89.06678655576509,72.31423250106477,34.697642803756736,1,7,0,5.0
31.954385300991202,56.72528765428003,62.88284375966842,16.53591491079188,0,5,0,13.9
28.787042102856923,51.46509553856506,58.60844102086333,48.05701961924194,1,3,0,5.0
21.70928715026917,61.343403614753385,28.805281109326344,31.511374969527708,1,3,0,13.5
29.386651842572412,53.19390452329061,40.11952169179606,17.17386093436062,2,7,0,23.6
38.19626389359653,69.44715531316012,72.78116291681914,26.158649235750342,1,5,0,5.0
26.461283112332204,54.586428401908954,45.24455129102179,34.294105064589026,3,1,0,10.6
25.079108629054822,47.00040913804702,42.850170554652664,19.142368577706755,0,5,0,15.9
28.617397994444413,64.73438350046297,65.23165911069958,38.35095865763381,3,3,0,5.0
21.999364126838287,43.28101888588,54.99437473859753,30.350402641999576,0,8,0,6.8
28.14055649482059,51.25335630055333,44.28822716304829,38.61404764792005,1,1,0,6.4
30.746067283387376,68.75525737868342,67.44872336217,35.15481793352067,2,8,0,5.0
21.84,58.1,32.37,40.457312729650546,2,10,0,10.5
22.12,53.06,40.13,13.761578922781265,2,7,0,22.6
27.09808492092891,53.25295385033978,47.655561443589995,42.91756149394952,1,0,0,5.0
33.53813364398044,61.50733727613697,58.186123175599455,44.29509691908427,1,6,0,5.0
21.413848408095337,58.57984089246951,21.089130072857184,45.006860430495074,1,6,0,12.5
37.58564658094749,32.39644117774516,46.58474954197756,43.50338664623143,2,5,0,8.0
21.56161433453872,45.73097155876992,42.424850398732886,41.57974114751493,1,5,0,5.5
25.52,48.3,60.18,40.19893069372462,4,10,0,5.0
29.5981778889483,69.30404607475373,40.93228882404541,21.016800270573366,2,4,0,22.8
31.78155738137795,67.4123970444565,55.07419831539274,22.388743820485264,1,2,0,13.2
28.95891811753419,51.702600794956936,68.86381291845788,32.77944085839258,0,0,0,5.0
29.072357799220438,52.27205858123238,46.32572108645712,37.102786041126045,2,7,0,6.1
27.029345584135182,50.37902268855195,43.460462029138725,37.507194921861434,2,3,0,8.1
22.6,60.21,36.97,35.347061156424985,4,10,0,12.5
25.630176368467655,56.74369248087607,51.860374470300854,27.23120808872097,2,9,0,8.8
22.12,53.06,40.13,13.761578922781265,2,7,0,21.9
37.94683078238535,70.1882004525578,42.78949867256206,30.865105530016244,1,9,0,18.2
35.161920732032094,67.97302590838214,47.95571266693231,40.91857089137466,1,0,0,7.1
22.879327981064502,39.67289057384366,45.7843932430737,16.772531940214723,3,8,0,14.1
25.056048065650494,57.08417107975896,55.447903868699015,17.80697416267614,1,9,0,14.9
43.16602730409031,76.82143261035114,49.829158262570274,21.782578476092375,1,7,0,19.7
38.32181919081821,63.804429084041644,57.610713299919915,29.511325680505735,1,4,0,13.2
28.242047031016956,61.06010630130257,58.62886616034298,24.96824862738467,2,9,0,6.7
21.216546468060823,49.87642775710785,63.36572242892149,45.095796145803625,2,5,0,5.0
27.74,59.78,39.31,41.48996016497451,0,7,0,9.8
21.273308456361914,87.20119386551896,32.90946009270642,21.9200932495865,1,6,0,18.5
24.569314789507175,46.7596604182035,50.67776635585587,33.002799165609815,4,5,0,8.6
28.36715898716807,54.08966365857673,52.552972210458684,37.64146238515824,1,0,0,5.0
35.29784352091009,61.914284747275744,59.46883657648939,37.59916404192767,1,2,0,5.0
24.85192676809809,76.06402927128589,43.53589794384095,37.466541412283995,1,9,0,8.2
22.167520300905515,59.861222999451435,55.514733044087386,39.749558008051906,0,7,0,5.0
36.09086121340987,68.14187101742945,61.97768321074143,32.753020408302575,3,1,0,5.9
27.954502123423286,43.696266018410924,46.989396885645846,31.633868554514578,0,9,0,8.5
39.93453361447838,52.603029367591965,65.48329569669626,25.80691380064922,2,9,0,8.6
28.848146865861345,36.186799342860986,69.364676111877,28.387008958022577,1,8,0,9.0
28.100993100422382,63.92381781842441,40.45381781842441,22.616934149193053,2,6,0,15.6
40.0300551965878,54.83278941233833,62.00094178076921,23.206562737972565,1,6,0,16.5
23.583952886339787,61.092901032371444,22.628064505856777,37.63249652902168,2,7,0,17.7
38.22,70.16,57.22,26.09486396502369,1,3,0,12.3
29.874801422011735,61.875595733964786,69.53376881647277,22.525647737689543,1,8,0,5.0
33.327959546198414,60.053878638595236,51.96550091940458,35.88405640330277,3,3,0,5.7
31.482369341629635,58.65100723139713,42.25045478019098,48.69007890468225,0,8,0,5.7
27.12174120123832,43.1217636283149,43.94445187072546,32.00861743670443,2,5,0,9.6
35.72613218404514,71.66893130387288,50.67130278378022,44.2567461604608,1,0,0,5.0
31.9485367219033,63.077452609924734,54.5601066362036,25.39065619029087,0,9,0,11.8
39.035277493991934,45.07384451087984,73.37735282400418,42.27798923835805,3,4,0,5.0
37.0,62.94,55.83,39.52903205502143,2,7,0,5.0
28.774991770661543,72.75700158813018,49.39200738797606,16.111208567292383,2,9,0,17.5
28.055285876949572,57.049912482650996,54.59051925061184,4.1036260305864705,0,5,0,22.2
36.54115725367224,67.3087632022197,60.802799378467824,45.795099774789215,1,9,0,5.0
24.068491156502294,51.434369146828296,65.65852497158997,5.39548976814193,2,2,0,14.6
23.380231189403048,53.35322151038824,47.39341492799827,37.7937995994185,2,9,0,7.6
25.0,43.01,70.0,41.204017752293545,4,3,0,5.0
27.52,52.93,58.25,41.760262255992885,1,6,0,5.0
31.223010094909466,62.2033549624553,68.75037031156883,17.6695303743641,2,4,0,12.4
34.08075131175557,72.6130522072468,73.75820771136347,16.29429052053102,0,9,0,9.9
40.93497934070687,63.54150998383905,44.561922991003044,45.54602369638556,2,3,0,7.7
23.85921768931995,54.729520235052505,35.74005907307164,40.36858486351598,0,8,0,10.1
22.67372030259369,46.531141706011496,33.053846057125206,45.94429633622038,1,7,0,6.8
31.91,46.26,41.51,32.796387726163665,0,7,0,16.3
27.12685664008828,53.27393067040876,47.55382686880316,42.98937572876155,1,0,0,5.0
21.49813985848688,82.95862653671495,73.34839505483532,17.494093768278578,2,7,0,5.0
24.152184692242244,60.00299294889106,51.21686477532554,9.135166814886514,2,7,0,19.3
37.14899151004118,64.96522980061488,41.86837508346026,45.301577543284985,1,6,0,7.5
27.60743297555897,71.90180061999806,43.38991072889107,48.754115930478115,1,0,0,5.0
26.265812003667293,52.74957118406533,47.610519326082674,25.245492813779165,3,2,0,14.7
20.092019054316243,52.876469050345406,69.5471945337529,35.68657515547089,3,7,0,5.0
28.62137217793757,66.42391258338434,56.39211390452876,36.9231513174899,1,2,0,5.0
25.012493824292996,36.17254795511047,77.86041740169829,1.004661725785032,2,3,0,11.0
23.921991418918427,52.109867876267394,25.774083634390806,48.227952285789534,3,2,0,11.7
28.18,56.88,55.26,36.4260919921925,3,1,0,5.0
32.1,65.89,70.0,5.7434419760815425,1,10,0,17.4
28.106727069521988,67.85356583369504,70.5788372767858,31.459329463616594,2,1,0,5.0
23.187066792486057,54.47957372398048,56.59875400985455,43.50357930275717,3,3,0,5.0
26.030729507753577,54.28113712109024,56.62294660398756,39.63795420206996,4,2,0,5.0
32.030123019462536,50.51856038480313,49.689470591091684,42.52058763201719,3,7,0,5.0
27.530991053496688,38.51028894573021,77.66191385841363,35.54024624047764,1,7,0,5.0
37.92242414003765,72.05021568618892,46.57586718534299,47.85299764065903,2,6,0,5.0
23.153587565571094,59.18698650519218,42.16576679316991,20.552381960672072,3,3,0,21.4
26.232292698787035,54.68621458564074,53.91698897890195,46.363461915761235,0,3,0,5.0
32.10695074737315,53.15652354673992,46.62099896062455,22.08646154017071,0,4,0,17.6
28.758553766045615,61.520730844332235,48.76516334796587,24.934356218634406,0,7,0,14.1
29.25,62.0,55.15,39.05135618115976,1,0,0,5.0
31.484039359917748,66.97327905213592,48.842456655697326,15.891041628612664,0,9,0,20.1
34.324586777492286,59.33362274840046,59.836812686607786,33.484827512967314,2,6,0,5.0
28.660935931083596,57.00895503927906,53.405485325535956,45.87107401849972,2,1,0,5.0
21.728551404620607,75.59305215341747,43.59898502831558,45.62778997977742,0,7,0,5.0
30.654143011561555,67.09407253898375,48.480976164739744,45.99148900688283,2,1,0,5.0
32.28649164958782,79.91233396725428,60.111857058410294,26.14599710174119,2,0,0,5.9
30.7647350883246,48.779116961081996,54.081056499754666,41.62803408265789,2,4,0,5.0
25.0,43.01,70.0,41.204017752293545,4,3,0,5.0
42.181378544408986,53.835598898873556,62.78455142354195,18.379294753580957,1,3,0,17.7
31.21364892223439,56.65882460725493,45.61117382890171,29.55300132196886,1,4,0,11.5
26.055067274830364,87.52285951309808,74.60804710259427,22.528694353374902,2,0,0,5.0
24.37144811957506,50.71840619774226,41.03134791082864,18.72530336121255,2,1,0,21.2
36.539832204295124,67.74528590343714,43.30042263004522,40.21878925292798,1,2,0,10.3
25.516654958264187,52.81909569889193,42.89856452815338,34.61101921069731,2,3,0,7.3
28.950592441760055,51.57396052259856,48.19392919369621,7.3068128937672325,1,4,0,25.0
34.18,74.74,50.05,49.569573554489146,3,3,0,5.0
27.661688794607365,54.510966366829045,68.18509474000227,17.96685069210763,0,2,0,6.4
23.75979603215969,47.07451632125939,34.18800554612408,47.52016601424085,1,6,0,7.3
30.453553534564016,48.865297973632465,54.29332678940671,41.373094425785276,2,3,0,5.0
31.088679351246068,62.1187968667636,63.088679351246064,17.494916274685508,3,1,0,10.8
22.882024459546088,44.99229584239799,24.79136256269034,47.91509647209923,2,0,0,10.2
24.03497262035784,48.10699336160094,58.528941346853195,37.571786298957605,3,4,0,5.0
29.8776029170333,54.76168681862563,57.33277644483552,13.745345232497566,1,3,0,17.2
33.271513317943736,59.884539953831215,51.966783788228554,35.93159003456763,3,3,0,5.6
22.294963620071172,49.9006269038672,59.04221897330333,38.869738244611604,4,5,0,5.0
38.72871582599393,68.36658881907348,61.3455151840054,48.805036598793116,2,2,0,5.0
23.35415533242575,55.070363543387394,69.10621075399582,8.042624672849438,2,1,0,9.0
34.64922091887439,65.94162218956768,52.299038920572244,19.60627575885107,0,1,0,14.3
34.77,69.36,44.88,34.08676840136529,1,2,0,10.8
25.833775454281408,44.09587020702815,50.60337802687713,33.02868195007515,0,8,0,7.5
26.32593577548557,62.87573460719647,61.9794899164126,12.434179265810101,2,5,0,18.3
28.174710936778695,78.33882670605516,58.429292668809246,21.491255040927346,2,0,0,9.0
31.817800052302378,51.15838082344223,70.96896727773785,27.704616279120742,1,0,0,5.0
37.638381428625934,62.759282730264914,56.022175708373865,45.438218085922784,3,2,0,5.0
23.674522128595964,54.09821300367499,41.48728583334529,8.14566016898267,1,3,0,26.5
21.97379736472032,48.0558642562452,43.611861084689664,41.6080584478715,2,1,0,5.0
26.09,69.65,41.82,41.5956251007791,2,1,0,6.7
22.33721294128818,71.02032006778192,14.586631569151852,23.13633892233685,0,6,0,31.4
26.83,55.99,70.0,12.87647898065481,0,2,0,9.2
24.62883592787258,73.88751977127728,73.44665846001782,17.314495195131908,2,0,0,5.1
28.762583278361326,63.572345465333,52.20240628239422,44.00471141033449,0,0,0,5.0
27.79985240913618,41.985701455482065,55.481004645306534,34.517504939352804,2,5,0,6.2
30.01703759694144,76.32142324943207,55.223294412117326,47.43944985985478,2,2,0,5.0
35.444649238570584,59.111589016095806,60.402470884734846,40.66597331637428,1,4,0,5.0
29.28,54.61,62.26,30.332267210183783,3,0,0,8.2
21.83008009296889,65.93393308562078,60.97494699493507,31.46816812431307,0,0,0,5.0
32.01662367097608,53.10273758736818,73.81094640811563,36.85979402630217,3,5,0,5.0
27.23,57.63,49.84,4.373842838383435,3,5,0,24.3
33.30125659392385,62.77442483155196,42.96165362357246,42.40145638878051,0,3,0,6.3
29.198164807744313,59.97888667794931,47.351772820651505,14.4560406307304,2,2,0,22.1
25.3976340000845,57.31974758626517,54.76473199983099,16.512790075724155,2,9,0,15.8
32.09157405217364,41.44509264975438,76.4175049270554,15.877126399479758,3,1,0,7.0
30.29284884574577,66.01505168991464,44.53573320281701,18.25220808473441,2,3,0,21.5
33.42,55.21,54.88,31.046788947471697,1,5,0,5.0
22.99270186979017,60.38400945257257,40.92172673124461,39.67693636642773,3,10,0,6.9
31.011060015831045,64.98951934565012,48.021519873351636,47.07484521195227,2,1,0,5.0
24.141942542437874,58.12213691788525,34.51595171247061,40.700079620932314,1,0,0,8.8
33.06,62.0,55.12,48.590611124141404,2,2,0,5.0
31.28,61.86,62.26,26.22704705023767,0,3,0,8.1
24.74774416036987,62.92075057922087,10.783202977850348,33.218526631259564,3,8,0,28.0
29.913392058725286,83.86246021582264,63.39911794160888,16.76011875246565,1,7,0,12.0
28.257084335001725,62.413466161546424,52.51310288729721,40.74739431306583,3,3,0,5.0
40.83626347470149,75.49188319450596,42.415072910060424,33.11808429452277,0,7,0,19.2
20.694025887445036,61.24957367987725,18.943532790645307,48.85916681905982,3,4,0,8.3
33.343876401621884,51.258188766572744,46.08080002045218,37.757890931057595,2,2,0,9.1
28.68000905509231,66.08660582379449,43.455638850157904,44.2805832802519,0,4,0,7.5
43.926863578437974,88.34034358260409,75.64865051388034,48.47674133229533,1,5,0,5.0
29.10935430882029,61.90131840757373,44.48177492225324,21.95315715318979,2,9,0,17.8
29.81821440362762,52.85739425413591,61.52686039651861,32.51535045994726,0,4,0,5.0
27.449703393733326,63.896268474896466,44.80585465458726,47.59403245253066,4,6,0,5.0
23.63664650093645,60.85558345007754,73.79529382618797,34.33513300112486,2,8,0,5.0
29.82,71.87,24.39,42.37630388729613,3,10,0,18.8
23.01,46.97,52.66,38.41526225549373,4,3,0,5.0
26.40949394261311,71.66321012705022,41.76558605413426,45.281349451321354,1,7,0,5.0
24.49191680794339,60.93846655364529,60.59795188423282,48.561439901032756,2,8,0,5.0
29.372770924917145,56.29831040846221,68.1806733187509,8.532199869720273,0,5,0,12.0
26.83,56.77,54.59,11.717066554736894,2,7,0,18.8
29.921952184999316,50.433514955673544,62.30633470500481,31.152450424144135,0,2,0,5.0
25.77116303108401,62.7574928869035,62.81068798996799,45.42989910008272,2,4,0,5.0
32.39401225198295,62.73258652281876,55.53439237654394,48.5618883024482,2,0,0,5.0
32.6,54.47,50.6,39.86288147250597,1,8,0,6.7
26.58,70.19,43.73,28.949892469816312,4,2,0,12.4
33.1,57.5,42.07,19.10913268818733,1,0,0,22.4
29.684070656993224,59.20046084643253,36.17641707980591,30.464228582122995,3,0,0,15.4
34.72,67.85,69.81,6.6013860392873935,2,0,0,20.2
21.75244344862236,48.68566769252798,37.065718084416886,31.667306913250243,2,0,0,13.0
25.12,50.56,52.48,49.13870479288164,4,4,0,5.0
27.1,54.31,64.72,10.433956757860624,4,2,0,13.4
20.62237642037625,82.03409365467752,73.59457252133889,10.871451972992364,1,8,0,5.0
31.465449968731697,51.6935814773336,63.58307375325451,19.845409728671417,2,8,0,7.5
33.12326992085713,76.65514390809864,61.247000687063434,42.09652286470962,3,4,0,5.0
25.03,57.3,62.78,28.26554962591435,3,6,0,5.0
29.3650272176566,54.27238662566621,49.24954873458363,42.361791615597404,3,8,0,5.0
29.65,55.27,57.09,14.487551377352009,0,4,0,13.8
27.67863870723696,66.63382696262566,62.216532264072384,30.81973066655527,4,5,0,5.0
31.656812296240943,55.79321296952867,46.97559216866022,32.8878006772903,2,0,0,11.0
26.81,58.78,49.15,43.09611063573514,1,5,0,5.0
26.81434663518834,50.768251317645664,64.3165734519032,37.22375580824719,3,4,0,5.0
33.47804730100315,69.47934905871101,60.78983337850009,47.228630134009535,1,9,0,5.0
34.136737064944846,54.391619851876136,46.042963041226244,22.036904807377915,1,4,0,17.7
22.320351740851702,89.10565970131847,79.45131103448799,43.45734987913118,3,3,0,5.0
25.813319882805267,62.399489886328944,52.85142984083868,28.50283333592793,0,9,0,8.2
25.05384667324218,45.92137533771006,43.97395731097194,27.9103560001848,2,5,0,13.5
27.169818166580402,50.955140298391186,56.06179496834485,9.517365829178154,1,2,0,14.3
22.55,58.99,43.67,12.544480364452475,2,5,0,24.0
20.315562500502743,44.15055790435952,14.839813618388165,40.32151108724889,0,8,0,15.1
41.663443856371366,59.59683737989389,69.10869317194322,24.597863282080045,1,5,0,8.4
27.086032411399007,70.6549552595463,64.70693736336482,48.967648972146314,1,1,0,5.0
23.902936450308186,52.36164776417302,49.05812614609955,31.18316862836293,1,2,0,8.2
24.81517933377458,37.216271870526796,12.728594270012024,33.83626394042372,2,5,0,24.8
29.39,53.28,40.12,17.05948915983274,2,7,0,22.9
27.723162033171537,40.301707902315535,77.56023442593781,26.174087338348436,2,0,0,5.0
32.18689551271255,54.91932166527037,69.47108041352259,18.266402758049434,1,0,0,7.8
35.09709770450819,70.2936738341562,53.10450053304323,48.116191320844905,0,8,0,5.0
26.181730093712634,55.811608682322515,53.33840532382303,0.6407912308885951,2,5,0,23.9
37.26,67.14,45.88,47.61735694575335,4,5,0,5.0
26.95,62.85,63.53,11.307573807071696,1,5,0,16.8
32.932166160538266,55.703346086235314,55.26585727415053,31.250040991814366,1,5,0,11.2
27.721871987342993,64.19485916653016,42.732578942224436,18.696530679940487,2,10,0,19.5
27.93622261525961,47.685645680957414,64.06692097442004,39.88822065060168,0,0,0,5.0
27.0949258008941,57.1276500572281,67.8365847254847,38.164773874717966,1,2,0,5.0
23.95386931990343,45.87019873368246,64.40368362261593,17.367529505291348,3,9,0,8.8
25.842139108140138,64.76955050601339,70.28654397114092,15.803723835786364,2,9,0,8.5
